{
"type": "FeatureCollection",
"name": "enero_2026_obras_esquinas",
"crs": { "type": "name", "properties": { "name": "urn:ogc:def:crs:OGC:1.3:CRS84" } },
"features": [
{ "type": "Feature", "properties": { "fid": 179, "nom_calle": "AV LEZICA", "cod_depto": 1, "cod_locali": 20, "gid": 139757037.0, "cod_nombre": 3918, "tipo": "AVENIDA", "x": "570078.93434471", "y": "6148594.147661601", "id_geom": "570078.93434_6148594.14766", "layer": "end_point_ejes", "path": "C:/Users/imm/Desktop/Magda/abril/end_point_ejes.gpkg", "id_vertice": 179, "id_geom_num": null, "SOV_Costo Unitario": null, "SOV_Unidad de la Tarea": "m2", "SOV_Nombre Tarea": "BACHEO ASFALTICO SUPERFICIAL", "SOV_Codigo de Tarea": 2, "SOV_Codigo de Calle Ppal.": 3918, "SOV_Descripción Modalidad": "CONTRATO", "SOV_Nombre Proveedor": null, "SOV_Nombre Cuadrilla": null, "SOV_Nombre de Unidad": "MANTENIMIENTO VIAL", "SOV_Codigo de Unidad": 425, "SOV_Costo de la Tarea": null, "SOV_Cantidad de la Tarea": 3.7, "SOV_Agrupador Tarea": 1.02, "SOV_Fecha de la Tarea": "13/01/2026", "SOV_Observaciones": null, "SOV_Plan de Obra": null, "SOV_Fecha Recepcion Definitiva": null, "SOV_Fecha Recepcion Provisoria": null, "SOV_Fecha de Fin": null, "SOV_Fecha de Inicio": "26/05/2025", "SOV_Proveedor": null, "SOV_Responsable": null, "SOV_Cuadrilla": null, "SOV_Unidad": 425, "SOV_Calle Principal": "AV LEZICA", "SOV_CCZ": 12, "SOV_Resolucion": null, "SOV_Contrato": 2077, "SOV_Proyecto": null, "SOV_Modalidad": 1, "SOV_Descripcion de la Obra": null, "SOV_Nro. de Obra (interno)": 91136, "SOV_codigo_esquina": 1209, "SOV_nombre_cruce": "CAACUPE" }, "geometry": { "type": "Point", "coordinates": [ -56.23387016413934, -34.802473018184735 ] } },
{ "type": "Feature", "properties": { "fid": 693, "nom_calle": "BV JOSE BATLLE Y ORDOÑEZ", "cod_depto": 1, "cod_locali": 20, "gid": 146270190.0, "cod_nombre": 4956, "tipo": "BULEVAR", "x": "578597.05920229", "y": "6139345.232992851", "id_geom": "578597.0592_6139345.23299", "layer": "end_point_ejes", "path": "C:/Users/imm/Desktop/Magda/abril/end_point_ejes.gpkg", "id_vertice": 693, "id_geom_num": null, "SOV_Costo Unitario": null, "SOV_Unidad de la Tarea": "m2", "SOV_Nombre Tarea": "BACHEO ASFALTICO SUPERFICIAL", "SOV_Codigo de Tarea": 2, "SOV_Codigo de Calle Ppal.": 4956, "SOV_Descripción Modalidad": "CONTRATO", "SOV_Nombre Proveedor": null, "SOV_Nombre Cuadrilla": null, "SOV_Nombre de Unidad": "MANTENIMIENTO VIAL", "SOV_Codigo de Unidad": 425, "SOV_Costo de la Tarea": null, "SOV_Cantidad de la Tarea": 2.63, "SOV_Agrupador Tarea": 1.02, "SOV_Fecha de la Tarea": "26/01/2026", "SOV_Observaciones": null, "SOV_Plan de Obra": null, "SOV_Fecha Recepcion Definitiva": null, "SOV_Fecha Recepcion Provisoria": null, "SOV_Fecha de Fin": null, "SOV_Fecha de Inicio": "26/05/2025", "SOV_Proveedor": null, "SOV_Responsable": null, "SOV_Cuadrilla": null, "SOV_Unidad": 425, "SOV_Calle Principal": "BATLLE Y ORDOÑEZ BULEVAR JOSE", "SOV_CCZ": 6, "SOV_Resolucion": null, "SOV_Contrato": 2077, "SOV_Proyecto": null, "SOV_Modalidad": 1, "SOV_Descripcion de la Obra": null, "SOV_Nro. de Obra (interno)": 91240, "SOV_codigo_esquina": 702, "SOV_nombre_cruce": "AYUI" }, "geometry": { "type": "Point", "coordinates": [ -56.139888331473983, -34.885245474349155 ] } },
{ "type": "Feature", "properties": { "fid": 1384, "nom_calle": "BV JOSE BATLLE Y ORDOÑEZ", "cod_depto": 1, "cod_locali": 20, "gid": 106148527.0, "cod_nombre": 4956, "tipo": "BULEVAR", "x": "579502.3167529571", "y": "6138470.987366103", "id_geom": "579502.31675_6138470.98737", "layer": "end_point_ejes", "path": "C:/Users/imm/Desktop/Magda/abril/end_point_ejes.gpkg", "id_vertice": 1384, "id_geom_num": null, "SOV_Costo Unitario": null, "SOV_Unidad de la Tarea": "m2", "SOV_Nombre Tarea": "BACHEO ASFALTICO SUPERFICIAL", "SOV_Codigo de Tarea": 2, "SOV_Codigo de Calle Ppal.": 4956, "SOV_Descripción Modalidad": "CONTRATO", "SOV_Nombre Proveedor": null, "SOV_Nombre Cuadrilla": null, "SOV_Nombre de Unidad": "MANTENIMIENTO VIAL", "SOV_Codigo de Unidad": 425, "SOV_Costo de la Tarea": null, "SOV_Cantidad de la Tarea": 2.7, "SOV_Agrupador Tarea": 1.02, "SOV_Fecha de la Tarea": "26/01/2026", "SOV_Observaciones": null, "SOV_Plan de Obra": null, "SOV_Fecha Recepcion Definitiva": null, "SOV_Fecha Recepcion Provisoria": null, "SOV_Fecha de Fin": null, "SOV_Fecha de Inicio": "26/05/2025", "SOV_Proveedor": null, "SOV_Responsable": null, "SOV_Cuadrilla": null, "SOV_Unidad": 425, "SOV_Calle Principal": "BATLLE Y ORDOÑEZ BULEVAR JOSE", "SOV_CCZ": 7, "SOV_Resolucion": null, "SOV_Contrato": 2077, "SOV_Proyecto": null, "SOV_Modalidad": 1, "SOV_Descripcion de la Obra": null, "SOV_Nro. de Obra (interno)": 91241, "SOV_codigo_esquina": 327, "SOV_nombre_cruce": "AV RAMON ANADOR" }, "geometry": { "type": "Point", "coordinates": [ -56.129899727168713, -34.893057677103556 ] } },
{ "type": "Feature", "properties": { "fid": 2089, "nom_calle": "ASILO", "cod_depto": 1, "cod_locali": 20, "gid": 106149238.0, "cod_nombre": 639, "tipo": "CALLE", "x": "578493.4408573181", "y": "6140346.644638835", "id_geom": "578493.44086_6140346.64464", "layer": "end_point_ejes", "path": "C:/Users/imm/Desktop/Magda/abril/end_point_ejes.gpkg", "id_vertice": 2089, "id_geom_num": null, "SOV_Costo Unitario": null, "SOV_Unidad de la Tarea": "m2", "SOV_Nombre Tarea": "BACHEOS EN HORMIGON VISTO", "SOV_Codigo de Tarea": 4, "SOV_Codigo de Calle Ppal.": 7227, "SOV_Descripción Modalidad": "ADMINISTRACION", "SOV_Nombre Proveedor": null, "SOV_Nombre Cuadrilla": "CUADRILLA 8", "SOV_Nombre de Unidad": "MANTENIMIENTO VIAL", "SOV_Codigo de Unidad": 425, "SOV_Costo de la Tarea": null, "SOV_Cantidad de la Tarea": 128.0, "SOV_Agrupador Tarea": 1.04, "SOV_Fecha de la Tarea": "13/01/2026", "SOV_Observaciones": null, "SOV_Plan de Obra": null, "SOV_Fecha Recepcion Definitiva": null, "SOV_Fecha Recepcion Provisoria": null, "SOV_Fecha de Fin": "31/01/2026", "SOV_Fecha de Inicio": "01/01/2026", "SOV_Proveedor": null, "SOV_Responsable": null, "SOV_Cuadrilla": 2.0, "SOV_Unidad": 425, "SOV_Calle Principal": "GDOR VIANA", "SOV_CCZ": 6, "SOV_Resolucion": null, "SOV_Contrato": null, "SOV_Proyecto": null, "SOV_Modalidad": 3, "SOV_Descripcion de la Obra": null, "SOV_Nro. de Obra (interno)": 91388, "SOV_codigo_esquina": 639, "SOV_nombre_cruce": "ASILO" }, "geometry": { "type": "Point", "coordinates": [ -56.141116087704702, -34.876224160278142 ] } },
{ "type": "Feature", "properties": { "fid": 2786, "nom_calle": "BV JOSE BATLLE Y ORDOÑEZ", "cod_depto": 1, "cod_locali": 20, "gid": 106149966.0, "cod_nombre": 4956, "tipo": "BULEVAR", "x": "578099.7030672843", "y": "6139795.1827664375", "id_geom": "578099.70307_6139795.18277", "layer": "end_point_ejes", "path": "C:/Users/imm/Desktop/Magda/abril/end_point_ejes.gpkg", "id_vertice": 2786, "id_geom_num": null, "SOV_Costo Unitario": null, "SOV_Unidad de la Tarea": "m2", "SOV_Nombre Tarea": "BACHEO ASFALTICO SUPERFICIAL", "SOV_Codigo de Tarea": 2, "SOV_Codigo de Calle Ppal.": 4956, "SOV_Descripción Modalidad": "CONTRATO", "SOV_Nombre Proveedor": null, "SOV_Nombre Cuadrilla": null, "SOV_Nombre de Unidad": "MANTENIMIENTO VIAL", "SOV_Codigo de Unidad": 425, "SOV_Costo de la Tarea": null, "SOV_Cantidad de la Tarea": 1.13, "SOV_Agrupador Tarea": 1.02, "SOV_Fecha de la Tarea": "20/01/2026", "SOV_Observaciones": null, "SOV_Plan de Obra": null, "SOV_Fecha Recepcion Definitiva": null, "SOV_Fecha Recepcion Provisoria": null, "SOV_Fecha de Fin": null, "SOV_Fecha de Inicio": "26/05/2025", "SOV_Proveedor": null, "SOV_Responsable": null, "SOV_Cuadrilla": null, "SOV_Unidad": 425, "SOV_Calle Principal": "BATLLE Y ORDOÑEZ BULEVAR JOSE", "SOV_CCZ": 6, "SOV_Resolucion": null, "SOV_Contrato": 2077, "SOV_Proyecto": null, "SOV_Modalidad": 1, "SOV_Descripcion de la Obra": null, "SOV_Nro. de Obra (interno)": 91215, "SOV_codigo_esquina": 2305, "SOV_nombre_cruce": "ANGEL MARIA CUSANO" }, "geometry": { "type": "Point", "coordinates": [ -56.145372516280212, -34.881226836745036 ] } },
{ "type": "Feature", "properties": { "fid": 2895, "nom_calle": "AYUI", "cod_depto": 1, "cod_locali": 20, "gid": 106150077.0, "cod_nombre": 702, "tipo": "CALLE", "x": "578597.0592022936", "y": "6139345.23299285", "id_geom": "578597.0592_6139345.23299", "layer": "end_point_ejes", "path": "C:/Users/imm/Desktop/Magda/abril/end_point_ejes.gpkg", "id_vertice": 2895, "id_geom_num": null, "SOV_Costo Unitario": null, "SOV_Unidad de la Tarea": "m2", "SOV_Nombre Tarea": "BACHEO ASFALTICO SUPERFICIAL", "SOV_Codigo de Tarea": 2, "SOV_Codigo de Calle Ppal.": 4956, "SOV_Descripción Modalidad": "CONTRATO", "SOV_Nombre Proveedor": null, "SOV_Nombre Cuadrilla": null, "SOV_Nombre de Unidad": "MANTENIMIENTO VIAL", "SOV_Codigo de Unidad": 425, "SOV_Costo de la Tarea": null, "SOV_Cantidad de la Tarea": 2.63, "SOV_Agrupador Tarea": 1.02, "SOV_Fecha de la Tarea": "26/01/2026", "SOV_Observaciones": null, "SOV_Plan de Obra": null, "SOV_Fecha Recepcion Definitiva": null, "SOV_Fecha Recepcion Provisoria": null, "SOV_Fecha de Fin": null, "SOV_Fecha de Inicio": "26/05/2025", "SOV_Proveedor": null, "SOV_Responsable": null, "SOV_Cuadrilla": null, "SOV_Unidad": 425, "SOV_Calle Principal": "BATLLE Y ORDOÑEZ BULEVAR JOSE", "SOV_CCZ": 6, "SOV_Resolucion": null, "SOV_Contrato": 2077, "SOV_Proyecto": null, "SOV_Modalidad": 1, "SOV_Descripcion de la Obra": null, "SOV_Nro. de Obra (interno)": 91240, "SOV_codigo_esquina": 702, "SOV_nombre_cruce": "AYUI" }, "geometry": { "type": "Point", "coordinates": [ -56.139888331473948, -34.885245474349162 ] } },
{ "type": "Feature", "properties": { "fid": 3322, "nom_calle": "TIBURCIO GOMEZ", "cod_depto": 1, "cod_locali": 20, "gid": 106150515.0, "cod_nombre": 3087, "tipo": "CALLE", "x": "579030.6263224949", "y": "6137451.0029176725", "id_geom": "579030.62632_6137451.00292", "layer": "end_point_ejes", "path": "C:/Users/imm/Desktop/Magda/abril/end_point_ejes.gpkg", "id_vertice": 3322, "id_geom_num": null, "SOV_Costo Unitario": null, "SOV_Unidad de la Tarea": "m2", "SOV_Nombre Tarea": "BACHEO ASFALTICO SUPERFICIAL", "SOV_Codigo de Tarea": 2, "SOV_Codigo de Calle Ppal.": 3087, "SOV_Descripción Modalidad": "CONTRATO", "SOV_Nombre Proveedor": null, "SOV_Nombre Cuadrilla": null, "SOV_Nombre de Unidad": "MANTENIMIENTO VIAL", "SOV_Codigo de Unidad": 425, "SOV_Costo de la Tarea": null, "SOV_Cantidad de la Tarea": 0.44, "SOV_Agrupador Tarea": 1.02, "SOV_Fecha de la Tarea": "26/01/2026", "SOV_Observaciones": null, "SOV_Plan de Obra": null, "SOV_Fecha Recepcion Definitiva": null, "SOV_Fecha Recepcion Provisoria": null, "SOV_Fecha de Fin": null, "SOV_Fecha de Inicio": "26/05/2025", "SOV_Proveedor": null, "SOV_Responsable": null, "SOV_Cuadrilla": null, "SOV_Unidad": 425, "SOV_Calle Principal": "TIBURCIO GOMEZ", "SOV_CCZ": 5, "SOV_Resolucion": null, "SOV_Contrato": 2077, "SOV_Proyecto": null, "SOV_Modalidad": 1, "SOV_Descripcion de la Obra": null, "SOV_Nro. de Obra (interno)": 91234, "SOV_codigo_esquina": 2876, "SOV_nombre_cruce": "TTE GRAL PABLO GALARZA" }, "geometry": { "type": "Point", "coordinates": [ -56.134965124098606, -34.902291271258079 ] } },
{ "type": "Feature", "properties": { "fid": 3539, "nom_calle": "CARLOS ANAYA", "cod_depto": 1, "cod_locali": 20, "gid": 106150734.0, "cod_nombre": 333, "tipo": "CALLE", "x": "576520.4418438991", "y": "6139133.421546737", "id_geom": "576520.44184_6139133.42155", "layer": "end_point_ejes", "path": "C:/Users/imm/Desktop/Magda/abril/end_point_ejes.gpkg", "id_vertice": 3539, "id_geom_num": null, "SOV_Costo Unitario": null, "SOV_Unidad de la Tarea": "m2", "SOV_Nombre Tarea": "BACHEO ASFALTICO SUPERFICIAL", "SOV_Codigo de Tarea": 2, "SOV_Codigo de Calle Ppal.": 333, "SOV_Descripción Modalidad": "CONTRATO", "SOV_Nombre Proveedor": null, "SOV_Nombre Cuadrilla": null, "SOV_Nombre de Unidad": "MANTENIMIENTO VIAL", "SOV_Codigo de Unidad": 425, "SOV_Costo de la Tarea": null, "SOV_Cantidad de la Tarea": 5.77, "SOV_Agrupador Tarea": 1.02, "SOV_Fecha de la Tarea": "12/01/2026", "SOV_Observaciones": null, "SOV_Plan de Obra": null, "SOV_Fecha Recepcion Definitiva": null, "SOV_Fecha Recepcion Provisoria": null, "SOV_Fecha de Fin": null, "SOV_Fecha de Inicio": "26/05/2025", "SOV_Proveedor": null, "SOV_Responsable": null, "SOV_Cuadrilla": null, "SOV_Unidad": 425, "SOV_Calle Principal": "CARLOS ANAYA", "SOV_CCZ": 4, "SOV_Resolucion": null, "SOV_Contrato": 2077, "SOV_Proyecto": null, "SOV_Modalidad": 1, "SOV_Descripcion de la Obra": null, "SOV_Nro. de Obra (interno)": 91108, "SOV_codigo_esquina": 2949, "SOV_nombre_cruce": "AV GRAL GARIBALDI" }, "geometry": { "type": "Point", "coordinates": [ -56.162591833253252, -34.88731395171245 ] } },
{ "type": "Feature", "properties": { "fid": 3541, "nom_calle": "AV GRAL GARIBALDI", "cod_depto": 1, "cod_locali": 20, "gid": 106150736.0, "cod_nombre": 2949, "tipo": "AVENIDA", "x": "576520.4418438991", "y": "6139133.421546737", "id_geom": "576520.44184_6139133.42155", "layer": "end_point_ejes", "path": "C:/Users/imm/Desktop/Magda/abril/end_point_ejes.gpkg", "id_vertice": 3541, "id_geom_num": null, "SOV_Costo Unitario": null, "SOV_Unidad de la Tarea": "m2", "SOV_Nombre Tarea": "BACHEO ASFALTICO SUPERFICIAL", "SOV_Codigo de Tarea": 2, "SOV_Codigo de Calle Ppal.": 333, "SOV_Descripción Modalidad": "CONTRATO", "SOV_Nombre Proveedor": null, "SOV_Nombre Cuadrilla": null, "SOV_Nombre de Unidad": "MANTENIMIENTO VIAL", "SOV_Codigo de Unidad": 425, "SOV_Costo de la Tarea": null, "SOV_Cantidad de la Tarea": 5.77, "SOV_Agrupador Tarea": 1.02, "SOV_Fecha de la Tarea": "12/01/2026", "SOV_Observaciones": null, "SOV_Plan de Obra": null, "SOV_Fecha Recepcion Definitiva": null, "SOV_Fecha Recepcion Provisoria": null, "SOV_Fecha de Fin": null, "SOV_Fecha de Inicio": "26/05/2025", "SOV_Proveedor": null, "SOV_Responsable": null, "SOV_Cuadrilla": null, "SOV_Unidad": 425, "SOV_Calle Principal": "CARLOS ANAYA", "SOV_CCZ": 4, "SOV_Resolucion": null, "SOV_Contrato": 2077, "SOV_Proyecto": null, "SOV_Modalidad": 1, "SOV_Descripcion de la Obra": null, "SOV_Nro. de Obra (interno)": 91108, "SOV_codigo_esquina": 2949, "SOV_nombre_cruce": "AV GRAL GARIBALDI" }, "geometry": { "type": "Point", "coordinates": [ -56.162591833253252, -34.88731395171245 ] } },
{ "type": "Feature", "properties": { "fid": 3758, "nom_calle": "AV RAMON ANADOR", "cod_depto": 1, "cod_locali": 20, "gid": 106150955.0, "cod_nombre": 327, "tipo": "AVENIDA", "x": "579502.3167529571", "y": "6138470.987366103", "id_geom": "579502.31675_6138470.98737", "layer": "end_point_ejes", "path": "C:/Users/imm/Desktop/Magda/abril/end_point_ejes.gpkg", "id_vertice": 3758, "id_geom_num": null, "SOV_Costo Unitario": null, "SOV_Unidad de la Tarea": "m2", "SOV_Nombre Tarea": "BACHEO ASFALTICO SUPERFICIAL", "SOV_Codigo de Tarea": 2, "SOV_Codigo de Calle Ppal.": 4956, "SOV_Descripción Modalidad": "CONTRATO", "SOV_Nombre Proveedor": null, "SOV_Nombre Cuadrilla": null, "SOV_Nombre de Unidad": "MANTENIMIENTO VIAL", "SOV_Codigo de Unidad": 425, "SOV_Costo de la Tarea": null, "SOV_Cantidad de la Tarea": 2.7, "SOV_Agrupador Tarea": 1.02, "SOV_Fecha de la Tarea": "26/01/2026", "SOV_Observaciones": null, "SOV_Plan de Obra": null, "SOV_Fecha Recepcion Definitiva": null, "SOV_Fecha Recepcion Provisoria": null, "SOV_Fecha de Fin": null, "SOV_Fecha de Inicio": "26/05/2025", "SOV_Proveedor": null, "SOV_Responsable": null, "SOV_Cuadrilla": null, "SOV_Unidad": 425, "SOV_Calle Principal": "BATLLE Y ORDOÑEZ BULEVAR JOSE", "SOV_CCZ": 7, "SOV_Resolucion": null, "SOV_Contrato": 2077, "SOV_Proyecto": null, "SOV_Modalidad": 1, "SOV_Descripcion de la Obra": null, "SOV_Nro. de Obra (interno)": 91241, "SOV_codigo_esquina": 327, "SOV_nombre_cruce": "AV RAMON ANADOR" }, "geometry": { "type": "Point", "coordinates": [ -56.129899727168713, -34.893057677103556 ] } },
{ "type": "Feature", "properties": { "fid": 3852, "nom_calle": "MAGARIÑOS CERVANTES", "cod_depto": 1, "cod_locali": 20, "gid": 106151052.0, "cod_nombre": 1836, "tipo": "CALLE", "x": "578404.7356335103", "y": "6139173.471170484", "id_geom": "578404.73563_6139173.47117", "layer": "end_point_ejes", "path": "C:/Users/imm/Desktop/Magda/abril/end_point_ejes.gpkg", "id_vertice": 3852, "id_geom_num": null, "SOV_Costo Unitario": null, "SOV_Unidad de la Tarea": "m2", "SOV_Nombre Tarea": "VEREDAS", "SOV_Codigo de Tarea": 35, "SOV_Codigo de Calle Ppal.": 3564, "SOV_Descripción Modalidad": "ADMINISTRACION", "SOV_Nombre Proveedor": null, "SOV_Nombre Cuadrilla": "CUADRILLA 8", "SOV_Nombre de Unidad": "MANTENIMIENTO VIAL", "SOV_Codigo de Unidad": 425, "SOV_Costo de la Tarea": null, "SOV_Cantidad de la Tarea": 5.5, "SOV_Agrupador Tarea": 10.01, "SOV_Fecha de la Tarea": "07/01/2026", "SOV_Observaciones": null, "SOV_Plan de Obra": null, "SOV_Fecha Recepcion Definitiva": null, "SOV_Fecha Recepcion Provisoria": null, "SOV_Fecha de Fin": "31/01/2026", "SOV_Fecha de Inicio": "01/01/2026", "SOV_Proveedor": null, "SOV_Responsable": null, "SOV_Cuadrilla": 2.0, "SOV_Unidad": 425, "SOV_Calle Principal": "AV ITALIA", "SOV_CCZ": 6, "SOV_Resolucion": null, "SOV_Contrato": null, "SOV_Proyecto": null, "SOV_Modalidad": 3, "SOV_Descripcion de la Obra": null, "SOV_Nro. de Obra (interno)": 91392, "SOV_codigo_esquina": 1836, "SOV_nombre_cruce": "MAGARIÑOS CERVANTES" }, "geometry": { "type": "Point", "coordinates": [ -56.141976678707749, -34.886809052986315 ] } },
{ "type": "Feature", "properties": { "fid": 3871, "nom_calle": "TTE GRAL PABLO GALARZA", "cod_depto": 1, "cod_locali": 20, "gid": 106151071.0, "cod_nombre": 2876, "tipo": "CALLE", "x": "579030.6263224949", "y": "6137451.0029176725", "id_geom": "579030.62632_6137451.00292", "layer": "end_point_ejes", "path": "C:/Users/imm/Desktop/Magda/abril/end_point_ejes.gpkg", "id_vertice": 3871, "id_geom_num": null, "SOV_Costo Unitario": null, "SOV_Unidad de la Tarea": "m2", "SOV_Nombre Tarea": "BACHEO ASFALTICO SUPERFICIAL", "SOV_Codigo de Tarea": 2, "SOV_Codigo de Calle Ppal.": 3087, "SOV_Descripción Modalidad": "CONTRATO", "SOV_Nombre Proveedor": null, "SOV_Nombre Cuadrilla": null, "SOV_Nombre de Unidad": "MANTENIMIENTO VIAL", "SOV_Codigo de Unidad": 425, "SOV_Costo de la Tarea": null, "SOV_Cantidad de la Tarea": 0.44, "SOV_Agrupador Tarea": 1.02, "SOV_Fecha de la Tarea": "26/01/2026", "SOV_Observaciones": null, "SOV_Plan de Obra": null, "SOV_Fecha Recepcion Definitiva": null, "SOV_Fecha Recepcion Provisoria": null, "SOV_Fecha de Fin": null, "SOV_Fecha de Inicio": "26/05/2025", "SOV_Proveedor": null, "SOV_Responsable": null, "SOV_Cuadrilla": null, "SOV_Unidad": 425, "SOV_Calle Principal": "TIBURCIO GOMEZ", "SOV_CCZ": 5, "SOV_Resolucion": null, "SOV_Contrato": 2077, "SOV_Proyecto": null, "SOV_Modalidad": 1, "SOV_Descripcion de la Obra": null, "SOV_Nro. de Obra (interno)": 91234, "SOV_codigo_esquina": 2876, "SOV_nombre_cruce": "TTE GRAL PABLO GALARZA" }, "geometry": { "type": "Point", "coordinates": [ -56.134965124098606, -34.902291271258079 ] } },
{ "type": "Feature", "properties": { "fid": 4178, "nom_calle": "DR AUGUSTO TURENNE", "cod_depto": 1, "cod_locali": 20, "gid": 106151370.0, "cod_nombre": 7002, "tipo": "CALLE", "x": "578099.7030672843", "y": "6139795.1827664375", "id_geom": "578099.70307_6139795.18277", "layer": "end_point_ejes", "path": "C:/Users/imm/Desktop/Magda/abril/end_point_ejes.gpkg", "id_vertice": 4178, "id_geom_num": null, "SOV_Costo Unitario": null, "SOV_Unidad de la Tarea": "m2", "SOV_Nombre Tarea": "BACHEO ASFALTICO SUPERFICIAL", "SOV_Codigo de Tarea": 2, "SOV_Codigo de Calle Ppal.": 4956, "SOV_Descripción Modalidad": "CONTRATO", "SOV_Nombre Proveedor": null, "SOV_Nombre Cuadrilla": null, "SOV_Nombre de Unidad": "MANTENIMIENTO VIAL", "SOV_Codigo de Unidad": 425, "SOV_Costo de la Tarea": null, "SOV_Cantidad de la Tarea": 1.13, "SOV_Agrupador Tarea": 1.02, "SOV_Fecha de la Tarea": "20/01/2026", "SOV_Observaciones": null, "SOV_Plan de Obra": null, "SOV_Fecha Recepcion Definitiva": null, "SOV_Fecha Recepcion Provisoria": null, "SOV_Fecha de Fin": null, "SOV_Fecha de Inicio": "26/05/2025", "SOV_Proveedor": null, "SOV_Responsable": null, "SOV_Cuadrilla": null, "SOV_Unidad": 425, "SOV_Calle Principal": "BATLLE Y ORDOÑEZ BULEVAR JOSE", "SOV_CCZ": 6, "SOV_Resolucion": null, "SOV_Contrato": 2077, "SOV_Proyecto": null, "SOV_Modalidad": 1, "SOV_Descripcion de la Obra": null, "SOV_Nro. de Obra (interno)": 91215, "SOV_codigo_esquina": 2305, "SOV_nombre_cruce": "ANGEL MARIA CUSANO" }, "geometry": { "type": "Point", "coordinates": [ -56.145372516280212, -34.881226836745036 ] } },
{ "type": "Feature", "properties": { "fid": 4183, "nom_calle": "BV JOSE BATLLE Y ORDOÑEZ", "cod_depto": 1, "cod_locali": 20, "gid": 106151375.0, "cod_nombre": 4956, "tipo": "BULEVAR", "x": "579502.3167529571", "y": "6138470.987366103", "id_geom": "579502.31675_6138470.98737", "layer": "end_point_ejes", "path": "C:/Users/imm/Desktop/Magda/abril/end_point_ejes.gpkg", "id_vertice": 4183, "id_geom_num": null, "SOV_Costo Unitario": null, "SOV_Unidad de la Tarea": "m2", "SOV_Nombre Tarea": "BACHEO ASFALTICO SUPERFICIAL", "SOV_Codigo de Tarea": 2, "SOV_Codigo de Calle Ppal.": 4956, "SOV_Descripción Modalidad": "CONTRATO", "SOV_Nombre Proveedor": null, "SOV_Nombre Cuadrilla": null, "SOV_Nombre de Unidad": "MANTENIMIENTO VIAL", "SOV_Codigo de Unidad": 425, "SOV_Costo de la Tarea": null, "SOV_Cantidad de la Tarea": 2.7, "SOV_Agrupador Tarea": 1.02, "SOV_Fecha de la Tarea": "26/01/2026", "SOV_Observaciones": null, "SOV_Plan de Obra": null, "SOV_Fecha Recepcion Definitiva": null, "SOV_Fecha Recepcion Provisoria": null, "SOV_Fecha de Fin": null, "SOV_Fecha de Inicio": "26/05/2025", "SOV_Proveedor": null, "SOV_Responsable": null, "SOV_Cuadrilla": null, "SOV_Unidad": 425, "SOV_Calle Principal": "BATLLE Y ORDOÑEZ BULEVAR JOSE", "SOV_CCZ": 7, "SOV_Resolucion": null, "SOV_Contrato": 2077, "SOV_Proyecto": null, "SOV_Modalidad": 1, "SOV_Descripcion de la Obra": null, "SOV_Nro. de Obra (interno)": 91241, "SOV_codigo_esquina": 327, "SOV_nombre_cruce": "AV RAMON ANADOR" }, "geometry": { "type": "Point", "coordinates": [ -56.129899727168713, -34.893057677103556 ] } },
{ "type": "Feature", "properties": { "fid": 4878, "nom_calle": "AV ITALIA", "cod_depto": 1, "cod_locali": 20, "gid": 106152099.0, "cod_nombre": 3564, "tipo": "AVENIDA", "x": "576411.1291936802", "y": "6138340.276825981", "id_geom": "576411.12919_6138340.27683", "layer": "end_point_ejes", "path": "C:/Users/imm/Desktop/Magda/abril/end_point_ejes.gpkg", "id_vertice": 4878, "id_geom_num": null, "SOV_Costo Unitario": null, "SOV_Unidad de la Tarea": "m2", "SOV_Nombre Tarea": "BACHEO ASFALTICO SUPERFICIAL", "SOV_Codigo de Tarea": 2, "SOV_Codigo de Calle Ppal.": 3564, "SOV_Descripción Modalidad": "CONTRATO", "SOV_Nombre Proveedor": null, "SOV_Nombre Cuadrilla": null, "SOV_Nombre de Unidad": "MANTENIMIENTO VIAL", "SOV_Codigo de Unidad": 425, "SOV_Costo de la Tarea": null, "SOV_Cantidad de la Tarea": 5.9, "SOV_Agrupador Tarea": 1.02, "SOV_Fecha de la Tarea": "22/01/2026", "SOV_Observaciones": null, "SOV_Plan de Obra": null, "SOV_Fecha Recepcion Definitiva": null, "SOV_Fecha Recepcion Provisoria": null, "SOV_Fecha de Fin": null, "SOV_Fecha de Inicio": "26/05/2025", "SOV_Proveedor": null, "SOV_Responsable": null, "SOV_Cuadrilla": null, "SOV_Unidad": 425, "SOV_Calle Principal": "AV ITALIA", "SOV_CCZ": 4, "SOV_Resolucion": null, "SOV_Contrato": 2077, "SOV_Proyecto": null, "SOV_Modalidad": 1, "SOV_Descripcion de la Obra": null, "SOV_Nro. de Obra (interno)": 91205, "SOV_codigo_esquina": 4566, "SOV_nombre_cruce": "MORALES" }, "geometry": { "type": "Point", "coordinates": [ -56.16371552554952, -34.894473686737712 ] } },
{ "type": "Feature", "properties": { "fid": 5096, "nom_calle": "AV JOSE PEDRO VARELA", "cod_depto": 1, "cod_locali": 20, "gid": 106152313.0, "cod_nombre": 7119, "tipo": "AVENIDA", "x": "576535.4964878305", "y": "6141264.4211996095", "id_geom": "576535.49649_6141264.4212", "layer": "end_point_ejes", "path": "C:/Users/imm/Desktop/Magda/abril/end_point_ejes.gpkg", "id_vertice": 5096, "id_geom_num": null, "SOV_Costo Unitario": null, "SOV_Unidad de la Tarea": "m2", "SOV_Nombre Tarea": "BACHEO ASFALTICO SUPERFICIAL", "SOV_Codigo de Tarea": 2, "SOV_Codigo de Calle Ppal.": 4956, "SOV_Descripción Modalidad": "CONTRATO", "SOV_Nombre Proveedor": null, "SOV_Nombre Cuadrilla": null, "SOV_Nombre de Unidad": "MANTENIMIENTO VIAL", "SOV_Codigo de Unidad": 425, "SOV_Costo de la Tarea": null, "SOV_Cantidad de la Tarea": 2.16, "SOV_Agrupador Tarea": 1.02, "SOV_Fecha de la Tarea": "20/01/2026", "SOV_Observaciones": null, "SOV_Plan de Obra": null, "SOV_Fecha Recepcion Definitiva": null, "SOV_Fecha Recepcion Provisoria": null, "SOV_Fecha de Fin": null, "SOV_Fecha de Inicio": "26/05/2025", "SOV_Proveedor": null, "SOV_Responsable": null, "SOV_Cuadrilla": null, "SOV_Unidad": 425, "SOV_Calle Principal": "BATLLE Y ORDOÑEZ BULEVAR JOSE", "SOV_CCZ": 3, "SOV_Resolucion": null, "SOV_Contrato": 2077, "SOV_Proyecto": null, "SOV_Modalidad": 1, "SOV_Descripcion de la Obra": null, "SOV_Nro. de Obra (interno)": 91214, "SOV_codigo_esquina": 7119, "SOV_nombre_cruce": "AV JOSE PEDRO VARELA" }, "geometry": { "type": "Point", "coordinates": [ -56.16262199017013, -34.868098323134596 ] } },
{ "type": "Feature", "properties": { "fid": 5149, "nom_calle": "BV JOSE BATLLE Y ORDOÑEZ", "cod_depto": 1, "cod_locali": 20, "gid": 106152378.0, "cod_nombre": 4956, "tipo": "BULEVAR", "x": "576535.4964878305", "y": "6141264.4211996095", "id_geom": "576535.49649_6141264.4212", "layer": "end_point_ejes", "path": "C:/Users/imm/Desktop/Magda/abril/end_point_ejes.gpkg", "id_vertice": 5149, "id_geom_num": null, "SOV_Costo Unitario": null, "SOV_Unidad de la Tarea": "m2", "SOV_Nombre Tarea": "BACHEO ASFALTICO SUPERFICIAL", "SOV_Codigo de Tarea": 2, "SOV_Codigo de Calle Ppal.": 4956, "SOV_Descripción Modalidad": "CONTRATO", "SOV_Nombre Proveedor": null, "SOV_Nombre Cuadrilla": null, "SOV_Nombre de Unidad": "MANTENIMIENTO VIAL", "SOV_Codigo de Unidad": 425, "SOV_Costo de la Tarea": null, "SOV_Cantidad de la Tarea": 2.16, "SOV_Agrupador Tarea": 1.02, "SOV_Fecha de la Tarea": "20/01/2026", "SOV_Observaciones": null, "SOV_Plan de Obra": null, "SOV_Fecha Recepcion Definitiva": null, "SOV_Fecha Recepcion Provisoria": null, "SOV_Fecha de Fin": null, "SOV_Fecha de Inicio": "26/05/2025", "SOV_Proveedor": null, "SOV_Responsable": null, "SOV_Cuadrilla": null, "SOV_Unidad": 425, "SOV_Calle Principal": "BATLLE Y ORDOÑEZ BULEVAR JOSE", "SOV_CCZ": 3, "SOV_Resolucion": null, "SOV_Contrato": 2077, "SOV_Proyecto": null, "SOV_Modalidad": 1, "SOV_Descripcion de la Obra": null, "SOV_Nro. de Obra (interno)": 91214, "SOV_codigo_esquina": 7119, "SOV_nombre_cruce": "AV JOSE PEDRO VARELA" }, "geometry": { "type": "Point", "coordinates": [ -56.16262199017013, -34.868098323134596 ] } },
{ "type": "Feature", "properties": { "fid": 5331, "nom_calle": "GDOR VIANA", "cod_depto": 1, "cod_locali": 20, "gid": 106152563.0, "cod_nombre": 7227, "tipo": "CALLE", "x": "578493.4408573181", "y": "6140346.644638835", "id_geom": "578493.44086_6140346.64464", "layer": "end_point_ejes", "path": "C:/Users/imm/Desktop/Magda/abril/end_point_ejes.gpkg", "id_vertice": 5331, "id_geom_num": null, "SOV_Costo Unitario": null, "SOV_Unidad de la Tarea": "m2", "SOV_Nombre Tarea": "BACHEOS EN HORMIGON VISTO", "SOV_Codigo de Tarea": 4, "SOV_Codigo de Calle Ppal.": 7227, "SOV_Descripción Modalidad": "ADMINISTRACION", "SOV_Nombre Proveedor": null, "SOV_Nombre Cuadrilla": "CUADRILLA 8", "SOV_Nombre de Unidad": "MANTENIMIENTO VIAL", "SOV_Codigo de Unidad": 425, "SOV_Costo de la Tarea": null, "SOV_Cantidad de la Tarea": 128.0, "SOV_Agrupador Tarea": 1.04, "SOV_Fecha de la Tarea": "13/01/2026", "SOV_Observaciones": null, "SOV_Plan de Obra": null, "SOV_Fecha Recepcion Definitiva": null, "SOV_Fecha Recepcion Provisoria": null, "SOV_Fecha de Fin": "31/01/2026", "SOV_Fecha de Inicio": "01/01/2026", "SOV_Proveedor": null, "SOV_Responsable": null, "SOV_Cuadrilla": 2.0, "SOV_Unidad": 425, "SOV_Calle Principal": "GDOR VIANA", "SOV_CCZ": 6, "SOV_Resolucion": null, "SOV_Contrato": null, "SOV_Proyecto": null, "SOV_Modalidad": 3, "SOV_Descripcion de la Obra": null, "SOV_Nro. de Obra (interno)": 91388, "SOV_codigo_esquina": 639, "SOV_nombre_cruce": "ASILO" }, "geometry": { "type": "Point", "coordinates": [ -56.141116087704702, -34.876224160278142 ] } },
{ "type": "Feature", "properties": { "fid": 6998, "nom_calle": "GABOTO", "cod_depto": 1, "cod_locali": 20, "gid": 106154298.0, "cod_nombre": 2853, "tipo": "CALLE", "x": "575093.2336019635", "y": "6137326.62171182", "id_geom": "575093.2336_6137326.62171", "layer": "end_point_ejes", "path": "C:/Users/imm/Desktop/Magda/abril/end_point_ejes.gpkg", "id_vertice": 6998, "id_geom_num": null, "SOV_Costo Unitario": null, "SOV_Unidad de la Tarea": "m2", "SOV_Nombre Tarea": "BACHEO ASFALTICO SUPERFICIAL", "SOV_Codigo de Tarea": 2, "SOV_Codigo de Calle Ppal.": 3219, "SOV_Descripción Modalidad": "CONTRATO", "SOV_Nombre Proveedor": null, "SOV_Nombre Cuadrilla": null, "SOV_Nombre de Unidad": "MANTENIMIENTO VIAL", "SOV_Codigo de Unidad": 425, "SOV_Costo de la Tarea": null, "SOV_Cantidad de la Tarea": 3.93, "SOV_Agrupador Tarea": 1.02, "SOV_Fecha de la Tarea": "19/01/2026", "SOV_Observaciones": null, "SOV_Plan de Obra": null, "SOV_Fecha Recepcion Definitiva": null, "SOV_Fecha Recepcion Provisoria": null, "SOV_Fecha de Fin": null, "SOV_Fecha de Inicio": "26/05/2025", "SOV_Proveedor": null, "SOV_Responsable": null, "SOV_Cuadrilla": null, "SOV_Unidad": 425, "SOV_Calle Principal": "GUAYABOS", "SOV_CCZ": 2, "SOV_Resolucion": null, "SOV_Contrato": 2077, "SOV_Proyecto": null, "SOV_Modalidad": 1, "SOV_Descripcion de la Obra": null, "SOV_Nro. de Obra (interno)": 91179, "SOV_codigo_esquina": 2853, "SOV_nombre_cruce": "GABOTO" }, "geometry": { "type": "Point", "coordinates": [ -56.178046901468392, -34.903711843997925 ] } },
{ "type": "Feature", "properties": { "fid": 7168, "nom_calle": "GUAYABOS", "cod_depto": 1, "cod_locali": 20, "gid": 106154478.0, "cod_nombre": 3219, "tipo": "CALLE", "x": "575093.2336019635", "y": "6137326.62171182", "id_geom": "575093.2336_6137326.62171", "layer": "end_point_ejes", "path": "C:/Users/imm/Desktop/Magda/abril/end_point_ejes.gpkg", "id_vertice": 7168, "id_geom_num": null, "SOV_Costo Unitario": null, "SOV_Unidad de la Tarea": "m2", "SOV_Nombre Tarea": "BACHEO ASFALTICO SUPERFICIAL", "SOV_Codigo de Tarea": 2, "SOV_Codigo de Calle Ppal.": 3219, "SOV_Descripción Modalidad": "CONTRATO", "SOV_Nombre Proveedor": null, "SOV_Nombre Cuadrilla": null, "SOV_Nombre de Unidad": "MANTENIMIENTO VIAL", "SOV_Codigo de Unidad": 425, "SOV_Costo de la Tarea": null, "SOV_Cantidad de la Tarea": 3.93, "SOV_Agrupador Tarea": 1.02, "SOV_Fecha de la Tarea": "19/01/2026", "SOV_Observaciones": null, "SOV_Plan de Obra": null, "SOV_Fecha Recepcion Definitiva": null, "SOV_Fecha Recepcion Provisoria": null, "SOV_Fecha de Fin": null, "SOV_Fecha de Inicio": "26/05/2025", "SOV_Proveedor": null, "SOV_Responsable": null, "SOV_Cuadrilla": null, "SOV_Unidad": 425, "SOV_Calle Principal": "GUAYABOS", "SOV_CCZ": 2, "SOV_Resolucion": null, "SOV_Contrato": 2077, "SOV_Proyecto": null, "SOV_Modalidad": 1, "SOV_Descripcion de la Obra": null, "SOV_Nro. de Obra (interno)": 91179, "SOV_codigo_esquina": 2853, "SOV_nombre_cruce": "GABOTO" }, "geometry": { "type": "Point", "coordinates": [ -56.178046901468392, -34.903711843997925 ] } },
{ "type": "Feature", "properties": { "fid": 7181, "nom_calle": "MERCEDES", "cod_depto": 1, "cod_locali": 20, "gid": 106154491.0, "cod_nombre": 4404, "tipo": "CALLE", "x": "574957.3010004754", "y": "6137604.229401371", "id_geom": "574957.301_6137604.2294", "layer": "end_point_ejes", "path": "C:/Users/imm/Desktop/Magda/abril/end_point_ejes.gpkg", "id_vertice": 7181, "id_geom_num": null, "SOV_Costo Unitario": null, "SOV_Unidad de la Tarea": "m2", "SOV_Nombre Tarea": "BACHEO ASFALTICO SUPERFICIAL", "SOV_Codigo de Tarea": 2, "SOV_Codigo de Calle Ppal.": 4404, "SOV_Descripción Modalidad": "CONTRATO", "SOV_Nombre Proveedor": null, "SOV_Nombre Cuadrilla": null, "SOV_Nombre de Unidad": "MANTENIMIENTO VIAL", "SOV_Codigo de Unidad": 425, "SOV_Costo de la Tarea": null, "SOV_Cantidad de la Tarea": 2.88, "SOV_Agrupador Tarea": 1.02, "SOV_Fecha de la Tarea": "19/01/2026", "SOV_Observaciones": null, "SOV_Plan de Obra": null, "SOV_Fecha Recepcion Definitiva": null, "SOV_Fecha Recepcion Provisoria": null, "SOV_Fecha de Fin": null, "SOV_Fecha de Inicio": "26/05/2025", "SOV_Proveedor": null, "SOV_Responsable": null, "SOV_Cuadrilla": null, "SOV_Unidad": 425, "SOV_Calle Principal": "MERCEDES", "SOV_CCZ": 2, "SOV_Resolucion": null, "SOV_Contrato": 2077, "SOV_Proyecto": null, "SOV_Modalidad": 1, "SOV_Descripcion de la Obra": null, "SOV_Nro. de Obra (interno)": 91209, "SOV_codigo_esquina": 2853, "SOV_nombre_cruce": "GABOTO" }, "geometry": { "type": "Point", "coordinates": [ -56.179559548541839, -34.901218802590613 ] } },
{ "type": "Feature", "properties": { "fid": 7659, "nom_calle": "GABOTO", "cod_depto": 1, "cod_locali": 20, "gid": 106154969.0, "cod_nombre": 2853, "tipo": "CALLE", "x": "574957.3010004754", "y": "6137604.229401371", "id_geom": "574957.301_6137604.2294", "layer": "end_point_ejes", "path": "C:/Users/imm/Desktop/Magda/abril/end_point_ejes.gpkg", "id_vertice": 7659, "id_geom_num": null, "SOV_Costo Unitario": null, "SOV_Unidad de la Tarea": "m2", "SOV_Nombre Tarea": "BACHEO ASFALTICO SUPERFICIAL", "SOV_Codigo de Tarea": 2, "SOV_Codigo de Calle Ppal.": 4404, "SOV_Descripción Modalidad": "CONTRATO", "SOV_Nombre Proveedor": null, "SOV_Nombre Cuadrilla": null, "SOV_Nombre de Unidad": "MANTENIMIENTO VIAL", "SOV_Codigo de Unidad": 425, "SOV_Costo de la Tarea": null, "SOV_Cantidad de la Tarea": 2.88, "SOV_Agrupador Tarea": 1.02, "SOV_Fecha de la Tarea": "19/01/2026", "SOV_Observaciones": null, "SOV_Plan de Obra": null, "SOV_Fecha Recepcion Definitiva": null, "SOV_Fecha Recepcion Provisoria": null, "SOV_Fecha de Fin": null, "SOV_Fecha de Inicio": "26/05/2025", "SOV_Proveedor": null, "SOV_Responsable": null, "SOV_Cuadrilla": null, "SOV_Unidad": 425, "SOV_Calle Principal": "MERCEDES", "SOV_CCZ": 2, "SOV_Resolucion": null, "SOV_Contrato": 2077, "SOV_Proyecto": null, "SOV_Modalidad": 1, "SOV_Descripcion de la Obra": null, "SOV_Nro. de Obra (interno)": 91209, "SOV_codigo_esquina": 2853, "SOV_nombre_cruce": "GABOTO" }, "geometry": { "type": "Point", "coordinates": [ -56.179559548541839, -34.901218802590613 ] } },
{ "type": "Feature", "properties": { "fid": 8950, "nom_calle": "RBLA TOMAS BERRETA", "cod_depto": 1, "cod_locali": 20, "gid": 106156291.0, "cod_nombre": 957, "tipo": "RAMBLA", "x": "588165.9824054166", "y": "6139612.975635133", "id_geom": "588165.98241_6139612.97564", "layer": "end_point_ejes", "path": "C:/Users/imm/Desktop/Magda/abril/end_point_ejes.gpkg", "id_vertice": 8950, "id_geom_num": null, "SOV_Costo Unitario": null, "SOV_Unidad de la Tarea": "m2", "SOV_Nombre Tarea": "BACHEO ASFALTICO SUPERFICIAL", "SOV_Codigo de Tarea": 2, "SOV_Codigo de Calle Ppal.": 957, "SOV_Descripción Modalidad": "CONTRATO", "SOV_Nombre Proveedor": null, "SOV_Nombre Cuadrilla": null, "SOV_Nombre de Unidad": "MANTENIMIENTO VIAL", "SOV_Codigo de Unidad": 425, "SOV_Costo de la Tarea": null, "SOV_Cantidad de la Tarea": 1.16, "SOV_Agrupador Tarea": 1.02, "SOV_Fecha de la Tarea": "26/01/2026", "SOV_Observaciones": null, "SOV_Plan de Obra": null, "SOV_Fecha Recepcion Definitiva": null, "SOV_Fecha Recepcion Provisoria": null, "SOV_Fecha de Fin": null, "SOV_Fecha de Inicio": "26/05/2025", "SOV_Proveedor": null, "SOV_Responsable": null, "SOV_Cuadrilla": null, "SOV_Unidad": 425, "SOV_Calle Principal": "BERRETA RAMBLA TOMAS", "SOV_CCZ": 8, "SOV_Resolucion": null, "SOV_Contrato": 2077, "SOV_Proyecto": null, "SOV_Modalidad": 1, "SOV_Descripcion de la Obra": null, "SOV_Nro. de Obra (interno)": 91248, "SOV_codigo_esquina": 780, "SOV_nombre_cruce": "RAFAEL BARRADAS" }, "geometry": { "type": "Point", "coordinates": [ -56.03521334301459, -34.882045509973004 ] } },
{ "type": "Feature", "properties": { "fid": 8951, "nom_calle": "RAFAEL BARRADAS", "cod_depto": 1, "cod_locali": 20, "gid": 106156292.0, "cod_nombre": 780, "tipo": "AVENIDA", "x": "588165.9824054166", "y": "6139612.975635133", "id_geom": "588165.98241_6139612.97564", "layer": "end_point_ejes", "path": "C:/Users/imm/Desktop/Magda/abril/end_point_ejes.gpkg", "id_vertice": 8951, "id_geom_num": null, "SOV_Costo Unitario": null, "SOV_Unidad de la Tarea": "m2", "SOV_Nombre Tarea": "BACHEO ASFALTICO SUPERFICIAL", "SOV_Codigo de Tarea": 2, "SOV_Codigo de Calle Ppal.": 957, "SOV_Descripción Modalidad": "CONTRATO", "SOV_Nombre Proveedor": null, "SOV_Nombre Cuadrilla": null, "SOV_Nombre de Unidad": "MANTENIMIENTO VIAL", "SOV_Codigo de Unidad": 425, "SOV_Costo de la Tarea": null, "SOV_Cantidad de la Tarea": 1.16, "SOV_Agrupador Tarea": 1.02, "SOV_Fecha de la Tarea": "26/01/2026", "SOV_Observaciones": null, "SOV_Plan de Obra": null, "SOV_Fecha Recepcion Definitiva": null, "SOV_Fecha Recepcion Provisoria": null, "SOV_Fecha de Fin": null, "SOV_Fecha de Inicio": "26/05/2025", "SOV_Proveedor": null, "SOV_Responsable": null, "SOV_Cuadrilla": null, "SOV_Unidad": 425, "SOV_Calle Principal": "BERRETA RAMBLA TOMAS", "SOV_CCZ": 8, "SOV_Resolucion": null, "SOV_Contrato": 2077, "SOV_Proyecto": null, "SOV_Modalidad": 1, "SOV_Descripcion de la Obra": null, "SOV_Nro. de Obra (interno)": 91248, "SOV_codigo_esquina": 780, "SOV_nombre_cruce": "RAFAEL BARRADAS" }, "geometry": { "type": "Point", "coordinates": [ -56.03521334301459, -34.882045509973004 ] } },
{ "type": "Feature", "properties": { "fid": 9302, "nom_calle": "LORD PONSOMBY", "cod_depto": 1, "cod_locali": 20, "gid": 106156667.0, "cod_nombre": 5619, "tipo": "CALLE", "x": "576833.7241688295", "y": "6138118.92949723", "id_geom": "576833.72417_6138118.9295", "layer": "end_point_ejes", "path": "C:/Users/imm/Desktop/Magda/abril/end_point_ejes.gpkg", "id_vertice": 9302, "id_geom_num": null, "SOV_Costo Unitario": null, "SOV_Unidad de la Tarea": "m2", "SOV_Nombre Tarea": "BACHEO ASFALTICO SUPERFICIAL", "SOV_Codigo de Tarea": 2, "SOV_Codigo de Calle Ppal.": 5619, "SOV_Descripción Modalidad": "CONTRATO", "SOV_Nombre Proveedor": null, "SOV_Nombre Cuadrilla": null, "SOV_Nombre de Unidad": "MANTENIMIENTO VIAL", "SOV_Codigo de Unidad": 425, "SOV_Costo de la Tarea": null, "SOV_Cantidad de la Tarea": 1.28, "SOV_Agrupador Tarea": 1.02, "SOV_Fecha de la Tarea": "22/01/2026", "SOV_Observaciones": null, "SOV_Plan de Obra": null, "SOV_Fecha Recepcion Definitiva": null, "SOV_Fecha Recepcion Provisoria": null, "SOV_Fecha de Fin": null, "SOV_Fecha de Inicio": "26/05/2025", "SOV_Proveedor": null, "SOV_Responsable": null, "SOV_Cuadrilla": null, "SOV_Unidad": 425, "SOV_Calle Principal": "PONSOMBY LORD", "SOV_CCZ": 5, "SOV_Resolucion": null, "SOV_Contrato": 2077, "SOV_Proyecto": null, "SOV_Modalidad": 1, "SOV_Descripcion de la Obra": null, "SOV_Nro. de Obra (interno)": 91206, "SOV_codigo_esquina": 5973, "SOV_nombre_cruce": "RICALDONI AVENIDA DR. AMERICO" }, "geometry": { "type": "Point", "coordinates": [ -56.159070519312685, -34.896437585816834 ] } },
{ "type": "Feature", "properties": { "fid": 9628, "nom_calle": "AV AGRACIADA", "cod_depto": 1, "cod_locali": 20, "gid": 106157015.0, "cod_nombre": 126, "tipo": "AVENIDA", "x": "572914.2179599546", "y": "6140835.92178885", "id_geom": "572914.21796_6140835.92179", "layer": "end_point_ejes", "path": "C:/Users/imm/Desktop/Magda/abril/end_point_ejes.gpkg", "id_vertice": 9628, "id_geom_num": null, "SOV_Costo Unitario": null, "SOV_Unidad de la Tarea": "m2", "SOV_Nombre Tarea": "BACHEO ASFALTICO SUPERFICIAL", "SOV_Codigo de Tarea": 2, "SOV_Codigo de Calle Ppal.": 597, "SOV_Descripción Modalidad": "CONTRATO", "SOV_Nombre Proveedor": null, "SOV_Nombre Cuadrilla": null, "SOV_Nombre de Unidad": "MANTENIMIENTO VIAL", "SOV_Codigo de Unidad": 425, "SOV_Costo de la Tarea": null, "SOV_Cantidad de la Tarea": 13.54, "SOV_Agrupador Tarea": 1.02, "SOV_Fecha de la Tarea": "15/01/2026", "SOV_Observaciones": null, "SOV_Plan de Obra": null, "SOV_Fecha Recepcion Definitiva": null, "SOV_Fecha Recepcion Provisoria": null, "SOV_Fecha de Fin": null, "SOV_Fecha de Inicio": "26/05/2025", "SOV_Proveedor": null, "SOV_Responsable": null, "SOV_Cuadrilla": null, "SOV_Unidad": 425, "SOV_Calle Principal": "BV GRAL ARTIGAS", "SOV_CCZ": 16, "SOV_Resolucion": null, "SOV_Contrato": 2077, "SOV_Proyecto": null, "SOV_Modalidad": 1, "SOV_Descripcion de la Obra": null, "SOV_Nro. de Obra (interno)": 91143, "SOV_codigo_esquina": 126, "SOV_nombre_cruce": "AV AGRACIADA" }, "geometry": { "type": "Point", "coordinates": [ -56.202201736482323, -34.872228379705291 ] } },
{ "type": "Feature", "properties": { "fid": 9725, "nom_calle": "MARIANO MORENO", "cod_depto": 1, "cod_locali": 20, "gid": 106157119.0, "cod_nombre": 4581, "tipo": "CALLE", "x": "577177.982203531", "y": "6139692.148954741", "id_geom": "577177.9822_6139692.14895", "layer": "end_point_ejes", "path": "C:/Users/imm/Desktop/Magda/abril/end_point_ejes.gpkg", "id_vertice": 9725, "id_geom_num": null, "SOV_Costo Unitario": null, "SOV_Unidad de la Tarea": "m2", "SOV_Nombre Tarea": "BACHEO ASFALTICO SUPERFICIAL", "SOV_Codigo de Tarea": 2, "SOV_Codigo de Calle Ppal.": 7038, "SOV_Descripción Modalidad": "CONTRATO", "SOV_Nombre Proveedor": null, "SOV_Nombre Cuadrilla": null, "SOV_Nombre de Unidad": "MANTENIMIENTO VIAL", "SOV_Codigo de Unidad": 425, "SOV_Costo de la Tarea": null, "SOV_Cantidad de la Tarea": 9.0, "SOV_Agrupador Tarea": 1.02, "SOV_Fecha de la Tarea": "12/01/2026", "SOV_Observaciones": null, "SOV_Plan de Obra": null, "SOV_Fecha Recepcion Definitiva": null, "SOV_Fecha Recepcion Provisoria": null, "SOV_Fecha de Fin": null, "SOV_Fecha de Inicio": "26/05/2025", "SOV_Proveedor": null, "SOV_Responsable": null, "SOV_Cuadrilla": null, "SOV_Unidad": 425, "SOV_Calle Principal": "GRAL URQUIZA", "SOV_CCZ": 4, "SOV_Resolucion": null, "SOV_Contrato": 2077, "SOV_Proyecto": null, "SOV_Modalidad": 1, "SOV_Descripcion de la Obra": null, "SOV_Nro. de Obra (interno)": 91107, "SOV_codigo_esquina": 4581, "SOV_nombre_cruce": "MARIANO MORENO" }, "geometry": { "type": "Point", "coordinates": [ -56.155448218896666, -34.882226334497481 ] } },
{ "type": "Feature", "properties": { "fid": 9729, "nom_calle": "GRAL URQUIZA", "cod_depto": 1, "cod_locali": 20, "gid": 106157123.0, "cod_nombre": 7038, "tipo": "CALLE", "x": "577177.982203531", "y": "6139692.148954741", "id_geom": "577177.9822_6139692.14895", "layer": "end_point_ejes", "path": "C:/Users/imm/Desktop/Magda/abril/end_point_ejes.gpkg", "id_vertice": 9729, "id_geom_num": null, "SOV_Costo Unitario": null, "SOV_Unidad de la Tarea": "m2", "SOV_Nombre Tarea": "BACHEO ASFALTICO SUPERFICIAL", "SOV_Codigo de Tarea": 2, "SOV_Codigo de Calle Ppal.": 7038, "SOV_Descripción Modalidad": "CONTRATO", "SOV_Nombre Proveedor": null, "SOV_Nombre Cuadrilla": null, "SOV_Nombre de Unidad": "MANTENIMIENTO VIAL", "SOV_Codigo de Unidad": 425, "SOV_Costo de la Tarea": null, "SOV_Cantidad de la Tarea": 9.0, "SOV_Agrupador Tarea": 1.02, "SOV_Fecha de la Tarea": "12/01/2026", "SOV_Observaciones": null, "SOV_Plan de Obra": null, "SOV_Fecha Recepcion Definitiva": null, "SOV_Fecha Recepcion Provisoria": null, "SOV_Fecha de Fin": null, "SOV_Fecha de Inicio": "26/05/2025", "SOV_Proveedor": null, "SOV_Responsable": null, "SOV_Cuadrilla": null, "SOV_Unidad": 425, "SOV_Calle Principal": "GRAL URQUIZA", "SOV_CCZ": 4, "SOV_Resolucion": null, "SOV_Contrato": 2077, "SOV_Proyecto": null, "SOV_Modalidad": 1, "SOV_Descripcion de la Obra": null, "SOV_Nro. de Obra (interno)": 91107, "SOV_codigo_esquina": 4581, "SOV_nombre_cruce": "MARIANO MORENO" }, "geometry": { "type": "Point", "coordinates": [ -56.155448218896666, -34.882226334497481 ] } },
{ "type": "Feature", "properties": { "fid": 10059, "nom_calle": "PEDRO DE ALARCON", "cod_depto": 1, "cod_locali": 20, "gid": 106157467.0, "cod_nombre": 186, "tipo": "CALLE", "x": "577265.4936058108", "y": "6137851.380752664", "id_geom": "577265.49361_6137851.38075", "layer": "end_point_ejes", "path": "C:/Users/imm/Desktop/Magda/abril/end_point_ejes.gpkg", "id_vertice": 10059, "id_geom_num": null, "SOV_Costo Unitario": null, "SOV_Unidad de la Tarea": "m2", "SOV_Nombre Tarea": "BACHEO ASFALTICO SUPERFICIAL", "SOV_Codigo de Tarea": 2, "SOV_Codigo de Calle Ppal.": 5973, "SOV_Descripción Modalidad": "CONTRATO", "SOV_Nombre Proveedor": null, "SOV_Nombre Cuadrilla": null, "SOV_Nombre de Unidad": "MANTENIMIENTO VIAL", "SOV_Codigo de Unidad": 425, "SOV_Costo de la Tarea": null, "SOV_Cantidad de la Tarea": 61.78, "SOV_Agrupador Tarea": 1.02, "SOV_Fecha de la Tarea": "22/01/2026", "SOV_Observaciones": null, "SOV_Plan de Obra": null, "SOV_Fecha Recepcion Definitiva": null, "SOV_Fecha Recepcion Provisoria": null, "SOV_Fecha de Fin": null, "SOV_Fecha de Inicio": "26/05/2025", "SOV_Proveedor": null, "SOV_Responsable": null, "SOV_Cuadrilla": null, "SOV_Unidad": 425, "SOV_Calle Principal": "RICALDONI AVENIDA DR. AMERICO", "SOV_CCZ": 5, "SOV_Resolucion": null, "SOV_Contrato": 2077, "SOV_Proyecto": null, "SOV_Modalidad": 1, "SOV_Descripcion de la Obra": null, "SOV_Nro. de Obra (interno)": 91207, "SOV_codigo_esquina": 186, "SOV_nombre_cruce": "PEDRO DE ALARCON" }, "geometry": { "type": "Point", "coordinates": [ -56.15432061930008, -34.898817185042283 ] } },
{ "type": "Feature", "properties": { "fid": 10076, "nom_calle": "AV DR AMERICO RICALDONI", "cod_depto": 1, "cod_locali": 20, "gid": 106157490.0, "cod_nombre": 5973, "tipo": "AVENIDA", "x": "577265.4936058108", "y": "6137851.380752664", "id_geom": "577265.49361_6137851.38075", "layer": "end_point_ejes", "path": "C:/Users/imm/Desktop/Magda/abril/end_point_ejes.gpkg", "id_vertice": 10076, "id_geom_num": null, "SOV_Costo Unitario": null, "SOV_Unidad de la Tarea": "m2", "SOV_Nombre Tarea": "BACHEO ASFALTICO SUPERFICIAL", "SOV_Codigo de Tarea": 2, "SOV_Codigo de Calle Ppal.": 5973, "SOV_Descripción Modalidad": "CONTRATO", "SOV_Nombre Proveedor": null, "SOV_Nombre Cuadrilla": null, "SOV_Nombre de Unidad": "MANTENIMIENTO VIAL", "SOV_Codigo de Unidad": 425, "SOV_Costo de la Tarea": null, "SOV_Cantidad de la Tarea": 61.78, "SOV_Agrupador Tarea": 1.02, "SOV_Fecha de la Tarea": "22/01/2026", "SOV_Observaciones": null, "SOV_Plan de Obra": null, "SOV_Fecha Recepcion Definitiva": null, "SOV_Fecha Recepcion Provisoria": null, "SOV_Fecha de Fin": null, "SOV_Fecha de Inicio": "26/05/2025", "SOV_Proveedor": null, "SOV_Responsable": null, "SOV_Cuadrilla": null, "SOV_Unidad": 425, "SOV_Calle Principal": "RICALDONI AVENIDA DR. AMERICO", "SOV_CCZ": 5, "SOV_Resolucion": null, "SOV_Contrato": 2077, "SOV_Proyecto": null, "SOV_Modalidad": 1, "SOV_Descripcion de la Obra": null, "SOV_Nro. de Obra (interno)": 91207, "SOV_codigo_esquina": 186, "SOV_nombre_cruce": "PEDRO DE ALARCON" }, "geometry": { "type": "Point", "coordinates": [ -56.15432061930008, -34.898817185042283 ] } },
{ "type": "Feature", "properties": { "fid": 10392, "nom_calle": "BV JOSE BATLLE Y ORDOÑEZ", "cod_depto": 1, "cod_locali": 20, "gid": 106157810.0, "cod_nombre": 4956, "tipo": "BULEVAR", "x": "574799.8143085464", "y": "6142921.032756421", "id_geom": "574799.81431_6142921.03276", "layer": "end_point_ejes", "path": "C:/Users/imm/Desktop/Magda/abril/end_point_ejes.gpkg", "id_vertice": 10392, "id_geom_num": null, "SOV_Costo Unitario": null, "SOV_Unidad de la Tarea": "m2", "SOV_Nombre Tarea": "BACHEO ASFALTICO SUPERFICIAL", "SOV_Codigo de Tarea": 2, "SOV_Codigo de Calle Ppal.": 1179, "SOV_Descripción Modalidad": "CONTRATO", "SOV_Nombre Proveedor": null, "SOV_Nombre Cuadrilla": null, "SOV_Nombre de Unidad": "MANTENIMIENTO VIAL", "SOV_Codigo de Unidad": 425, "SOV_Costo de la Tarea": null, "SOV_Cantidad de la Tarea": 3.1, "SOV_Agrupador Tarea": 1.02, "SOV_Fecha de la Tarea": "13/01/2026", "SOV_Observaciones": null, "SOV_Plan de Obra": null, "SOV_Fecha Recepcion Definitiva": null, "SOV_Fecha Recepcion Provisoria": null, "SOV_Fecha de Fin": null, "SOV_Fecha de Inicio": "26/05/2025", "SOV_Proveedor": null, "SOV_Responsable": null, "SOV_Cuadrilla": null, "SOV_Unidad": 425, "SOV_Calle Principal": "BURGUES AVENIDA", "SOV_CCZ": 11, "SOV_Resolucion": null, "SOV_Contrato": 2077, "SOV_Proyecto": null, "SOV_Modalidad": 1, "SOV_Descripcion de la Obra": null, "SOV_Nro. de Obra (interno)": 91125, "SOV_codigo_esquina": 4956, "SOV_nombre_cruce": "BATLLE Y ORDOÑEZ BULEVAR JOSE" }, "geometry": { "type": "Point", "coordinates": [ -56.181758370985953, -34.853290397455979 ] } },
{ "type": "Feature", "properties": { "fid": 10465, "nom_calle": "AV BURGUES", "cod_depto": 1, "cod_locali": 20, "gid": 106157886.0, "cod_nombre": 1179, "tipo": "AVENIDA", "x": "574799.8143085464", "y": "6142921.032756421", "id_geom": "574799.81431_6142921.03276", "layer": "end_point_ejes", "path": "C:/Users/imm/Desktop/Magda/abril/end_point_ejes.gpkg", "id_vertice": 10465, "id_geom_num": null, "SOV_Costo Unitario": null, "SOV_Unidad de la Tarea": "m2", "SOV_Nombre Tarea": "BACHEO ASFALTICO SUPERFICIAL", "SOV_Codigo de Tarea": 2, "SOV_Codigo de Calle Ppal.": 1179, "SOV_Descripción Modalidad": "CONTRATO", "SOV_Nombre Proveedor": null, "SOV_Nombre Cuadrilla": null, "SOV_Nombre de Unidad": "MANTENIMIENTO VIAL", "SOV_Codigo de Unidad": 425, "SOV_Costo de la Tarea": null, "SOV_Cantidad de la Tarea": 3.1, "SOV_Agrupador Tarea": 1.02, "SOV_Fecha de la Tarea": "13/01/2026", "SOV_Observaciones": null, "SOV_Plan de Obra": null, "SOV_Fecha Recepcion Definitiva": null, "SOV_Fecha Recepcion Provisoria": null, "SOV_Fecha de Fin": null, "SOV_Fecha de Inicio": "26/05/2025", "SOV_Proveedor": null, "SOV_Responsable": null, "SOV_Cuadrilla": null, "SOV_Unidad": 425, "SOV_Calle Principal": "BURGUES AVENIDA", "SOV_CCZ": 11, "SOV_Resolucion": null, "SOV_Contrato": 2077, "SOV_Proyecto": null, "SOV_Modalidad": 1, "SOV_Descripcion de la Obra": null, "SOV_Nro. de Obra (interno)": 91125, "SOV_codigo_esquina": 4956, "SOV_nombre_cruce": "BATLLE Y ORDOÑEZ BULEVAR JOSE" }, "geometry": { "type": "Point", "coordinates": [ -56.181758370985953, -34.853290397455979 ] } },
{ "type": "Feature", "properties": { "fid": 10599, "nom_calle": "BAYONA", "cod_depto": 1, "cod_locali": 20, "gid": 106158020.0, "cod_nombre": 858, "tipo": "CALLE", "x": "574125.8748466293", "y": "6142866.143478995", "id_geom": "574125.87485_6142866.14348", "layer": "end_point_ejes", "path": "C:/Users/imm/Desktop/Magda/abril/end_point_ejes.gpkg", "id_vertice": 10599, "id_geom_num": null, "SOV_Costo Unitario": null, "SOV_Unidad de la Tarea": "m2", "SOV_Nombre Tarea": "BACHEO ASFALTICO SUPERFICIAL", "SOV_Codigo de Tarea": 2, "SOV_Codigo de Calle Ppal.": 858, "SOV_Descripción Modalidad": "CONTRATO", "SOV_Nombre Proveedor": null, "SOV_Nombre Cuadrilla": null, "SOV_Nombre de Unidad": "MANTENIMIENTO VIAL", "SOV_Codigo de Unidad": 425, "SOV_Costo de la Tarea": null, "SOV_Cantidad de la Tarea": 30.19, "SOV_Agrupador Tarea": 1.02, "SOV_Fecha de la Tarea": "13/01/2026", "SOV_Observaciones": null, "SOV_Plan de Obra": null, "SOV_Fecha Recepcion Definitiva": null, "SOV_Fecha Recepcion Provisoria": null, "SOV_Fecha de Fin": null, "SOV_Fecha de Inicio": "26/05/2025", "SOV_Proveedor": null, "SOV_Responsable": null, "SOV_Cuadrilla": null, "SOV_Unidad": 425, "SOV_Calle Principal": "BAYONA", "SOV_CCZ": 15, "SOV_Resolucion": null, "SOV_Contrato": 2077, "SOV_Proyecto": null, "SOV_Modalidad": 1, "SOV_Descripcion de la Obra": null, "SOV_Nro. de Obra (interno)": 91123, "SOV_codigo_esquina": 6936, "SOV_nombre_cruce": "PEDRO TRAPANI" }, "geometry": { "type": "Point", "coordinates": [ -56.18912513938831, -34.853834694455145 ] } },
{ "type": "Feature", "properties": { "fid": 10607, "nom_calle": "CAP ANTONIO PEREZ", "cod_depto": 1, "cod_locali": 20, "gid": 106158023.0, "cod_nombre": 5368, "tipo": "CALLE", "x": "579395.4547951561", "y": "6137945.614400758", "id_geom": "579395.4548_6137945.6144", "layer": "end_point_ejes", "path": "C:/Users/imm/Desktop/Magda/abril/end_point_ejes.gpkg", "id_vertice": 10607, "id_geom_num": null, "SOV_Costo Unitario": null, "SOV_Unidad de la Tarea": "m2", "SOV_Nombre Tarea": "BACHEO ASFALTICO SUPERFICIAL", "SOV_Codigo de Tarea": 2, "SOV_Codigo de Calle Ppal.": 7104, "SOV_Descripción Modalidad": "CONTRATO", "SOV_Nombre Proveedor": null, "SOV_Nombre Cuadrilla": null, "SOV_Nombre de Unidad": "MANTENIMIENTO VIAL", "SOV_Codigo de Unidad": 425, "SOV_Costo de la Tarea": null, "SOV_Cantidad de la Tarea": 10.06, "SOV_Agrupador Tarea": 1.02, "SOV_Fecha de la Tarea": "26/01/2026", "SOV_Observaciones": null, "SOV_Plan de Obra": null, "SOV_Fecha Recepcion Definitiva": null, "SOV_Fecha Recepcion Provisoria": null, "SOV_Fecha de Fin": null, "SOV_Fecha de Inicio": "26/05/2025", "SOV_Proveedor": null, "SOV_Responsable": null, "SOV_Cuadrilla": null, "SOV_Unidad": 425, "SOV_Calle Principal": "VANGUARDIA", "SOV_CCZ": 5, "SOV_Resolucion": null, "SOV_Contrato": 2077, "SOV_Proyecto": null, "SOV_Modalidad": 1, "SOV_Descripcion de la Obra": null, "SOV_Nro. de Obra (interno)": 91243, "SOV_codigo_esquina": 5368, "SOV_nombre_cruce": "PEREZ CAP. ANTONIO" }, "geometry": { "type": "Point", "coordinates": [ -56.13101925380986, -34.897803097724946 ] } },
{ "type": "Feature", "properties": { "fid": 10935, "nom_calle": "BV GRAL ARTIGAS", "cod_depto": 1, "cod_locali": 20, "gid": 106158360.0, "cod_nombre": 597, "tipo": "BULEVAR", "x": "572914.2179599546", "y": "6140835.92178885", "id_geom": "572914.21796_6140835.92179", "layer": "end_point_ejes", "path": "C:/Users/imm/Desktop/Magda/abril/end_point_ejes.gpkg", "id_vertice": 10935, "id_geom_num": null, "SOV_Costo Unitario": null, "SOV_Unidad de la Tarea": "m2", "SOV_Nombre Tarea": "BACHEO ASFALTICO SUPERFICIAL", "SOV_Codigo de Tarea": 2, "SOV_Codigo de Calle Ppal.": 597, "SOV_Descripción Modalidad": "CONTRATO", "SOV_Nombre Proveedor": null, "SOV_Nombre Cuadrilla": null, "SOV_Nombre de Unidad": "MANTENIMIENTO VIAL", "SOV_Codigo de Unidad": 425, "SOV_Costo de la Tarea": null, "SOV_Cantidad de la Tarea": 13.54, "SOV_Agrupador Tarea": 1.02, "SOV_Fecha de la Tarea": "15/01/2026", "SOV_Observaciones": null, "SOV_Plan de Obra": null, "SOV_Fecha Recepcion Definitiva": null, "SOV_Fecha Recepcion Provisoria": null, "SOV_Fecha de Fin": null, "SOV_Fecha de Inicio": "26/05/2025", "SOV_Proveedor": null, "SOV_Responsable": null, "SOV_Cuadrilla": null, "SOV_Unidad": 425, "SOV_Calle Principal": "BV GRAL ARTIGAS", "SOV_CCZ": 16, "SOV_Resolucion": null, "SOV_Contrato": 2077, "SOV_Proyecto": null, "SOV_Modalidad": 1, "SOV_Descripcion de la Obra": null, "SOV_Nro. de Obra (interno)": 91143, "SOV_codigo_esquina": 126, "SOV_nombre_cruce": "AV AGRACIADA" }, "geometry": { "type": "Point", "coordinates": [ -56.202201736482323, -34.872228379705291 ] } },
{ "type": "Feature", "properties": { "fid": 10943, "nom_calle": "AV AGRACIADA", "cod_depto": 1, "cod_locali": 20, "gid": 106158368.0, "cod_nombre": 126, "tipo": "AVENIDA", "x": "572914.2179599546", "y": "6140835.92178885", "id_geom": "572914.21796_6140835.92179", "layer": "end_point_ejes", "path": "C:/Users/imm/Desktop/Magda/abril/end_point_ejes.gpkg", "id_vertice": 10943, "id_geom_num": null, "SOV_Costo Unitario": null, "SOV_Unidad de la Tarea": "m2", "SOV_Nombre Tarea": "BACHEO ASFALTICO SUPERFICIAL", "SOV_Codigo de Tarea": 2, "SOV_Codigo de Calle Ppal.": 597, "SOV_Descripción Modalidad": "CONTRATO", "SOV_Nombre Proveedor": null, "SOV_Nombre Cuadrilla": null, "SOV_Nombre de Unidad": "MANTENIMIENTO VIAL", "SOV_Codigo de Unidad": 425, "SOV_Costo de la Tarea": null, "SOV_Cantidad de la Tarea": 13.54, "SOV_Agrupador Tarea": 1.02, "SOV_Fecha de la Tarea": "15/01/2026", "SOV_Observaciones": null, "SOV_Plan de Obra": null, "SOV_Fecha Recepcion Definitiva": null, "SOV_Fecha Recepcion Provisoria": null, "SOV_Fecha de Fin": null, "SOV_Fecha de Inicio": "26/05/2025", "SOV_Proveedor": null, "SOV_Responsable": null, "SOV_Cuadrilla": null, "SOV_Unidad": 425, "SOV_Calle Principal": "BV GRAL ARTIGAS", "SOV_CCZ": 16, "SOV_Resolucion": null, "SOV_Contrato": 2077, "SOV_Proyecto": null, "SOV_Modalidad": 1, "SOV_Descripcion de la Obra": null, "SOV_Nro. de Obra (interno)": 91143, "SOV_codigo_esquina": 126, "SOV_nombre_cruce": "AV AGRACIADA" }, "geometry": { "type": "Point", "coordinates": [ -56.202201736482323, -34.872228379705291 ] } },
{ "type": "Feature", "properties": { "fid": 12305, "nom_calle": "AV AGRACIADA", "cod_depto": 1, "cod_locali": 20, "gid": 106159773.0, "cod_nombre": 126, "tipo": "AVENIDA", "x": "571588.3707396282", "y": "6142331.516201231", "id_geom": "571588.37074_6142331.5162", "layer": "end_point_ejes", "path": "C:/Users/imm/Desktop/Magda/abril/end_point_ejes.gpkg", "id_vertice": 12305, "id_geom_num": null, "SOV_Costo Unitario": null, "SOV_Unidad de la Tarea": "m2", "SOV_Nombre Tarea": "BACHEO ASFALTICO SUPERFICIAL", "SOV_Codigo de Tarea": 2, "SOV_Codigo de Calle Ppal.": 126, "SOV_Descripción Modalidad": "CONTRATO", "SOV_Nombre Proveedor": null, "SOV_Nombre Cuadrilla": null, "SOV_Nombre de Unidad": "MANTENIMIENTO VIAL", "SOV_Codigo de Unidad": 425, "SOV_Costo de la Tarea": null, "SOV_Cantidad de la Tarea": 6.27, "SOV_Agrupador Tarea": 1.02, "SOV_Fecha de la Tarea": "26/01/2026", "SOV_Observaciones": null, "SOV_Plan de Obra": null, "SOV_Fecha Recepcion Definitiva": null, "SOV_Fecha Recepcion Provisoria": null, "SOV_Fecha de Fin": null, "SOV_Fecha de Inicio": "26/05/2025", "SOV_Proveedor": null, "SOV_Responsable": null, "SOV_Cuadrilla": null, "SOV_Unidad": 425, "SOV_Calle Principal": "AV AGRACIADA", "SOV_CCZ": 14, "SOV_Resolucion": null, "SOV_Contrato": 2077, "SOV_Proyecto": null, "SOV_Modalidad": 1, "SOV_Descripcion de la Obra": null, "SOV_Nro. de Obra (interno)": 91219, "SOV_codigo_esquina": 2211, "SOV_nombre_cruce": "PILAR COSTA" }, "geometry": { "type": "Point", "coordinates": [ -56.216835278780145, -34.858837224545809 ] } },
{ "type": "Feature", "properties": { "fid": 12310, "nom_calle": "AV AGRACIADA", "cod_depto": 1, "cod_locali": 20, "gid": 106159778.0, "cod_nombre": 126, "tipo": "AVENIDA", "x": "571588.3707396282", "y": "6142331.516201231", "id_geom": "571588.37074_6142331.5162", "layer": "end_point_ejes", "path": "C:/Users/imm/Desktop/Magda/abril/end_point_ejes.gpkg", "id_vertice": 12310, "id_geom_num": null, "SOV_Costo Unitario": null, "SOV_Unidad de la Tarea": "m2", "SOV_Nombre Tarea": "BACHEO ASFALTICO SUPERFICIAL", "SOV_Codigo de Tarea": 2, "SOV_Codigo de Calle Ppal.": 126, "SOV_Descripción Modalidad": "CONTRATO", "SOV_Nombre Proveedor": null, "SOV_Nombre Cuadrilla": null, "SOV_Nombre de Unidad": "MANTENIMIENTO VIAL", "SOV_Codigo de Unidad": 425, "SOV_Costo de la Tarea": null, "SOV_Cantidad de la Tarea": 6.27, "SOV_Agrupador Tarea": 1.02, "SOV_Fecha de la Tarea": "26/01/2026", "SOV_Observaciones": null, "SOV_Plan de Obra": null, "SOV_Fecha Recepcion Definitiva": null, "SOV_Fecha Recepcion Provisoria": null, "SOV_Fecha de Fin": null, "SOV_Fecha de Inicio": "26/05/2025", "SOV_Proveedor": null, "SOV_Responsable": null, "SOV_Cuadrilla": null, "SOV_Unidad": 425, "SOV_Calle Principal": "AV AGRACIADA", "SOV_CCZ": 14, "SOV_Resolucion": null, "SOV_Contrato": 2077, "SOV_Proyecto": null, "SOV_Modalidad": 1, "SOV_Descripcion de la Obra": null, "SOV_Nro. de Obra (interno)": 91219, "SOV_codigo_esquina": 2211, "SOV_nombre_cruce": "PILAR COSTA" }, "geometry": { "type": "Point", "coordinates": [ -56.216835278780145, -34.858837224545809 ] } },
{ "type": "Feature", "properties": { "fid": 12679, "nom_calle": "INDIA MUERTA", "cod_depto": 1, "cod_locali": 20, "gid": 106160148.0, "cod_nombre": 4635, "tipo": "CALLE", "x": "571522.7965551215", "y": "6142212.018702874", "id_geom": "571522.79656_6142212.0187", "layer": "end_point_ejes", "path": "C:/Users/imm/Desktop/Magda/abril/end_point_ejes.gpkg", "id_vertice": 12679, "id_geom_num": null, "SOV_Costo Unitario": null, "SOV_Unidad de la Tarea": "m2", "SOV_Nombre Tarea": "BACHEO ASFALTICO SUPERFICIAL", "SOV_Codigo de Tarea": 2, "SOV_Codigo de Calle Ppal.": 4635, "SOV_Descripción Modalidad": "CONTRATO", "SOV_Nombre Proveedor": null, "SOV_Nombre Cuadrilla": null, "SOV_Nombre de Unidad": "MANTENIMIENTO VIAL", "SOV_Codigo de Unidad": 425, "SOV_Costo de la Tarea": null, "SOV_Cantidad de la Tarea": 8.08, "SOV_Agrupador Tarea": 1.02, "SOV_Fecha de la Tarea": "26/01/2026", "SOV_Observaciones": null, "SOV_Plan de Obra": null, "SOV_Fecha Recepcion Definitiva": null, "SOV_Fecha Recepcion Provisoria": null, "SOV_Fecha de Fin": null, "SOV_Fecha de Inicio": "26/05/2025", "SOV_Proveedor": null, "SOV_Responsable": null, "SOV_Cuadrilla": null, "SOV_Unidad": 425, "SOV_Calle Principal": "INDIA MUERTA", "SOV_CCZ": 14, "SOV_Resolucion": null, "SOV_Contrato": 2077, "SOV_Proyecto": null, "SOV_Modalidad": 1, "SOV_Descripcion de la Obra": null, "SOV_Nro. de Obra (interno)": 91221, "SOV_codigo_esquina": 2211, "SOV_nombre_cruce": "PILAR COSTA" }, "geometry": { "type": "Point", "coordinates": [ -56.217542386139016, -34.859919327932587 ] } },
{ "type": "Feature", "properties": { "fid": 12686, "nom_calle": "FRANCISCO CALABUIG", "cod_depto": 1, "cod_locali": 20, "gid": 106160155.0, "cod_nombre": 1269, "tipo": "CALLE", "x": "571602.3918351126", "y": "6142093.247028302", "id_geom": "571602.39184_6142093.24703", "layer": "end_point_ejes", "path": "C:/Users/imm/Desktop/Magda/abril/end_point_ejes.gpkg", "id_vertice": 12686, "id_geom_num": null, "SOV_Costo Unitario": null, "SOV_Unidad de la Tarea": "m2", "SOV_Nombre Tarea": "BACHEO ASFALTICO SUPERFICIAL", "SOV_Codigo de Tarea": 2, "SOV_Codigo de Calle Ppal.": 7149, "SOV_Descripción Modalidad": "CONTRATO", "SOV_Nombre Proveedor": null, "SOV_Nombre Cuadrilla": null, "SOV_Nombre de Unidad": "MANTENIMIENTO VIAL", "SOV_Codigo de Unidad": 425, "SOV_Costo de la Tarea": null, "SOV_Cantidad de la Tarea": 1.89, "SOV_Agrupador Tarea": 1.02, "SOV_Fecha de la Tarea": "26/01/2026", "SOV_Observaciones": null, "SOV_Plan de Obra": null, "SOV_Fecha Recepcion Definitiva": null, "SOV_Fecha Recepcion Provisoria": null, "SOV_Fecha de Fin": null, "SOV_Fecha de Inicio": "26/05/2025", "SOV_Proveedor": null, "SOV_Responsable": null, "SOV_Cuadrilla": null, "SOV_Unidad": 425, "SOV_Calle Principal": "CARLOS DE LA VEGA", "SOV_CCZ": 14, "SOV_Resolucion": null, "SOV_Contrato": 2077, "SOV_Proyecto": null, "SOV_Modalidad": 1, "SOV_Descripcion de la Obra": null, "SOV_Nro. de Obra (interno)": 91220, "SOV_codigo_esquina": 1269, "SOV_nombre_cruce": "CALABUIG FRANCISCO" }, "geometry": { "type": "Point", "coordinates": [ -56.21666153416718, -34.860984663279154 ] } },
{ "type": "Feature", "properties": { "fid": 12689, "nom_calle": "CARLOS DE LA VEGA", "cod_depto": 1, "cod_locali": 20, "gid": 106160158.0, "cod_nombre": 7149, "tipo": "CALLE", "x": "571602.3918351126", "y": "6142093.247028302", "id_geom": "571602.39184_6142093.24703", "layer": "end_point_ejes", "path": "C:/Users/imm/Desktop/Magda/abril/end_point_ejes.gpkg", "id_vertice": 12689, "id_geom_num": null, "SOV_Costo Unitario": null, "SOV_Unidad de la Tarea": "m2", "SOV_Nombre Tarea": "BACHEO ASFALTICO SUPERFICIAL", "SOV_Codigo de Tarea": 2, "SOV_Codigo de Calle Ppal.": 7149, "SOV_Descripción Modalidad": "CONTRATO", "SOV_Nombre Proveedor": null, "SOV_Nombre Cuadrilla": null, "SOV_Nombre de Unidad": "MANTENIMIENTO VIAL", "SOV_Codigo de Unidad": 425, "SOV_Costo de la Tarea": null, "SOV_Cantidad de la Tarea": 1.89, "SOV_Agrupador Tarea": 1.02, "SOV_Fecha de la Tarea": "26/01/2026", "SOV_Observaciones": null, "SOV_Plan de Obra": null, "SOV_Fecha Recepcion Definitiva": null, "SOV_Fecha Recepcion Provisoria": null, "SOV_Fecha de Fin": null, "SOV_Fecha de Inicio": "26/05/2025", "SOV_Proveedor": null, "SOV_Responsable": null, "SOV_Cuadrilla": null, "SOV_Unidad": 425, "SOV_Calle Principal": "CARLOS DE LA VEGA", "SOV_CCZ": 14, "SOV_Resolucion": null, "SOV_Contrato": 2077, "SOV_Proyecto": null, "SOV_Modalidad": 1, "SOV_Descripcion de la Obra": null, "SOV_Nro. de Obra (interno)": 91220, "SOV_codigo_esquina": 1269, "SOV_nombre_cruce": "CALABUIG FRANCISCO" }, "geometry": { "type": "Point", "coordinates": [ -56.21666153416718, -34.860984663279154 ] } },
{ "type": "Feature", "properties": { "fid": 12778, "nom_calle": "FRATERNIDAD", "cod_depto": 1, "cod_locali": 20, "gid": 106160247.0, "cod_nombre": 2805, "tipo": "CALLE", "x": "571387.4008348259", "y": "6141655.819621199", "id_geom": "571387.40083_6141655.81962", "layer": "end_point_ejes", "path": "C:/Users/imm/Desktop/Magda/abril/end_point_ejes.gpkg", "id_vertice": 12778, "id_geom_num": null, "SOV_Costo Unitario": null, "SOV_Unidad de la Tarea": "m2", "SOV_Nombre Tarea": "BACHEO ASFALTICO SUPERFICIAL", "SOV_Codigo de Tarea": 2, "SOV_Codigo de Calle Ppal.": 2805, "SOV_Descripción Modalidad": "CONTRATO", "SOV_Nombre Proveedor": null, "SOV_Nombre Cuadrilla": null, "SOV_Nombre de Unidad": "MANTENIMIENTO VIAL", "SOV_Codigo de Unidad": 425, "SOV_Costo de la Tarea": null, "SOV_Cantidad de la Tarea": 1.53, "SOV_Agrupador Tarea": 1.02, "SOV_Fecha de la Tarea": "26/01/2026", "SOV_Observaciones": null, "SOV_Plan de Obra": null, "SOV_Fecha Recepcion Definitiva": null, "SOV_Fecha Recepcion Provisoria": null, "SOV_Fecha de Fin": null, "SOV_Fecha de Inicio": "26/05/2025", "SOV_Proveedor": null, "SOV_Responsable": null, "SOV_Cuadrilla": null, "SOV_Unidad": 425, "SOV_Calle Principal": "FRATERNIDAD", "SOV_CCZ": 14, "SOV_Resolucion": null, "SOV_Contrato": 2077, "SOV_Proyecto": null, "SOV_Modalidad": 1, "SOV_Descripcion de la Obra": null, "SOV_Nro. de Obra (interno)": 91216, "SOV_codigo_esquina": 6270, "SOV_nombre_cruce": "SALVO ANGEL" }, "geometry": { "type": "Point", "coordinates": [ -56.218976078961838, -34.864943988119578 ] } },
{ "type": "Feature", "properties": { "fid": 13195, "nom_calle": "EMANCIPACION", "cod_depto": 1, "cod_locali": 20, "gid": 106160700.0, "cod_nombre": 2514, "tipo": "CALLE", "x": "572072.1246054678", "y": "6142711.625844757", "id_geom": "572072.12461_6142711.62584", "layer": "end_point_ejes", "path": "C:/Users/imm/Desktop/Magda/abril/end_point_ejes.gpkg", "id_vertice": 13195, "id_geom_num": null, "SOV_Costo Unitario": null, "SOV_Unidad de la Tarea": "m2", "SOV_Nombre Tarea": "BACHEO ASFALTICO SUPERFICIAL", "SOV_Codigo de Tarea": 2, "SOV_Codigo de Calle Ppal.": 5838, "SOV_Descripción Modalidad": "CONTRATO", "SOV_Nombre Proveedor": null, "SOV_Nombre Cuadrilla": null, "SOV_Nombre de Unidad": "MANTENIMIENTO VIAL", "SOV_Codigo de Unidad": 425, "SOV_Costo de la Tarea": null, "SOV_Cantidad de la Tarea": 25.17, "SOV_Agrupador Tarea": 1.02, "SOV_Fecha de la Tarea": "26/01/2026", "SOV_Observaciones": null, "SOV_Plan de Obra": null, "SOV_Fecha Recepcion Definitiva": null, "SOV_Fecha Recepcion Provisoria": null, "SOV_Fecha de Fin": null, "SOV_Fecha de Inicio": "26/05/2025", "SOV_Proveedor": null, "SOV_Responsable": null, "SOV_Cuadrilla": null, "SOV_Unidad": 425, "SOV_Calle Principal": "MOLINOS DE RAFFO", "SOV_CCZ": 14, "SOV_Resolucion": null, "SOV_Contrato": 2077, "SOV_Proyecto": null, "SOV_Modalidad": 1, "SOV_Descripcion de la Obra": null, "SOV_Nro. de Obra (interno)": 91218, "SOV_codigo_esquina": 2514, "SOV_nombre_cruce": "EMANCIPACION" }, "geometry": { "type": "Point", "coordinates": [ -56.211576238675228, -34.855375658064325 ] } },
{ "type": "Feature", "properties": { "fid": 13815, "nom_calle": "CNO MOLINOS DE RAFFO", "cod_depto": 1, "cod_locali": 20, "gid": 106161354.0, "cod_nombre": 5838, "tipo": "AVENIDA", "x": "572072.1246054678", "y": "6142711.625844757", "id_geom": "572072.12461_6142711.62584", "layer": "end_point_ejes", "path": "C:/Users/imm/Desktop/Magda/abril/end_point_ejes.gpkg", "id_vertice": 13815, "id_geom_num": null, "SOV_Costo Unitario": null, "SOV_Unidad de la Tarea": "m2", "SOV_Nombre Tarea": "BACHEO ASFALTICO SUPERFICIAL", "SOV_Codigo de Tarea": 2, "SOV_Codigo de Calle Ppal.": 5838, "SOV_Descripción Modalidad": "CONTRATO", "SOV_Nombre Proveedor": null, "SOV_Nombre Cuadrilla": null, "SOV_Nombre de Unidad": "MANTENIMIENTO VIAL", "SOV_Codigo de Unidad": 425, "SOV_Costo de la Tarea": null, "SOV_Cantidad de la Tarea": 25.17, "SOV_Agrupador Tarea": 1.02, "SOV_Fecha de la Tarea": "26/01/2026", "SOV_Observaciones": null, "SOV_Plan de Obra": null, "SOV_Fecha Recepcion Definitiva": null, "SOV_Fecha Recepcion Provisoria": null, "SOV_Fecha de Fin": null, "SOV_Fecha de Inicio": "26/05/2025", "SOV_Proveedor": null, "SOV_Responsable": null, "SOV_Cuadrilla": null, "SOV_Unidad": 425, "SOV_Calle Principal": "MOLINOS DE RAFFO", "SOV_CCZ": 14, "SOV_Resolucion": null, "SOV_Contrato": 2077, "SOV_Proyecto": null, "SOV_Modalidad": 1, "SOV_Descripcion de la Obra": null, "SOV_Nro. de Obra (interno)": 91218, "SOV_codigo_esquina": 2514, "SOV_nombre_cruce": "EMANCIPACION" }, "geometry": { "type": "Point", "coordinates": [ -56.211576238675228, -34.855375658064325 ] } },
{ "type": "Feature", "properties": { "fid": 13854, "nom_calle": "AV BURGUES", "cod_depto": 1, "cod_locali": 20, "gid": 106161404.0, "cod_nombre": 1179, "tipo": "AVENIDA", "x": "575095.3977381595", "y": "6143285.876982436", "id_geom": "575095.39774_6143285.87698", "layer": "end_point_ejes", "path": "C:/Users/imm/Desktop/Magda/abril/end_point_ejes.gpkg", "id_vertice": 13854, "id_geom_num": null, "SOV_Costo Unitario": null, "SOV_Unidad de la Tarea": "m2", "SOV_Nombre Tarea": "BACHEO ASFALTICO SUPERFICIAL", "SOV_Codigo de Tarea": 2, "SOV_Codigo de Calle Ppal.": 1179, "SOV_Descripción Modalidad": "CONTRATO", "SOV_Nombre Proveedor": null, "SOV_Nombre Cuadrilla": null, "SOV_Nombre de Unidad": "MANTENIMIENTO VIAL", "SOV_Codigo de Unidad": 425, "SOV_Costo de la Tarea": null, "SOV_Cantidad de la Tarea": 7.18, "SOV_Agrupador Tarea": 1.02, "SOV_Fecha de la Tarea": "14/01/2026", "SOV_Observaciones": null, "SOV_Plan de Obra": null, "SOV_Fecha Recepcion Definitiva": null, "SOV_Fecha Recepcion Provisoria": null, "SOV_Fecha de Fin": null, "SOV_Fecha de Inicio": "26/05/2025", "SOV_Proveedor": null, "SOV_Responsable": null, "SOV_Cuadrilla": null, "SOV_Unidad": 425, "SOV_Calle Principal": "BURGUES AVENIDA", "SOV_CCZ": 11, "SOV_Resolucion": null, "SOV_Contrato": 2077, "SOV_Proyecto": null, "SOV_Modalidad": 1, "SOV_Descripcion de la Obra": null, "SOV_Nro. de Obra (interno)": 91130, "SOV_codigo_esquina": 5568, "SOV_nombre_cruce": "PLA FRANCISCO" }, "geometry": { "type": "Point", "coordinates": [ -56.1785579497746, -34.849978898739039 ] } },
{ "type": "Feature", "properties": { "fid": 14028, "nom_calle": "SANTA ANA", "cod_depto": 1, "cod_locali": 20, "gid": 106161586.0, "cod_nombre": 6357, "tipo": "CALLE", "x": "574863.4234280706", "y": "6143321.961955917", "id_geom": "574863.42343_6143321.96196", "layer": "end_point_ejes", "path": "C:/Users/imm/Desktop/Magda/abril/end_point_ejes.gpkg", "id_vertice": 14028, "id_geom_num": null, "SOV_Costo Unitario": null, "SOV_Unidad de la Tarea": "m2", "SOV_Nombre Tarea": "BACHEO ASFALTICO SUPERFICIAL", "SOV_Codigo de Tarea": 2, "SOV_Codigo de Calle Ppal.": 3450, "SOV_Descripción Modalidad": "CONTRATO", "SOV_Nombre Proveedor": null, "SOV_Nombre Cuadrilla": null, "SOV_Nombre de Unidad": "MANTENIMIENTO VIAL", "SOV_Codigo de Unidad": 425, "SOV_Costo de la Tarea": null, "SOV_Cantidad de la Tarea": 24.84, "SOV_Agrupador Tarea": 1.02, "SOV_Fecha de la Tarea": "14/01/2026", "SOV_Observaciones": null, "SOV_Plan de Obra": null, "SOV_Fecha Recepcion Definitiva": null, "SOV_Fecha Recepcion Provisoria": null, "SOV_Fecha de Fin": null, "SOV_Fecha de Inicio": "26/05/2025", "SOV_Proveedor": null, "SOV_Responsable": null, "SOV_Cuadrilla": null, "SOV_Unidad": 425, "SOV_Calle Principal": "IBIROCAHY", "SOV_CCZ": 11, "SOV_Resolucion": null, "SOV_Contrato": 2077, "SOV_Proyecto": null, "SOV_Modalidad": 1, "SOV_Descripcion de la Obra": null, "SOV_Nro. de Obra (interno)": 91131, "SOV_codigo_esquina": 6357, "SOV_nombre_cruce": "SANTA ANA" }, "geometry": { "type": "Point", "coordinates": [ -56.181098428459691, -34.849670640473384 ] } },
{ "type": "Feature", "properties": { "fid": 14138, "nom_calle": "FRANCISCO PLA", "cod_depto": 1, "cod_locali": 20, "gid": 106161702.0, "cod_nombre": 5568, "tipo": "CALLE", "x": "575095.3977381595", "y": "6143285.876982436", "id_geom": "575095.39774_6143285.87698", "layer": "end_point_ejes", "path": "C:/Users/imm/Desktop/Magda/abril/end_point_ejes.gpkg", "id_vertice": 14138, "id_geom_num": null, "SOV_Costo Unitario": null, "SOV_Unidad de la Tarea": "m2", "SOV_Nombre Tarea": "BACHEO ASFALTICO SUPERFICIAL", "SOV_Codigo de Tarea": 2, "SOV_Codigo de Calle Ppal.": 1179, "SOV_Descripción Modalidad": "CONTRATO", "SOV_Nombre Proveedor": null, "SOV_Nombre Cuadrilla": null, "SOV_Nombre de Unidad": "MANTENIMIENTO VIAL", "SOV_Codigo de Unidad": 425, "SOV_Costo de la Tarea": null, "SOV_Cantidad de la Tarea": 7.18, "SOV_Agrupador Tarea": 1.02, "SOV_Fecha de la Tarea": "14/01/2026", "SOV_Observaciones": null, "SOV_Plan de Obra": null, "SOV_Fecha Recepcion Definitiva": null, "SOV_Fecha Recepcion Provisoria": null, "SOV_Fecha de Fin": null, "SOV_Fecha de Inicio": "26/05/2025", "SOV_Proveedor": null, "SOV_Responsable": null, "SOV_Cuadrilla": null, "SOV_Unidad": 425, "SOV_Calle Principal": "BURGUES AVENIDA", "SOV_CCZ": 11, "SOV_Resolucion": null, "SOV_Contrato": 2077, "SOV_Proyecto": null, "SOV_Modalidad": 1, "SOV_Descripcion de la Obra": null, "SOV_Nro. de Obra (interno)": 91130, "SOV_codigo_esquina": 5568, "SOV_nombre_cruce": "PLA FRANCISCO" }, "geometry": { "type": "Point", "coordinates": [ -56.1785579497746, -34.849978898739039 ] } },
{ "type": "Feature", "properties": { "fid": 14342, "nom_calle": "GUENOAS", "cod_depto": 1, "cod_locali": 20, "gid": 106161921.0, "cod_nombre": 3240, "tipo": "CALLE", "x": "576183.7294273624", "y": "6143085.219661662", "id_geom": "576183.72943_6143085.21966", "layer": "end_point_ejes", "path": "C:/Users/imm/Desktop/Magda/abril/end_point_ejes.gpkg", "id_vertice": 14342, "id_geom_num": null, "SOV_Costo Unitario": null, "SOV_Unidad de la Tarea": "m2", "SOV_Nombre Tarea": "BACHEO ASFALTICO SUPERFICIAL", "SOV_Codigo de Tarea": 2, "SOV_Codigo de Calle Ppal.": 3240, "SOV_Descripción Modalidad": "CONTRATO", "SOV_Nombre Proveedor": null, "SOV_Nombre Cuadrilla": null, "SOV_Nombre de Unidad": "MANTENIMIENTO VIAL", "SOV_Codigo de Unidad": 425, "SOV_Costo de la Tarea": null, "SOV_Cantidad de la Tarea": 25.85, "SOV_Agrupador Tarea": 1.02, "SOV_Fecha de la Tarea": "16/01/2026", "SOV_Observaciones": null, "SOV_Plan de Obra": null, "SOV_Fecha Recepcion Definitiva": null, "SOV_Fecha Recepcion Provisoria": null, "SOV_Fecha de Fin": null, "SOV_Fecha de Inicio": "26/05/2025", "SOV_Proveedor": null, "SOV_Responsable": null, "SOV_Cuadrilla": null, "SOV_Unidad": 425, "SOV_Calle Principal": "GUENOAS", "SOV_CCZ": 11, "SOV_Resolucion": null, "SOV_Contrato": 2077, "SOV_Proyecto": null, "SOV_Modalidad": 1, "SOV_Descripcion de la Obra": null, "SOV_Nro. de Obra (interno)": 91171, "SOV_codigo_esquina": 105, "SOV_nombre_cruce": "JUAN ACOSTA" }, "geometry": { "type": "Point", "coordinates": [ -56.16663593892585, -34.851707184230264 ] } },
{ "type": "Feature", "properties": { "fid": 14372, "nom_calle": "JUAN ROSAS", "cod_depto": 1, "cod_locali": 20, "gid": 106161951.0, "cod_nombre": 6162, "tipo": "CALLE", "x": "576293.9007910999", "y": "6142744.89660092", "id_geom": "576293.90079_6142744.8966", "layer": "end_point_ejes", "path": "C:/Users/imm/Desktop/Magda/abril/end_point_ejes.gpkg", "id_vertice": 14372, "id_geom_num": null, "SOV_Costo Unitario": null, "SOV_Unidad de la Tarea": "m2", "SOV_Nombre Tarea": "BACHEO ASFALTICO SUPERFICIAL", "SOV_Codigo de Tarea": 2, "SOV_Codigo de Calle Ppal.": 6162, "SOV_Descripción Modalidad": "CONTRATO", "SOV_Nombre Proveedor": null, "SOV_Nombre Cuadrilla": null, "SOV_Nombre de Unidad": "MANTENIMIENTO VIAL", "SOV_Codigo de Unidad": 425, "SOV_Costo de la Tarea": null, "SOV_Cantidad de la Tarea": 9.7, "SOV_Agrupador Tarea": 1.02, "SOV_Fecha de la Tarea": "16/01/2026", "SOV_Observaciones": null, "SOV_Plan de Obra": null, "SOV_Fecha Recepcion Definitiva": null, "SOV_Fecha Recepcion Provisoria": null, "SOV_Fecha de Fin": null, "SOV_Fecha de Inicio": "26/05/2025", "SOV_Proveedor": null, "SOV_Responsable": null, "SOV_Cuadrilla": null, "SOV_Unidad": 425, "SOV_Calle Principal": "ROSAS JUAN", "SOV_CCZ": 11, "SOV_Resolucion": null, "SOV_Contrato": 2077, "SOV_Proyecto": null, "SOV_Modalidad": 1, "SOV_Descripcion de la Obra": null, "SOV_Nro. de Obra (interno)": 91175, "SOV_codigo_esquina": 5388, "SOV_nombre_cruce": "PEREZ LEON" }, "geometry": { "type": "Point", "coordinates": [ -56.165399912697616, -34.854767511959579 ] } },
{ "type": "Feature", "properties": { "fid": 14481, "nom_calle": "NICOLAS HERRERA", "cod_depto": 1, "cod_locali": 20, "gid": 106162060.0, "cod_nombre": 3354, "tipo": "CALLE", "x": "576511.74730417", "y": "6142789.290932299", "id_geom": "576511.7473_6142789.29093", "layer": "end_point_ejes", "path": "C:/Users/imm/Desktop/Magda/abril/end_point_ejes.gpkg", "id_vertice": 14481, "id_geom_num": null, "SOV_Costo Unitario": null, "SOV_Unidad de la Tarea": "m2", "SOV_Nombre Tarea": "BACHEO ASFALTICO SUPERFICIAL", "SOV_Codigo de Tarea": 2, "SOV_Codigo de Calle Ppal.": 6357, "SOV_Descripción Modalidad": "CONTRATO", "SOV_Nombre Proveedor": null, "SOV_Nombre Cuadrilla": null, "SOV_Nombre de Unidad": "MANTENIMIENTO VIAL", "SOV_Codigo de Unidad": 425, "SOV_Costo de la Tarea": null, "SOV_Cantidad de la Tarea": 0.93, "SOV_Agrupador Tarea": 1.02, "SOV_Fecha de la Tarea": "16/01/2026", "SOV_Observaciones": null, "SOV_Plan de Obra": null, "SOV_Fecha Recepcion Definitiva": null, "SOV_Fecha Recepcion Provisoria": null, "SOV_Fecha de Fin": null, "SOV_Fecha de Inicio": "26/05/2025", "SOV_Proveedor": null, "SOV_Responsable": null, "SOV_Cuadrilla": null, "SOV_Unidad": 425, "SOV_Calle Principal": "SANTA ANA", "SOV_CCZ": 11, "SOV_Resolucion": null, "SOV_Contrato": 2077, "SOV_Proyecto": null, "SOV_Modalidad": 1, "SOV_Descripcion de la Obra": null, "SOV_Nro. de Obra (interno)": 91173, "SOV_codigo_esquina": 3354, "SOV_nombre_cruce": "HERRERA NICOLAS" }, "geometry": { "type": "Point", "coordinates": [ -56.163021108750634, -34.854350845479168 ] } },
{ "type": "Feature", "properties": { "fid": 14484, "nom_calle": "LEON PEREZ", "cod_depto": 1, "cod_locali": 20, "gid": 106162063.0, "cod_nombre": 5388, "tipo": "CALLE", "x": "576293.9007910999", "y": "6142744.89660092", "id_geom": "576293.90079_6142744.8966", "layer": "end_point_ejes", "path": "C:/Users/imm/Desktop/Magda/abril/end_point_ejes.gpkg", "id_vertice": 14484, "id_geom_num": null, "SOV_Costo Unitario": null, "SOV_Unidad de la Tarea": "m2", "SOV_Nombre Tarea": "BACHEO ASFALTICO SUPERFICIAL", "SOV_Codigo de Tarea": 2, "SOV_Codigo de Calle Ppal.": 6162, "SOV_Descripción Modalidad": "CONTRATO", "SOV_Nombre Proveedor": null, "SOV_Nombre Cuadrilla": null, "SOV_Nombre de Unidad": "MANTENIMIENTO VIAL", "SOV_Codigo de Unidad": 425, "SOV_Costo de la Tarea": null, "SOV_Cantidad de la Tarea": 9.7, "SOV_Agrupador Tarea": 1.02, "SOV_Fecha de la Tarea": "16/01/2026", "SOV_Observaciones": null, "SOV_Plan de Obra": null, "SOV_Fecha Recepcion Definitiva": null, "SOV_Fecha Recepcion Provisoria": null, "SOV_Fecha de Fin": null, "SOV_Fecha de Inicio": "26/05/2025", "SOV_Proveedor": null, "SOV_Responsable": null, "SOV_Cuadrilla": null, "SOV_Unidad": 425, "SOV_Calle Principal": "ROSAS JUAN", "SOV_CCZ": 11, "SOV_Resolucion": null, "SOV_Contrato": 2077, "SOV_Proyecto": null, "SOV_Modalidad": 1, "SOV_Descripcion de la Obra": null, "SOV_Nro. de Obra (interno)": 91175, "SOV_codigo_esquina": 5388, "SOV_nombre_cruce": "PEREZ LEON" }, "geometry": { "type": "Point", "coordinates": [ -56.165399912697616, -34.854767511959579 ] } },
{ "type": "Feature", "properties": { "fid": 14664, "nom_calle": "AV GRAL SAN MARTIN", "cod_depto": 1, "cod_locali": 20, "gid": 106162264.0, "cod_nombre": 6315, "tipo": "AVENIDA", "x": "575938.504825223", "y": "6144012.492330015", "id_geom": "575938.50483_6144012.49233", "layer": "end_point_ejes", "path": "C:/Users/imm/Desktop/Magda/abril/end_point_ejes.gpkg", "id_vertice": 14664, "id_geom_num": null, "SOV_Costo Unitario": null, "SOV_Unidad de la Tarea": "m2", "SOV_Nombre Tarea": "BACHEO ASFALTICO SUPERFICIAL", "SOV_Codigo de Tarea": 2, "SOV_Codigo de Calle Ppal.": 6315, "SOV_Descripción Modalidad": "CONTRATO", "SOV_Nombre Proveedor": null, "SOV_Nombre Cuadrilla": null, "SOV_Nombre de Unidad": "MANTENIMIENTO VIAL", "SOV_Codigo de Unidad": 425, "SOV_Costo de la Tarea": null, "SOV_Cantidad de la Tarea": 51.35, "SOV_Agrupador Tarea": 1.02, "SOV_Fecha de la Tarea": "15/01/2026", "SOV_Observaciones": null, "SOV_Plan de Obra": null, "SOV_Fecha Recepcion Definitiva": null, "SOV_Fecha Recepcion Provisoria": null, "SOV_Fecha de Fin": null, "SOV_Fecha de Inicio": "26/05/2025", "SOV_Proveedor": null, "SOV_Responsable": null, "SOV_Cuadrilla": null, "SOV_Unidad": 425, "SOV_Calle Principal": "AV GRAL SAN MARTIN", "SOV_CCZ": 11, "SOV_Resolucion": null, "SOV_Contrato": 2077, "SOV_Proyecto": null, "SOV_Modalidad": 1, "SOV_Descripcion de la Obra": null, "SOV_Nro. de Obra (interno)": 91161, "SOV_codigo_esquina": 5877, "SOV_nombre_cruce": "RANCAGUA" }, "geometry": { "type": "Point", "coordinates": [ -56.169402187620243, -34.843364578268094 ] } },
{ "type": "Feature", "properties": { "fid": 14716, "nom_calle": "MILO BERETTA", "cod_depto": 1, "cod_locali": 20, "gid": 106162312.0, "cod_nombre": 932, "tipo": "CALLE", "x": "576284.946108721", "y": "6144556.778459132", "id_geom": "576284.94611_6144556.77846", "layer": "end_point_ejes", "path": "C:/Users/imm/Desktop/Magda/abril/end_point_ejes.gpkg", "id_vertice": 14716, "id_geom_num": null, "SOV_Costo Unitario": null, "SOV_Unidad de la Tarea": "m2", "SOV_Nombre Tarea": "BACHEO ASFALTICO SUPERFICIAL", "SOV_Codigo de Tarea": 2, "SOV_Codigo de Calle Ppal.": 913, "SOV_Descripción Modalidad": "CONTRATO", "SOV_Nombre Proveedor": null, "SOV_Nombre Cuadrilla": null, "SOV_Nombre de Unidad": "MANTENIMIENTO VIAL", "SOV_Codigo de Unidad": 425, "SOV_Costo de la Tarea": null, "SOV_Cantidad de la Tarea": 0.24, "SOV_Agrupador Tarea": 1.02, "SOV_Fecha de la Tarea": "15/01/2026", "SOV_Observaciones": null, "SOV_Plan de Obra": null, "SOV_Fecha Recepcion Definitiva": null, "SOV_Fecha Recepcion Provisoria": null, "SOV_Fecha de Fin": null, "SOV_Fecha de Inicio": "26/05/2025", "SOV_Proveedor": null, "SOV_Responsable": null, "SOV_Cuadrilla": null, "SOV_Unidad": 425, "SOV_Calle Principal": "GILBERTO BELLINI", "SOV_CCZ": 11, "SOV_Resolucion": null, "SOV_Contrato": 2077, "SOV_Proyecto": null, "SOV_Modalidad": 1, "SOV_Descripcion de la Obra": null, "SOV_Nro. de Obra (interno)": 91160, "SOV_codigo_esquina": 932, "SOV_nombre_cruce": "BERETTA MILO" }, "geometry": { "type": "Point", "coordinates": [ -56.16566277374789, -34.838430969813039 ] } },
{ "type": "Feature", "properties": { "fid": 14717, "nom_calle": "GILBERTO BELLINI", "cod_depto": 1, "cod_locali": 20, "gid": 106162313.0, "cod_nombre": 913, "tipo": "CALLE", "x": "576284.946108721", "y": "6144556.778459132", "id_geom": "576284.94611_6144556.77846", "layer": "end_point_ejes", "path": "C:/Users/imm/Desktop/Magda/abril/end_point_ejes.gpkg", "id_vertice": 14717, "id_geom_num": null, "SOV_Costo Unitario": null, "SOV_Unidad de la Tarea": "m2", "SOV_Nombre Tarea": "BACHEO ASFALTICO SUPERFICIAL", "SOV_Codigo de Tarea": 2, "SOV_Codigo de Calle Ppal.": 913, "SOV_Descripción Modalidad": "CONTRATO", "SOV_Nombre Proveedor": null, "SOV_Nombre Cuadrilla": null, "SOV_Nombre de Unidad": "MANTENIMIENTO VIAL", "SOV_Codigo de Unidad": 425, "SOV_Costo de la Tarea": null, "SOV_Cantidad de la Tarea": 0.24, "SOV_Agrupador Tarea": 1.02, "SOV_Fecha de la Tarea": "15/01/2026", "SOV_Observaciones": null, "SOV_Plan de Obra": null, "SOV_Fecha Recepcion Definitiva": null, "SOV_Fecha Recepcion Provisoria": null, "SOV_Fecha de Fin": null, "SOV_Fecha de Inicio": "26/05/2025", "SOV_Proveedor": null, "SOV_Responsable": null, "SOV_Cuadrilla": null, "SOV_Unidad": 425, "SOV_Calle Principal": "GILBERTO BELLINI", "SOV_CCZ": 11, "SOV_Resolucion": null, "SOV_Contrato": 2077, "SOV_Proyecto": null, "SOV_Modalidad": 1, "SOV_Descripcion de la Obra": null, "SOV_Nro. de Obra (interno)": 91160, "SOV_codigo_esquina": 932, "SOV_nombre_cruce": "BERETTA MILO" }, "geometry": { "type": "Point", "coordinates": [ -56.16566277374789, -34.838430969813039 ] } },
{ "type": "Feature", "properties": { "fid": 14833, "nom_calle": "RANCAGUA", "cod_depto": 1, "cod_locali": 20, "gid": 106162434.0, "cod_nombre": 5877, "tipo": "CALLE", "x": "575938.504825223", "y": "6144012.492330015", "id_geom": "575938.50483_6144012.49233", "layer": "end_point_ejes", "path": "C:/Users/imm/Desktop/Magda/abril/end_point_ejes.gpkg", "id_vertice": 14833, "id_geom_num": null, "SOV_Costo Unitario": null, "SOV_Unidad de la Tarea": "m2", "SOV_Nombre Tarea": "BACHEO ASFALTICO SUPERFICIAL", "SOV_Codigo de Tarea": 2, "SOV_Codigo de Calle Ppal.": 6315, "SOV_Descripción Modalidad": "CONTRATO", "SOV_Nombre Proveedor": null, "SOV_Nombre Cuadrilla": null, "SOV_Nombre de Unidad": "MANTENIMIENTO VIAL", "SOV_Codigo de Unidad": 425, "SOV_Costo de la Tarea": null, "SOV_Cantidad de la Tarea": 51.35, "SOV_Agrupador Tarea": 1.02, "SOV_Fecha de la Tarea": "15/01/2026", "SOV_Observaciones": null, "SOV_Plan de Obra": null, "SOV_Fecha Recepcion Definitiva": null, "SOV_Fecha Recepcion Provisoria": null, "SOV_Fecha de Fin": null, "SOV_Fecha de Inicio": "26/05/2025", "SOV_Proveedor": null, "SOV_Responsable": null, "SOV_Cuadrilla": null, "SOV_Unidad": 425, "SOV_Calle Principal": "AV GRAL SAN MARTIN", "SOV_CCZ": 11, "SOV_Resolucion": null, "SOV_Contrato": 2077, "SOV_Proyecto": null, "SOV_Modalidad": 1, "SOV_Descripcion de la Obra": null, "SOV_Nro. de Obra (interno)": 91161, "SOV_codigo_esquina": 5877, "SOV_nombre_cruce": "RANCAGUA" }, "geometry": { "type": "Point", "coordinates": [ -56.169402187620243, -34.843364578268094 ] } },
{ "type": "Feature", "properties": { "fid": 15194, "nom_calle": "MANUEL ARROTEA", "cod_depto": 1, "cod_locali": 20, "gid": 106162796.0, "cod_nombre": 576, "tipo": "CALLE", "x": "576546.3137675555", "y": "6142678.949876956", "id_geom": "576546.31377_6142678.94988", "layer": "end_point_ejes", "path": "C:/Users/imm/Desktop/Magda/abril/end_point_ejes.gpkg", "id_vertice": 15194, "id_geom_num": null, "SOV_Costo Unitario": null, "SOV_Unidad de la Tarea": "m2", "SOV_Nombre Tarea": "BACHEO ASFALTICO SUPERFICIAL", "SOV_Codigo de Tarea": 2, "SOV_Codigo de Calle Ppal.": 2754, "SOV_Descripción Modalidad": "CONTRATO", "SOV_Nombre Proveedor": null, "SOV_Nombre Cuadrilla": null, "SOV_Nombre de Unidad": "MANTENIMIENTO VIAL", "SOV_Codigo de Unidad": 425, "SOV_Costo de la Tarea": null, "SOV_Cantidad de la Tarea": 0.66, "SOV_Agrupador Tarea": 1.02, "SOV_Fecha de la Tarea": "16/01/2026", "SOV_Observaciones": null, "SOV_Plan de Obra": null, "SOV_Fecha Recepcion Definitiva": null, "SOV_Fecha Recepcion Provisoria": null, "SOV_Fecha de Fin": null, "SOV_Fecha de Inicio": "26/05/2025", "SOV_Proveedor": null, "SOV_Responsable": null, "SOV_Cuadrilla": null, "SOV_Unidad": 425, "SOV_Calle Principal": "AV GRAL FLORES", "SOV_CCZ": 11, "SOV_Resolucion": null, "SOV_Contrato": 2077, "SOV_Proyecto": null, "SOV_Modalidad": 1, "SOV_Descripcion de la Obra": null, "SOV_Nro. de Obra (interno)": 91174, "SOV_codigo_esquina": 576, "SOV_nombre_cruce": "MANUEL ARROTEA" }, "geometry": { "type": "Point", "coordinates": [ -56.162632932926357, -34.855343153983 ] } },
{ "type": "Feature", "properties": { "fid": 15199, "nom_calle": "AV GRAL FLORES", "cod_depto": 1, "cod_locali": 20, "gid": 106162801.0, "cod_nombre": 2754, "tipo": "AVENIDA", "x": "576546.3137675555", "y": "6142678.949876956", "id_geom": "576546.31377_6142678.94988", "layer": "end_point_ejes", "path": "C:/Users/imm/Desktop/Magda/abril/end_point_ejes.gpkg", "id_vertice": 15199, "id_geom_num": null, "SOV_Costo Unitario": null, "SOV_Unidad de la Tarea": "m2", "SOV_Nombre Tarea": "BACHEO ASFALTICO SUPERFICIAL", "SOV_Codigo de Tarea": 2, "SOV_Codigo de Calle Ppal.": 2754, "SOV_Descripción Modalidad": "CONTRATO", "SOV_Nombre Proveedor": null, "SOV_Nombre Cuadrilla": null, "SOV_Nombre de Unidad": "MANTENIMIENTO VIAL", "SOV_Codigo de Unidad": 425, "SOV_Costo de la Tarea": null, "SOV_Cantidad de la Tarea": 0.66, "SOV_Agrupador Tarea": 1.02, "SOV_Fecha de la Tarea": "16/01/2026", "SOV_Observaciones": null, "SOV_Plan de Obra": null, "SOV_Fecha Recepcion Definitiva": null, "SOV_Fecha Recepcion Provisoria": null, "SOV_Fecha de Fin": null, "SOV_Fecha de Inicio": "26/05/2025", "SOV_Proveedor": null, "SOV_Responsable": null, "SOV_Cuadrilla": null, "SOV_Unidad": 425, "SOV_Calle Principal": "AV GRAL FLORES", "SOV_CCZ": 11, "SOV_Resolucion": null, "SOV_Contrato": 2077, "SOV_Proyecto": null, "SOV_Modalidad": 1, "SOV_Descripcion de la Obra": null, "SOV_Nro. de Obra (interno)": 91174, "SOV_codigo_esquina": 576, "SOV_nombre_cruce": "MANUEL ARROTEA" }, "geometry": { "type": "Point", "coordinates": [ -56.162632932926357, -34.855343153983 ] } },
{ "type": "Feature", "properties": { "fid": 18241, "nom_calle": "AV DRA MA LUISA SALDUN DE RODRIGUEZ", "cod_depto": 1, "cod_locali": 20, "gid": 106166008.0, "cod_nombre": 7647, "tipo": "AVENIDA", "x": "584181.0418651724", "y": "6140207.849394751", "id_geom": "584181.04187_6140207.84939", "layer": "end_point_ejes", "path": "C:/Users/imm/Desktop/Magda/abril/end_point_ejes.gpkg", "id_vertice": 18241, "id_geom_num": null, "SOV_Costo Unitario": null, "SOV_Unidad de la Tarea": "m2", "SOV_Nombre Tarea": "BACHEO ASFALTICO SUPERFICIAL", "SOV_Codigo de Tarea": 2, "SOV_Codigo de Calle Ppal.": 7647, "SOV_Descripción Modalidad": "CONTRATO", "SOV_Nombre Proveedor": null, "SOV_Nombre Cuadrilla": null, "SOV_Nombre de Unidad": "MANTENIMIENTO VIAL", "SOV_Codigo de Unidad": 425, "SOV_Costo de la Tarea": null, "SOV_Cantidad de la Tarea": 25.17, "SOV_Agrupador Tarea": 1.02, "SOV_Fecha de la Tarea": "13/01/2026", "SOV_Observaciones": null, "SOV_Plan de Obra": null, "SOV_Fecha Recepcion Definitiva": null, "SOV_Fecha Recepcion Provisoria": null, "SOV_Fecha de Fin": null, "SOV_Fecha de Inicio": "26/05/2025", "SOV_Proveedor": null, "SOV_Responsable": null, "SOV_Cuadrilla": null, "SOV_Unidad": 425, "SOV_Calle Principal": "AV DRA MA LUISA SALDUN DE RODRIGUEZ", "SOV_CCZ": 8, "SOV_Resolucion": null, "SOV_Contrato": 2077, "SOV_Proyecto": null, "SOV_Modalidad": 1, "SOV_Descripcion de la Obra": null, "SOV_Nro. de Obra (interno)": 91122, "SOV_codigo_esquina": 6762, "SOV_nombre_cruce": "GRAL MAXIMO TAJES" }, "geometry": { "type": "Point", "coordinates": [ -56.078874657680686, -34.877020072456659 ] } },
{ "type": "Feature", "properties": { "fid": 18253, "nom_calle": "AV DRA MA LUISA SALDUN DE RODRIGUEZ", "cod_depto": 1, "cod_locali": 20, "gid": 106166029.0, "cod_nombre": 7647, "tipo": "AVENIDA", "x": "584181.0418651724", "y": "6140207.849394751", "id_geom": "584181.04187_6140207.84939", "layer": "end_point_ejes", "path": "C:/Users/imm/Desktop/Magda/abril/end_point_ejes.gpkg", "id_vertice": 18253, "id_geom_num": null, "SOV_Costo Unitario": null, "SOV_Unidad de la Tarea": "m2", "SOV_Nombre Tarea": "BACHEO ASFALTICO SUPERFICIAL", "SOV_Codigo de Tarea": 2, "SOV_Codigo de Calle Ppal.": 7647, "SOV_Descripción Modalidad": "CONTRATO", "SOV_Nombre Proveedor": null, "SOV_Nombre Cuadrilla": null, "SOV_Nombre de Unidad": "MANTENIMIENTO VIAL", "SOV_Codigo de Unidad": 425, "SOV_Costo de la Tarea": null, "SOV_Cantidad de la Tarea": 25.17, "SOV_Agrupador Tarea": 1.02, "SOV_Fecha de la Tarea": "13/01/2026", "SOV_Observaciones": null, "SOV_Plan de Obra": null, "SOV_Fecha Recepcion Definitiva": null, "SOV_Fecha Recepcion Provisoria": null, "SOV_Fecha de Fin": null, "SOV_Fecha de Inicio": "26/05/2025", "SOV_Proveedor": null, "SOV_Responsable": null, "SOV_Cuadrilla": null, "SOV_Unidad": 425, "SOV_Calle Principal": "AV DRA MA LUISA SALDUN DE RODRIGUEZ", "SOV_CCZ": 8, "SOV_Resolucion": null, "SOV_Contrato": 2077, "SOV_Proyecto": null, "SOV_Modalidad": 1, "SOV_Descripcion de la Obra": null, "SOV_Nro. de Obra (interno)": 91122, "SOV_codigo_esquina": 6762, "SOV_nombre_cruce": "GRAL MAXIMO TAJES" }, "geometry": { "type": "Point", "coordinates": [ -56.078874657680686, -34.877020072456659 ] } },
{ "type": "Feature", "properties": { "fid": 18296, "nom_calle": "CONSTANCIO C VIGIL", "cod_depto": 1, "cod_locali": 20, "gid": 106166072.0, "cod_nombre": 7292, "tipo": "CALLE", "x": "585783.7654132849", "y": "6140942.785335152", "id_geom": "585783.76541_6140942.78534", "layer": "end_point_ejes", "path": "C:/Users/imm/Desktop/Magda/abril/end_point_ejes.gpkg", "id_vertice": 18296, "id_geom_num": null, "SOV_Costo Unitario": null, "SOV_Unidad de la Tarea": "m2", "SOV_Nombre Tarea": "BACHEO ASFALTICO SUPERFICIAL", "SOV_Codigo de Tarea": 2, "SOV_Codigo de Calle Ppal.": 7292, "SOV_Descripción Modalidad": "CONTRATO", "SOV_Nombre Proveedor": null, "SOV_Nombre Cuadrilla": null, "SOV_Nombre de Unidad": "MANTENIMIENTO VIAL", "SOV_Codigo de Unidad": 425, "SOV_Costo de la Tarea": null, "SOV_Cantidad de la Tarea": 18.32, "SOV_Agrupador Tarea": 1.02, "SOV_Fecha de la Tarea": "22/01/2026", "SOV_Observaciones": null, "SOV_Plan de Obra": null, "SOV_Fecha Recepcion Definitiva": null, "SOV_Fecha Recepcion Provisoria": null, "SOV_Fecha de Fin": null, "SOV_Fecha de Inicio": "26/05/2025", "SOV_Proveedor": null, "SOV_Responsable": null, "SOV_Cuadrilla": null, "SOV_Unidad": 425, "SOV_Calle Principal": "CONSTANCIO C VIGIL", "SOV_CCZ": 8, "SOV_Resolucion": null, "SOV_Contrato": 2077, "SOV_Proyecto": null, "SOV_Modalidad": 1, "SOV_Descripcion de la Obra": null, "SOV_Nro. de Obra (interno)": 91268, "SOV_codigo_esquina": 3255, "SOV_nombre_cruce": "DR ALVARO VARGAS GUILLEMETTE" }, "geometry": { "type": "Point", "coordinates": [ -56.061414732125996, -34.870259462776374 ] } },
{ "type": "Feature", "properties": { "fid": 18345, "nom_calle": "DR ALVARO VARGAS GUILLEMETTE", "cod_depto": 1, "cod_locali": 20, "gid": 106166123.0, "cod_nombre": 3255, "tipo": "CALLE", "x": "585783.7654132849", "y": "6140942.785335152", "id_geom": "585783.76541_6140942.78534", "layer": "end_point_ejes", "path": "C:/Users/imm/Desktop/Magda/abril/end_point_ejes.gpkg", "id_vertice": 18345, "id_geom_num": null, "SOV_Costo Unitario": null, "SOV_Unidad de la Tarea": "m2", "SOV_Nombre Tarea": "BACHEO ASFALTICO SUPERFICIAL", "SOV_Codigo de Tarea": 2, "SOV_Codigo de Calle Ppal.": 7292, "SOV_Descripción Modalidad": "CONTRATO", "SOV_Nombre Proveedor": null, "SOV_Nombre Cuadrilla": null, "SOV_Nombre de Unidad": "MANTENIMIENTO VIAL", "SOV_Codigo de Unidad": 425, "SOV_Costo de la Tarea": null, "SOV_Cantidad de la Tarea": 18.32, "SOV_Agrupador Tarea": 1.02, "SOV_Fecha de la Tarea": "22/01/2026", "SOV_Observaciones": null, "SOV_Plan de Obra": null, "SOV_Fecha Recepcion Definitiva": null, "SOV_Fecha Recepcion Provisoria": null, "SOV_Fecha de Fin": null, "SOV_Fecha de Inicio": "26/05/2025", "SOV_Proveedor": null, "SOV_Responsable": null, "SOV_Cuadrilla": null, "SOV_Unidad": 425, "SOV_Calle Principal": "CONSTANCIO C VIGIL", "SOV_CCZ": 8, "SOV_Resolucion": null, "SOV_Contrato": 2077, "SOV_Proyecto": null, "SOV_Modalidad": 1, "SOV_Descripcion de la Obra": null, "SOV_Nro. de Obra (interno)": 91268, "SOV_codigo_esquina": 3255, "SOV_nombre_cruce": "DR ALVARO VARGAS GUILLEMETTE" }, "geometry": { "type": "Point", "coordinates": [ -56.061414732125996, -34.870259462776374 ] } },
{ "type": "Feature", "properties": { "fid": 20469, "nom_calle": "RUTA NAL 8 BRIG GRAL J A LAVALLEJA", "cod_depto": 1, "cod_locali": 20, "gid": 106168342.0, "cod_nombre": 9819, "tipo": "RUTA NACIONAL", "x": "586699.0766005463", "y": "6151376.264866895", "id_geom": "586699.0766_6151376.26487", "layer": "end_point_ejes", "path": "C:/Users/imm/Desktop/Magda/abril/end_point_ejes.gpkg", "id_vertice": 20469, "id_geom_num": null, "SOV_Costo Unitario": null, "SOV_Unidad de la Tarea": "m2", "SOV_Nombre Tarea": "BACHEO ASFALTICO SUPERFICIAL", "SOV_Codigo de Tarea": 2, "SOV_Codigo de Calle Ppal.": 2384, "SOV_Descripción Modalidad": "CONTRATO", "SOV_Nombre Proveedor": null, "SOV_Nombre Cuadrilla": null, "SOV_Nombre de Unidad": "MANTENIMIENTO VIAL", "SOV_Codigo de Unidad": 425, "SOV_Costo de la Tarea": null, "SOV_Cantidad de la Tarea": 3.43, "SOV_Agrupador Tarea": 1.02, "SOV_Fecha de la Tarea": "15/01/2026", "SOV_Observaciones": null, "SOV_Plan de Obra": null, "SOV_Fecha Recepcion Definitiva": null, "SOV_Fecha Recepcion Provisoria": null, "SOV_Fecha de Fin": null, "SOV_Fecha de Inicio": "26/05/2025", "SOV_Proveedor": null, "SOV_Responsable": null, "SOV_Cuadrilla": null, "SOV_Unidad": 425, "SOV_Calle Principal": "CNO MELCHOR DE VIANA", "SOV_CCZ": 9, "SOV_Resolucion": null, "SOV_Contrato": 2077, "SOV_Proyecto": null, "SOV_Modalidad": 1, "SOV_Descripcion de la Obra": null, "SOV_Nro. de Obra (interno)": 91141, "SOV_codigo_esquina": 9819, "SOV_nombre_cruce": "RUTA 8 BRIG GRAL JUAN A LAVALLEJA" }, "geometry": { "type": "Point", "coordinates": [ -56.052479261047132, -34.776108634011301 ] } },
{ "type": "Feature", "properties": { "fid": 20653, "nom_calle": "CNO MELCHOR DE VIANA", "cod_depto": 1, "cod_locali": 20, "gid": 106168529.0, "cod_nombre": 2384, "tipo": "CAMINO", "x": "586699.0766005463", "y": "6151376.264866895", "id_geom": "586699.0766_6151376.26487", "layer": "end_point_ejes", "path": "C:/Users/imm/Desktop/Magda/abril/end_point_ejes.gpkg", "id_vertice": 20653, "id_geom_num": null, "SOV_Costo Unitario": null, "SOV_Unidad de la Tarea": "m2", "SOV_Nombre Tarea": "BACHEO ASFALTICO SUPERFICIAL", "SOV_Codigo de Tarea": 2, "SOV_Codigo de Calle Ppal.": 2384, "SOV_Descripción Modalidad": "CONTRATO", "SOV_Nombre Proveedor": null, "SOV_Nombre Cuadrilla": null, "SOV_Nombre de Unidad": "MANTENIMIENTO VIAL", "SOV_Codigo de Unidad": 425, "SOV_Costo de la Tarea": null, "SOV_Cantidad de la Tarea": 3.43, "SOV_Agrupador Tarea": 1.02, "SOV_Fecha de la Tarea": "15/01/2026", "SOV_Observaciones": null, "SOV_Plan de Obra": null, "SOV_Fecha Recepcion Definitiva": null, "SOV_Fecha Recepcion Provisoria": null, "SOV_Fecha de Fin": null, "SOV_Fecha de Inicio": "26/05/2025", "SOV_Proveedor": null, "SOV_Responsable": null, "SOV_Cuadrilla": null, "SOV_Unidad": 425, "SOV_Calle Principal": "CNO MELCHOR DE VIANA", "SOV_CCZ": 9, "SOV_Resolucion": null, "SOV_Contrato": 2077, "SOV_Proyecto": null, "SOV_Modalidad": 1, "SOV_Descripcion de la Obra": null, "SOV_Nro. de Obra (interno)": 91141, "SOV_codigo_esquina": 9819, "SOV_nombre_cruce": "RUTA 8 BRIG GRAL JUAN A LAVALLEJA" }, "geometry": { "type": "Point", "coordinates": [ -56.052479261047132, -34.776108634011301 ] } },
{ "type": "Feature", "properties": { "fid": 20668, "nom_calle": "RUTA NAL 8 BRIG GRAL J A LAVALLEJA", "cod_depto": 1, "cod_locali": 20, "gid": 106168544.0, "cod_nombre": 9819, "tipo": "RUTA NACIONAL", "x": "586699.0766005463", "y": "6151376.264866895", "id_geom": "586699.0766_6151376.26487", "layer": "end_point_ejes", "path": "C:/Users/imm/Desktop/Magda/abril/end_point_ejes.gpkg", "id_vertice": 20668, "id_geom_num": null, "SOV_Costo Unitario": null, "SOV_Unidad de la Tarea": "m2", "SOV_Nombre Tarea": "BACHEO ASFALTICO SUPERFICIAL", "SOV_Codigo de Tarea": 2, "SOV_Codigo de Calle Ppal.": 2384, "SOV_Descripción Modalidad": "CONTRATO", "SOV_Nombre Proveedor": null, "SOV_Nombre Cuadrilla": null, "SOV_Nombre de Unidad": "MANTENIMIENTO VIAL", "SOV_Codigo de Unidad": 425, "SOV_Costo de la Tarea": null, "SOV_Cantidad de la Tarea": 3.43, "SOV_Agrupador Tarea": 1.02, "SOV_Fecha de la Tarea": "15/01/2026", "SOV_Observaciones": null, "SOV_Plan de Obra": null, "SOV_Fecha Recepcion Definitiva": null, "SOV_Fecha Recepcion Provisoria": null, "SOV_Fecha de Fin": null, "SOV_Fecha de Inicio": "26/05/2025", "SOV_Proveedor": null, "SOV_Responsable": null, "SOV_Cuadrilla": null, "SOV_Unidad": 425, "SOV_Calle Principal": "CNO MELCHOR DE VIANA", "SOV_CCZ": 9, "SOV_Resolucion": null, "SOV_Contrato": 2077, "SOV_Proyecto": null, "SOV_Modalidad": 1, "SOV_Descripcion de la Obra": null, "SOV_Nro. de Obra (interno)": 91141, "SOV_codigo_esquina": 9819, "SOV_nombre_cruce": "RUTA 8 BRIG GRAL JUAN A LAVALLEJA" }, "geometry": { "type": "Point", "coordinates": [ -56.052479261047132, -34.776108634011301 ] } },
{ "type": "Feature", "properties": { "fid": 23026, "nom_calle": "AV CESAR MAYO GUTIERREZ", "cod_depto": 1, "cod_locali": 20, "gid": 106171049.0, "cod_nombre": 3270, "tipo": "CALZADA DE SERVICIO", "x": "570966.4031033249", "y": "6149523.828679684", "id_geom": "570966.4031_6149523.82868", "layer": "end_point_ejes", "path": "C:/Users/imm/Desktop/Magda/abril/end_point_ejes.gpkg", "id_vertice": 23026, "id_geom_num": null, "SOV_Costo Unitario": null, "SOV_Unidad de la Tarea": "m2", "SOV_Nombre Tarea": "BACHEO ASFALTICO SUPERFICIAL", "SOV_Codigo de Tarea": 2, "SOV_Codigo de Calle Ppal.": 3270, "SOV_Descripción Modalidad": "CONTRATO", "SOV_Nombre Proveedor": null, "SOV_Nombre Cuadrilla": null, "SOV_Nombre de Unidad": "MANTENIMIENTO VIAL", "SOV_Codigo de Unidad": 425, "SOV_Costo de la Tarea": null, "SOV_Cantidad de la Tarea": 3.58, "SOV_Agrupador Tarea": 1.02, "SOV_Fecha de la Tarea": "19/01/2026", "SOV_Observaciones": null, "SOV_Plan de Obra": null, "SOV_Fecha Recepcion Definitiva": null, "SOV_Fecha Recepcion Provisoria": null, "SOV_Fecha de Fin": null, "SOV_Fecha de Inicio": "26/05/2025", "SOV_Proveedor": null, "SOV_Responsable": null, "SOV_Cuadrilla": null, "SOV_Unidad": 425, "SOV_Calle Principal": "AV CESAR MAYO GUTIERREZ", "SOV_CCZ": 12, "SOV_Resolucion": null, "SOV_Contrato": 2077, "SOV_Proyecto": null, "SOV_Modalidad": 1, "SOV_Descripcion de la Obra": null, "SOV_Nro. de Obra (interno)": 91186, "SOV_codigo_esquina": 4014, "SOV_nombre_cruce": "CNO CARLOS A LOPEZ" }, "geometry": { "type": "Point", "coordinates": [ -56.224247328398178, -34.794028704330117 ] } },
{ "type": "Feature", "properties": { "fid": 23375, "nom_calle": "YUTY", "cod_depto": 1, "cod_locali": 20, "gid": 106171412.0, "cod_nombre": 7458, "tipo": "CALLE", "x": "571597.200162707", "y": "6147570.948220833", "id_geom": "571597.20016_6147570.94822", "layer": "end_point_ejes", "path": "C:/Users/imm/Desktop/Magda/abril/end_point_ejes.gpkg", "id_vertice": 23375, "id_geom_num": null, "SOV_Costo Unitario": null, "SOV_Unidad de la Tarea": "m2", "SOV_Nombre Tarea": "BACHEO ASFALTICO SUPERFICIAL", "SOV_Codigo de Tarea": 2, "SOV_Codigo de Calle Ppal.": 2847, "SOV_Descripción Modalidad": "CONTRATO", "SOV_Nombre Proveedor": null, "SOV_Nombre Cuadrilla": null, "SOV_Nombre de Unidad": "MANTENIMIENTO VIAL", "SOV_Codigo de Unidad": 425, "SOV_Costo de la Tarea": null, "SOV_Cantidad de la Tarea": 24.52, "SOV_Agrupador Tarea": 1.02, "SOV_Fecha de la Tarea": "20/01/2026", "SOV_Observaciones": null, "SOV_Plan de Obra": null, "SOV_Fecha Recepcion Definitiva": null, "SOV_Fecha Recepcion Provisoria": null, "SOV_Fecha de Fin": null, "SOV_Fecha de Inicio": "26/05/2025", "SOV_Proveedor": null, "SOV_Responsable": null, "SOV_Cuadrilla": null, "SOV_Unidad": 425, "SOV_Calle Principal": "ISIDRO FYNN", "SOV_CCZ": 12, "SOV_Resolucion": null, "SOV_Contrato": 2077, "SOV_Proyecto": null, "SOV_Modalidad": 1, "SOV_Descripcion de la Obra": null, "SOV_Nro. de Obra (interno)": 91189, "SOV_codigo_esquina": 7458, "SOV_nombre_cruce": "YUTY" }, "geometry": { "type": "Point", "coordinates": [ -56.217186020352223, -34.811593471954964 ] } },
{ "type": "Feature", "properties": { "fid": 23931, "nom_calle": "CNO AL OBELISCO", "cod_depto": 1, "cod_locali": 20, "gid": 106171992.0, "cod_nombre": 203, "tipo": "CAMINO", "x": "575273.4364097632", "y": "6155396.4848286165", "id_geom": "575273.43641_6155396.48483", "layer": "end_point_ejes", "path": "C:/Users/imm/Desktop/Magda/abril/end_point_ejes.gpkg", "id_vertice": 23931, "id_geom_num": null, "SOV_Costo Unitario": null, "SOV_Unidad de la Tarea": "m2", "SOV_Nombre Tarea": "BACHEO ASFALTICO SUPERFICIAL", "SOV_Codigo de Tarea": 2, "SOV_Codigo de Calle Ppal.": 203, "SOV_Descripción Modalidad": "CONTRATO", "SOV_Nombre Proveedor": null, "SOV_Nombre Cuadrilla": null, "SOV_Nombre de Unidad": "MANTENIMIENTO VIAL", "SOV_Codigo de Unidad": 425, "SOV_Costo de la Tarea": null, "SOV_Cantidad de la Tarea": 8.95, "SOV_Agrupador Tarea": 1.02, "SOV_Fecha de la Tarea": "19/01/2026", "SOV_Observaciones": null, "SOV_Plan de Obra": null, "SOV_Fecha Recepcion Definitiva": null, "SOV_Fecha Recepcion Provisoria": null, "SOV_Fecha de Fin": null, "SOV_Fecha de Inicio": "26/05/2025", "SOV_Proveedor": null, "SOV_Responsable": null, "SOV_Cuadrilla": null, "SOV_Unidad": 425, "SOV_Calle Principal": "CNO AL OBELISCO", "SOV_CCZ": 12, "SOV_Resolucion": null, "SOV_Contrato": 2077, "SOV_Proyecto": null, "SOV_Modalidad": 1, "SOV_Descripcion de la Obra": null, "SOV_Nro. de Obra (interno)": 91184, "SOV_codigo_esquina": 2269, "SOV_nombre_cruce": "CNO  A LA CUCHILLA PEREIRA" }, "geometry": { "type": "Point", "coordinates": [ -56.177695545143123, -34.740766643702102 ] } },
{ "type": "Feature", "properties": { "fid": 24184, "nom_calle": "JUAN BAUTISTA SAA", "cod_depto": 1, "cod_locali": 20, "gid": 106172269.0, "cod_nombre": 6200, "tipo": "CALLE", "x": "570176.0806971521", "y": "6145311.165760439", "id_geom": "570176.0807_6145311.16576", "layer": "end_point_ejes", "path": "C:/Users/imm/Desktop/Magda/abril/end_point_ejes.gpkg", "id_vertice": 24184, "id_geom_num": null, "SOV_Costo Unitario": null, "SOV_Unidad de la Tarea": "m2", "SOV_Nombre Tarea": "BACHEO ASFALTICO SUPERFICIAL", "SOV_Codigo de Tarea": 2, "SOV_Codigo de Calle Ppal.": 6200, "SOV_Descripción Modalidad": "ADMINISTRACION", "SOV_Nombre Proveedor": null, "SOV_Nombre Cuadrilla": "CUADRILLA 9", "SOV_Nombre de Unidad": "MANTENIMIENTO VIAL", "SOV_Codigo de Unidad": 425, "SOV_Costo de la Tarea": null, "SOV_Cantidad de la Tarea": 18.0, "SOV_Agrupador Tarea": 1.02, "SOV_Fecha de la Tarea": "22/01/2026", "SOV_Observaciones": null, "SOV_Plan de Obra": null, "SOV_Fecha Recepcion Definitiva": null, "SOV_Fecha Recepcion Provisoria": null, "SOV_Fecha de Fin": null, "SOV_Fecha de Inicio": "01/01/2025", "SOV_Proveedor": null, "SOV_Responsable": null, "SOV_Cuadrilla": 3.0, "SOV_Unidad": 425, "SOV_Calle Principal": "SAA JUAN BAUTISTA", "SOV_CCZ": 13, "SOV_Resolucion": null, "SOV_Contrato": null, "SOV_Proyecto": null, "SOV_Modalidad": 3, "SOV_Descripcion de la Obra": null, "SOV_Nro. de Obra (interno)": 91524, "SOV_codigo_esquina": 4992, "SOV_nombre_cruce": "ORTICOCHEA MARIA" }, "geometry": { "type": "Point", "coordinates": [ -56.23253372247266, -34.832068654650364 ] } },
{ "type": "Feature", "properties": { "fid": 24245, "nom_calle": "MARIA ORTICOCHEA", "cod_depto": 1, "cod_locali": 20, "gid": 106172335.0, "cod_nombre": 4992, "tipo": "CALLE", "x": "570176.0806971521", "y": "6145311.165760439", "id_geom": "570176.0807_6145311.16576", "layer": "end_point_ejes", "path": "C:/Users/imm/Desktop/Magda/abril/end_point_ejes.gpkg", "id_vertice": 24245, "id_geom_num": null, "SOV_Costo Unitario": null, "SOV_Unidad de la Tarea": "m2", "SOV_Nombre Tarea": "BACHEO ASFALTICO SUPERFICIAL", "SOV_Codigo de Tarea": 2, "SOV_Codigo de Calle Ppal.": 6200, "SOV_Descripción Modalidad": "ADMINISTRACION", "SOV_Nombre Proveedor": null, "SOV_Nombre Cuadrilla": "CUADRILLA 9", "SOV_Nombre de Unidad": "MANTENIMIENTO VIAL", "SOV_Codigo de Unidad": 425, "SOV_Costo de la Tarea": null, "SOV_Cantidad de la Tarea": 18.0, "SOV_Agrupador Tarea": 1.02, "SOV_Fecha de la Tarea": "22/01/2026", "SOV_Observaciones": null, "SOV_Plan de Obra": null, "SOV_Fecha Recepcion Definitiva": null, "SOV_Fecha Recepcion Provisoria": null, "SOV_Fecha de Fin": null, "SOV_Fecha de Inicio": "01/01/2025", "SOV_Proveedor": null, "SOV_Responsable": null, "SOV_Cuadrilla": 3.0, "SOV_Unidad": 425, "SOV_Calle Principal": "SAA JUAN BAUTISTA", "SOV_CCZ": 13, "SOV_Resolucion": null, "SOV_Contrato": null, "SOV_Proyecto": null, "SOV_Modalidad": 3, "SOV_Descripcion de la Obra": null, "SOV_Nro. de Obra (interno)": 91524, "SOV_codigo_esquina": 4992, "SOV_nombre_cruce": "ORTICOCHEA MARIA" }, "geometry": { "type": "Point", "coordinates": [ -56.23253372247266, -34.832068654650364 ] } },
{ "type": "Feature", "properties": { "fid": 25482, "nom_calle": "CARVE", "cod_depto": 1, "cod_locali": 20, "gid": 106173663.0, "cod_nombre": 1695, "tipo": "CALLE", "x": "569825.7399779884", "y": "6148255.237054868", "id_geom": "569825.73998_6148255.23705", "layer": "end_point_ejes", "path": "C:/Users/imm/Desktop/Magda/abril/end_point_ejes.gpkg", "id_vertice": 25482, "id_geom_num": null, "SOV_Costo Unitario": null, "SOV_Unidad de la Tarea": "m2", "SOV_Nombre Tarea": "BACHEO ASFALTICO SUPERFICIAL", "SOV_Codigo de Tarea": 2, "SOV_Codigo de Calle Ppal.": 1695, "SOV_Descripción Modalidad": "CONTRATO", "SOV_Nombre Proveedor": null, "SOV_Nombre Cuadrilla": null, "SOV_Nombre de Unidad": "MANTENIMIENTO VIAL", "SOV_Codigo de Unidad": 425, "SOV_Costo de la Tarea": null, "SOV_Cantidad de la Tarea": 3.89, "SOV_Agrupador Tarea": 1.02, "SOV_Fecha de la Tarea": "15/01/2026", "SOV_Observaciones": null, "SOV_Plan de Obra": null, "SOV_Fecha Recepcion Definitiva": null, "SOV_Fecha Recepcion Provisoria": null, "SOV_Fecha de Fin": null, "SOV_Fecha de Inicio": "26/05/2025", "SOV_Proveedor": null, "SOV_Responsable": null, "SOV_Cuadrilla": null, "SOV_Unidad": 425, "SOV_Calle Principal": "CARVE", "SOV_CCZ": 12, "SOV_Resolucion": null, "SOV_Contrato": 2077, "SOV_Proyecto": null, "SOV_Modalidad": 1, "SOV_Descripcion de la Obra": null, "SOV_Nro. de Obra (interno)": 91158, "SOV_codigo_esquina": 5340, "SOV_nombre_cruce": "OTT CARLOS" }, "geometry": { "type": "Point", "coordinates": [ -56.236609788299745, -34.80554634462387 ] } },
{ "type": "Feature", "properties": { "fid": 25536, "nom_calle": "CARLOS OTT", "cod_depto": 1, "cod_locali": 20, "gid": 106173722.0, "cod_nombre": 5340, "tipo": "CALLE", "x": "569825.7399779884", "y": "6148255.237054868", "id_geom": "569825.73998_6148255.23705", "layer": "end_point_ejes", "path": "C:/Users/imm/Desktop/Magda/abril/end_point_ejes.gpkg", "id_vertice": 25536, "id_geom_num": null, "SOV_Costo Unitario": null, "SOV_Unidad de la Tarea": "m2", "SOV_Nombre Tarea": "BACHEO ASFALTICO SUPERFICIAL", "SOV_Codigo de Tarea": 2, "SOV_Codigo de Calle Ppal.": 1695, "SOV_Descripción Modalidad": "CONTRATO", "SOV_Nombre Proveedor": null, "SOV_Nombre Cuadrilla": null, "SOV_Nombre de Unidad": "MANTENIMIENTO VIAL", "SOV_Codigo de Unidad": 425, "SOV_Costo de la Tarea": null, "SOV_Cantidad de la Tarea": 3.89, "SOV_Agrupador Tarea": 1.02, "SOV_Fecha de la Tarea": "15/01/2026", "SOV_Observaciones": null, "SOV_Plan de Obra": null, "SOV_Fecha Recepcion Definitiva": null, "SOV_Fecha Recepcion Provisoria": null, "SOV_Fecha de Fin": null, "SOV_Fecha de Inicio": "26/05/2025", "SOV_Proveedor": null, "SOV_Responsable": null, "SOV_Cuadrilla": null, "SOV_Unidad": 425, "SOV_Calle Principal": "CARVE", "SOV_CCZ": 12, "SOV_Resolucion": null, "SOV_Contrato": 2077, "SOV_Proyecto": null, "SOV_Modalidad": 1, "SOV_Descripcion de la Obra": null, "SOV_Nro. de Obra (interno)": 91158, "SOV_codigo_esquina": 5340, "SOV_nombre_cruce": "OTT CARLOS" }, "geometry": { "type": "Point", "coordinates": [ -56.236609788299745, -34.80554634462387 ] } },
{ "type": "Feature", "properties": { "fid": 25863, "nom_calle": "GIOIA", "cod_depto": 1, "cod_locali": 20, "gid": 106174114.0, "cod_nombre": 3003, "tipo": "CALLE", "x": "569199.1705309554", "y": "6149407.290646158", "id_geom": "569199.17053_6149407.29065", "layer": "end_point_ejes", "path": "C:/Users/imm/Desktop/Magda/abril/end_point_ejes.gpkg", "id_vertice": 25863, "id_geom_num": null, "SOV_Costo Unitario": null, "SOV_Unidad de la Tarea": "m2", "SOV_Nombre Tarea": "BACHEO ASFALTICO SUPERFICIAL", "SOV_Codigo de Tarea": 2, "SOV_Codigo de Calle Ppal.": 5505, "SOV_Descripción Modalidad": "CONTRATO", "SOV_Nombre Proveedor": null, "SOV_Nombre Cuadrilla": null, "SOV_Nombre de Unidad": "MANTENIMIENTO VIAL", "SOV_Codigo de Unidad": 425, "SOV_Costo de la Tarea": null, "SOV_Cantidad de la Tarea": 22.14, "SOV_Agrupador Tarea": 1.02, "SOV_Fecha de la Tarea": "14/01/2026", "SOV_Observaciones": null, "SOV_Plan de Obra": null, "SOV_Fecha Recepcion Definitiva": null, "SOV_Fecha Recepcion Provisoria": null, "SOV_Fecha de Fin": null, "SOV_Fecha de Inicio": "26/05/2025", "SOV_Proveedor": null, "SOV_Responsable": null, "SOV_Cuadrilla": null, "SOV_Unidad": 425, "SOV_Calle Principal": "PINTA", "SOV_CCZ": 12, "SOV_Resolucion": null, "SOV_Contrato": 2077, "SOV_Proyecto": null, "SOV_Modalidad": 1, "SOV_Descripcion de la Obra": null, "SOV_Nro. de Obra (interno)": 91152, "SOV_codigo_esquina": 3003, "SOV_nombre_cruce": "GIOIA" }, "geometry": { "type": "Point", "coordinates": [ -56.24355431120906, -34.79520111140662 ] } },
{ "type": "Feature", "properties": { "fid": 25871, "nom_calle": "PINTA", "cod_depto": 1, "cod_locali": 20, "gid": 106174120.0, "cod_nombre": 5505, "tipo": "CALLE", "x": "569402.4810881226", "y": "6149596.499195575", "id_geom": "569402.48109_6149596.4992", "layer": "end_point_ejes", "path": "C:/Users/imm/Desktop/Magda/abril/end_point_ejes.gpkg", "id_vertice": 25871, "id_geom_num": null, "SOV_Costo Unitario": null, "SOV_Unidad de la Tarea": "m2", "SOV_Nombre Tarea": "BACHEO ASFALTICO SUPERFICIAL", "SOV_Codigo de Tarea": 2, "SOV_Codigo de Calle Ppal.": 2670, "SOV_Descripción Modalidad": "CONTRATO", "SOV_Nombre Proveedor": null, "SOV_Nombre Cuadrilla": null, "SOV_Nombre de Unidad": "MANTENIMIENTO VIAL", "SOV_Codigo de Unidad": 425, "SOV_Costo de la Tarea": null, "SOV_Cantidad de la Tarea": 0.98, "SOV_Agrupador Tarea": 1.02, "SOV_Fecha de la Tarea": "14/01/2026", "SOV_Observaciones": null, "SOV_Plan de Obra": null, "SOV_Fecha Recepcion Definitiva": null, "SOV_Fecha Recepcion Provisoria": null, "SOV_Fecha de Fin": null, "SOV_Fecha de Inicio": "26/05/2025", "SOV_Proveedor": null, "SOV_Responsable": null, "SOV_Cuadrilla": null, "SOV_Unidad": 425, "SOV_Calle Principal": "CNO FAUQUET", "SOV_CCZ": 12, "SOV_Resolucion": null, "SOV_Contrato": 2077, "SOV_Proyecto": null, "SOV_Modalidad": 1, "SOV_Descripcion de la Obra": null, "SOV_Nro. de Obra (interno)": 91154, "SOV_codigo_esquina": 5505, "SOV_nombre_cruce": "PINTA" }, "geometry": { "type": "Point", "coordinates": [ -56.241347636377519, -34.793481193938774 ] } },
{ "type": "Feature", "properties": { "fid": 25967, "nom_calle": "PSJE 1 (8191)", "cod_depto": 1, "cod_locali": 20, "gid": 106174369.0, "cod_nombre": 8191, "tipo": "PASAJE VEHICULAR", "x": "569790.4288550046", "y": "6148541.787280353", "id_geom": "569790.42886_6148541.78728", "layer": "end_point_ejes", "path": "C:/Users/imm/Desktop/Magda/abril/end_point_ejes.gpkg", "id_vertice": 25967, "id_geom_num": null, "SOV_Costo Unitario": null, "SOV_Unidad de la Tarea": "m2", "SOV_Nombre Tarea": "BACHEO ASFALTICO SUPERFICIAL", "SOV_Codigo de Tarea": 2, "SOV_Codigo de Calle Ppal.": 8191, "SOV_Descripción Modalidad": "CONTRATO", "SOV_Nombre Proveedor": null, "SOV_Nombre Cuadrilla": null, "SOV_Nombre de Unidad": "MANTENIMIENTO VIAL", "SOV_Codigo de Unidad": 425, "SOV_Costo de la Tarea": null, "SOV_Cantidad de la Tarea": 8.17, "SOV_Agrupador Tarea": 1.02, "SOV_Fecha de la Tarea": "14/01/2026", "SOV_Observaciones": null, "SOV_Plan de Obra": null, "SOV_Fecha Recepcion Definitiva": null, "SOV_Fecha Recepcion Provisoria": null, "SOV_Fecha de Fin": null, "SOV_Fecha de Inicio": "26/05/2025", "SOV_Proveedor": null, "SOV_Responsable": null, "SOV_Cuadrilla": null, "SOV_Unidad": 425, "SOV_Calle Principal": "PSJE 1 (8191)", "SOV_CCZ": 12, "SOV_Resolucion": null, "SOV_Contrato": 2077, "SOV_Proyecto": null, "SOV_Modalidad": 1, "SOV_Descripcion de la Obra": null, "SOV_Nro. de Obra (interno)": 91195, "SOV_codigo_esquina": 8192, "SOV_nombre_cruce": "PSJE 3 (8192)" }, "geometry": { "type": "Point", "coordinates": [ -56.237019618161717, -34.802964962086151 ] } },
{ "type": "Feature", "properties": { "fid": 25978, "nom_calle": "PSJE 1 (8191)", "cod_depto": 1, "cod_locali": 20, "gid": 106174375.0, "cod_nombre": 8191, "tipo": "PASAJE VEHICULAR", "x": "569852.4316336078", "y": "6148526.367122503", "id_geom": "569852.43163_6148526.36712", "layer": "end_point_ejes", "path": "C:/Users/imm/Desktop/Magda/abril/end_point_ejes.gpkg", "id_vertice": 25978, "id_geom_num": null, "SOV_Costo Unitario": null, "SOV_Unidad de la Tarea": "m2", "SOV_Nombre Tarea": "BACHEO ASFALTICO SUPERFICIAL", "SOV_Codigo de Tarea": 2, "SOV_Codigo de Calle Ppal.": 5340, "SOV_Descripción Modalidad": "CONTRATO", "SOV_Nombre Proveedor": null, "SOV_Nombre Cuadrilla": null, "SOV_Nombre de Unidad": "MANTENIMIENTO VIAL", "SOV_Codigo de Unidad": 425, "SOV_Costo de la Tarea": null, "SOV_Cantidad de la Tarea": 8.64, "SOV_Agrupador Tarea": 1.02, "SOV_Fecha de la Tarea": "15/01/2026", "SOV_Observaciones": null, "SOV_Plan de Obra": null, "SOV_Fecha Recepcion Definitiva": null, "SOV_Fecha Recepcion Provisoria": null, "SOV_Fecha de Fin": null, "SOV_Fecha de Inicio": "26/05/2025", "SOV_Proveedor": null, "SOV_Responsable": null, "SOV_Cuadrilla": null, "SOV_Unidad": 425, "SOV_Calle Principal": "OTT CARLOS", "SOV_CCZ": 12, "SOV_Resolucion": null, "SOV_Contrato": 2077, "SOV_Proyecto": null, "SOV_Modalidad": 1, "SOV_Descripcion de la Obra": null, "SOV_Nro. de Obra (interno)": 91159, "SOV_codigo_esquina": 8191, "SOV_nombre_cruce": "PSJE 1 (8191)" }, "geometry": { "type": "Point", "coordinates": [ -56.236340546782486, -34.803099753205714 ] } },
{ "type": "Feature", "properties": { "fid": 25979, "nom_calle": "AV LEZICA", "cod_depto": 1, "cod_locali": 20, "gid": 106174376.0, "cod_nombre": 3918, "tipo": "AVENIDA", "x": "569814.2831839414", "y": "6148661.940383654", "id_geom": "569814.28318_6148661.94038", "layer": "end_point_ejes", "path": "C:/Users/imm/Desktop/Magda/abril/end_point_ejes.gpkg", "id_vertice": 25979, "id_geom_num": null, "SOV_Costo Unitario": null, "SOV_Unidad de la Tarea": "m2", "SOV_Nombre Tarea": "BACHEO ASFALTICO SUPERFICIAL", "SOV_Codigo de Tarea": 2, "SOV_Codigo de Calle Ppal.": 3918, "SOV_Descripción Modalidad": "CONTRATO", "SOV_Nombre Proveedor": null, "SOV_Nombre Cuadrilla": null, "SOV_Nombre de Unidad": "MANTENIMIENTO VIAL", "SOV_Codigo de Unidad": 425, "SOV_Costo de la Tarea": null, "SOV_Cantidad de la Tarea": 8.07, "SOV_Agrupador Tarea": 1.02, "SOV_Fecha de la Tarea": "13/01/2026", "SOV_Observaciones": null, "SOV_Plan de Obra": null, "SOV_Fecha Recepcion Definitiva": null, "SOV_Fecha Recepcion Provisoria": null, "SOV_Fecha de Fin": null, "SOV_Fecha de Inicio": "26/05/2025", "SOV_Proveedor": null, "SOV_Responsable": null, "SOV_Cuadrilla": null, "SOV_Unidad": 425, "SOV_Calle Principal": "AV LEZICA", "SOV_CCZ": 12, "SOV_Resolucion": null, "SOV_Contrato": 2077, "SOV_Proyecto": null, "SOV_Modalidad": 1, "SOV_Descripcion de la Obra": null, "SOV_Nro. de Obra (interno)": 91135, "SOV_codigo_esquina": 5340, "SOV_nombre_cruce": "OTT CARLOS" }, "geometry": { "type": "Point", "coordinates": [ -56.236768839102837, -34.801879914436235 ] } },
{ "type": "Feature", "properties": { "fid": 25980, "nom_calle": "PSJE DE LA CAÑADA", "cod_depto": 1, "cod_locali": 20, "gid": 106174377.0, "cod_nombre": 8194, "tipo": "PASAJE VEHICULAR", "x": "569814.2831839414", "y": "6148661.940383654", "id_geom": "569814.28318_6148661.94038", "layer": "end_point_ejes", "path": "C:/Users/imm/Desktop/Magda/abril/end_point_ejes.gpkg", "id_vertice": 25980, "id_geom_num": null, "SOV_Costo Unitario": null, "SOV_Unidad de la Tarea": "m2", "SOV_Nombre Tarea": "BACHEO ASFALTICO SUPERFICIAL", "SOV_Codigo de Tarea": 2, "SOV_Codigo de Calle Ppal.": 3918, "SOV_Descripción Modalidad": "CONTRATO", "SOV_Nombre Proveedor": null, "SOV_Nombre Cuadrilla": null, "SOV_Nombre de Unidad": "MANTENIMIENTO VIAL", "SOV_Codigo de Unidad": 425, "SOV_Costo de la Tarea": null, "SOV_Cantidad de la Tarea": 8.07, "SOV_Agrupador Tarea": 1.02, "SOV_Fecha de la Tarea": "13/01/2026", "SOV_Observaciones": null, "SOV_Plan de Obra": null, "SOV_Fecha Recepcion Definitiva": null, "SOV_Fecha Recepcion Provisoria": null, "SOV_Fecha de Fin": null, "SOV_Fecha de Inicio": "26/05/2025", "SOV_Proveedor": null, "SOV_Responsable": null, "SOV_Cuadrilla": null, "SOV_Unidad": 425, "SOV_Calle Principal": "AV LEZICA", "SOV_CCZ": 12, "SOV_Resolucion": null, "SOV_Contrato": 2077, "SOV_Proyecto": null, "SOV_Modalidad": 1, "SOV_Descripcion de la Obra": null, "SOV_Nro. de Obra (interno)": 91135, "SOV_codigo_esquina": 5340, "SOV_nombre_cruce": "OTT CARLOS" }, "geometry": { "type": "Point", "coordinates": [ -56.236768839102837, -34.801879914436235 ] } },
{ "type": "Feature", "properties": { "fid": 25981, "nom_calle": "CARLOS OTT", "cod_depto": 1, "cod_locali": 20, "gid": 106174378.0, "cod_nombre": 5340, "tipo": "PASAJE VEHICULAR", "x": "569852.4316336078", "y": "6148526.367122503", "id_geom": "569852.43163_6148526.36712", "layer": "end_point_ejes", "path": "C:/Users/imm/Desktop/Magda/abril/end_point_ejes.gpkg", "id_vertice": 25981, "id_geom_num": null, "SOV_Costo Unitario": null, "SOV_Unidad de la Tarea": "m2", "SOV_Nombre Tarea": "BACHEO ASFALTICO SUPERFICIAL", "SOV_Codigo de Tarea": 2, "SOV_Codigo de Calle Ppal.": 5340, "SOV_Descripción Modalidad": "CONTRATO", "SOV_Nombre Proveedor": null, "SOV_Nombre Cuadrilla": null, "SOV_Nombre de Unidad": "MANTENIMIENTO VIAL", "SOV_Codigo de Unidad": 425, "SOV_Costo de la Tarea": null, "SOV_Cantidad de la Tarea": 8.64, "SOV_Agrupador Tarea": 1.02, "SOV_Fecha de la Tarea": "15/01/2026", "SOV_Observaciones": null, "SOV_Plan de Obra": null, "SOV_Fecha Recepcion Definitiva": null, "SOV_Fecha Recepcion Provisoria": null, "SOV_Fecha de Fin": null, "SOV_Fecha de Inicio": "26/05/2025", "SOV_Proveedor": null, "SOV_Responsable": null, "SOV_Cuadrilla": null, "SOV_Unidad": 425, "SOV_Calle Principal": "OTT CARLOS", "SOV_CCZ": 12, "SOV_Resolucion": null, "SOV_Contrato": 2077, "SOV_Proyecto": null, "SOV_Modalidad": 1, "SOV_Descripcion de la Obra": null, "SOV_Nro. de Obra (interno)": 91159, "SOV_codigo_esquina": 8191, "SOV_nombre_cruce": "PSJE 1 (8191)" }, "geometry": { "type": "Point", "coordinates": [ -56.236340546782486, -34.803099753205714 ] } },
{ "type": "Feature", "properties": { "fid": 25991, "nom_calle": "GUANAHANY", "cod_depto": 1, "cod_locali": 20, "gid": 106174392.0, "cod_nombre": 3186, "tipo": "CALLE", "x": "568789.6375621202", "y": "6149283.558358638", "id_geom": "568789.63756_6149283.55836", "layer": "end_point_ejes", "path": "C:/Users/imm/Desktop/Magda/abril/end_point_ejes.gpkg", "id_vertice": 25991, "id_geom_num": null, "SOV_Costo Unitario": null, "SOV_Unidad de la Tarea": "m2", "SOV_Nombre Tarea": "BACHEO ASFALTICO SUPERFICIAL", "SOV_Codigo de Tarea": 2, "SOV_Codigo de Calle Ppal.": 3186, "SOV_Descripción Modalidad": "CONTRATO", "SOV_Nombre Proveedor": null, "SOV_Nombre Cuadrilla": null, "SOV_Nombre de Unidad": "MANTENIMIENTO VIAL", "SOV_Codigo de Unidad": 425, "SOV_Costo de la Tarea": null, "SOV_Cantidad de la Tarea": 8.91, "SOV_Agrupador Tarea": 1.02, "SOV_Fecha de la Tarea": "21/01/2026", "SOV_Observaciones": null, "SOV_Plan de Obra": null, "SOV_Fecha Recepcion Definitiva": null, "SOV_Fecha Recepcion Provisoria": null, "SOV_Fecha de Fin": null, "SOV_Fecha de Inicio": "26/05/2025", "SOV_Proveedor": null, "SOV_Responsable": null, "SOV_Cuadrilla": null, "SOV_Unidad": 425, "SOV_Calle Principal": "GUANAHANY", "SOV_CCZ": 12, "SOV_Resolucion": null, "SOV_Contrato": 2077, "SOV_Proyecto": null, "SOV_Modalidad": 1, "SOV_Descripcion de la Obra": null, "SOV_Nro. de Obra (interno)": 91229, "SOV_codigo_esquina": 3918, "SOV_nombre_cruce": "AV LEZICA" }, "geometry": { "type": "Point", "coordinates": [ -56.24802061850373, -34.796344541400721 ] } },
{ "type": "Feature", "properties": { "fid": 26036, "nom_calle": "GUANAHANY", "cod_depto": 1, "cod_locali": 20, "gid": 106174437.0, "cod_nombre": 3186, "tipo": "CALLE", "x": "568789.6375621202", "y": "6149283.558358638", "id_geom": "568789.63756_6149283.55836", "layer": "end_point_ejes", "path": "C:/Users/imm/Desktop/Magda/abril/end_point_ejes.gpkg", "id_vertice": 26036, "id_geom_num": null, "SOV_Costo Unitario": null, "SOV_Unidad de la Tarea": "m2", "SOV_Nombre Tarea": "BACHEO ASFALTICO SUPERFICIAL", "SOV_Codigo de Tarea": 2, "SOV_Codigo de Calle Ppal.": 3186, "SOV_Descripción Modalidad": "CONTRATO", "SOV_Nombre Proveedor": null, "SOV_Nombre Cuadrilla": null, "SOV_Nombre de Unidad": "MANTENIMIENTO VIAL", "SOV_Codigo de Unidad": 425, "SOV_Costo de la Tarea": null, "SOV_Cantidad de la Tarea": 8.91, "SOV_Agrupador Tarea": 1.02, "SOV_Fecha de la Tarea": "21/01/2026", "SOV_Observaciones": null, "SOV_Plan de Obra": null, "SOV_Fecha Recepcion Definitiva": null, "SOV_Fecha Recepcion Provisoria": null, "SOV_Fecha de Fin": null, "SOV_Fecha de Inicio": "26/05/2025", "SOV_Proveedor": null, "SOV_Responsable": null, "SOV_Cuadrilla": null, "SOV_Unidad": 425, "SOV_Calle Principal": "GUANAHANY", "SOV_CCZ": 12, "SOV_Resolucion": null, "SOV_Contrato": 2077, "SOV_Proyecto": null, "SOV_Modalidad": 1, "SOV_Descripcion de la Obra": null, "SOV_Nro. de Obra (interno)": 91229, "SOV_codigo_esquina": 3918, "SOV_nombre_cruce": "AV LEZICA" }, "geometry": { "type": "Point", "coordinates": [ -56.24802061850373, -34.796344541400721 ] } },
{ "type": "Feature", "properties": { "fid": 26040, "nom_calle": "AV LEZICA", "cod_depto": 1, "cod_locali": 20, "gid": 106174443.0, "cod_nombre": 3918, "tipo": "AVENIDA", "x": "568789.6375621202", "y": "6149283.558358638", "id_geom": "568789.63756_6149283.55836", "layer": "end_point_ejes", "path": "C:/Users/imm/Desktop/Magda/abril/end_point_ejes.gpkg", "id_vertice": 26040, "id_geom_num": null, "SOV_Costo Unitario": null, "SOV_Unidad de la Tarea": "m2", "SOV_Nombre Tarea": "BACHEO ASFALTICO SUPERFICIAL", "SOV_Codigo de Tarea": 2, "SOV_Codigo de Calle Ppal.": 3186, "SOV_Descripción Modalidad": "CONTRATO", "SOV_Nombre Proveedor": null, "SOV_Nombre Cuadrilla": null, "SOV_Nombre de Unidad": "MANTENIMIENTO VIAL", "SOV_Codigo de Unidad": 425, "SOV_Costo de la Tarea": null, "SOV_Cantidad de la Tarea": 8.91, "SOV_Agrupador Tarea": 1.02, "SOV_Fecha de la Tarea": "21/01/2026", "SOV_Observaciones": null, "SOV_Plan de Obra": null, "SOV_Fecha Recepcion Definitiva": null, "SOV_Fecha Recepcion Provisoria": null, "SOV_Fecha de Fin": null, "SOV_Fecha de Inicio": "26/05/2025", "SOV_Proveedor": null, "SOV_Responsable": null, "SOV_Cuadrilla": null, "SOV_Unidad": 425, "SOV_Calle Principal": "GUANAHANY", "SOV_CCZ": 12, "SOV_Resolucion": null, "SOV_Contrato": 2077, "SOV_Proyecto": null, "SOV_Modalidad": 1, "SOV_Descripcion de la Obra": null, "SOV_Nro. de Obra (interno)": 91229, "SOV_codigo_esquina": 3918, "SOV_nombre_cruce": "AV LEZICA" }, "geometry": { "type": "Point", "coordinates": [ -56.24802061850373, -34.796344541400721 ] } },
{ "type": "Feature", "properties": { "fid": 26057, "nom_calle": "PINTA", "cod_depto": 1, "cod_locali": 20, "gid": 106174462.0, "cod_nombre": 5505, "tipo": "CALLE", "x": "569199.1705309554", "y": "6149407.290646158", "id_geom": "569199.17053_6149407.29065", "layer": "end_point_ejes", "path": "C:/Users/imm/Desktop/Magda/abril/end_point_ejes.gpkg", "id_vertice": 26057, "id_geom_num": null, "SOV_Costo Unitario": null, "SOV_Unidad de la Tarea": "m2", "SOV_Nombre Tarea": "BACHEO ASFALTICO SUPERFICIAL", "SOV_Codigo de Tarea": 2, "SOV_Codigo de Calle Ppal.": 5505, "SOV_Descripción Modalidad": "CONTRATO", "SOV_Nombre Proveedor": null, "SOV_Nombre Cuadrilla": null, "SOV_Nombre de Unidad": "MANTENIMIENTO VIAL", "SOV_Codigo de Unidad": 425, "SOV_Costo de la Tarea": null, "SOV_Cantidad de la Tarea": 22.14, "SOV_Agrupador Tarea": 1.02, "SOV_Fecha de la Tarea": "14/01/2026", "SOV_Observaciones": null, "SOV_Plan de Obra": null, "SOV_Fecha Recepcion Definitiva": null, "SOV_Fecha Recepcion Provisoria": null, "SOV_Fecha de Fin": null, "SOV_Fecha de Inicio": "26/05/2025", "SOV_Proveedor": null, "SOV_Responsable": null, "SOV_Cuadrilla": null, "SOV_Unidad": 425, "SOV_Calle Principal": "PINTA", "SOV_CCZ": 12, "SOV_Resolucion": null, "SOV_Contrato": 2077, "SOV_Proyecto": null, "SOV_Modalidad": 1, "SOV_Descripcion de la Obra": null, "SOV_Nro. de Obra (interno)": 91152, "SOV_codigo_esquina": 3003, "SOV_nombre_cruce": "GIOIA" }, "geometry": { "type": "Point", "coordinates": [ -56.24355431120906, -34.79520111140662 ] } },
{ "type": "Feature", "properties": { "fid": 26169, "nom_calle": "CNO CARLOS A LOPEZ", "cod_depto": 1, "cod_locali": 20, "gid": 106174573.0, "cod_nombre": 4014, "tipo": "CAMINO", "x": "570966.4031033249", "y": "6149523.828679684", "id_geom": "570966.4031_6149523.82868", "layer": "end_point_ejes", "path": "C:/Users/imm/Desktop/Magda/abril/end_point_ejes.gpkg", "id_vertice": 26169, "id_geom_num": null, "SOV_Costo Unitario": null, "SOV_Unidad de la Tarea": "m2", "SOV_Nombre Tarea": "BACHEO ASFALTICO SUPERFICIAL", "SOV_Codigo de Tarea": 2, "SOV_Codigo de Calle Ppal.": 3270, "SOV_Descripción Modalidad": "CONTRATO", "SOV_Nombre Proveedor": null, "SOV_Nombre Cuadrilla": null, "SOV_Nombre de Unidad": "MANTENIMIENTO VIAL", "SOV_Codigo de Unidad": 425, "SOV_Costo de la Tarea": null, "SOV_Cantidad de la Tarea": 3.58, "SOV_Agrupador Tarea": 1.02, "SOV_Fecha de la Tarea": "19/01/2026", "SOV_Observaciones": null, "SOV_Plan de Obra": null, "SOV_Fecha Recepcion Definitiva": null, "SOV_Fecha Recepcion Provisoria": null, "SOV_Fecha de Fin": null, "SOV_Fecha de Inicio": "26/05/2025", "SOV_Proveedor": null, "SOV_Responsable": null, "SOV_Cuadrilla": null, "SOV_Unidad": 425, "SOV_Calle Principal": "AV CESAR MAYO GUTIERREZ", "SOV_CCZ": 12, "SOV_Resolucion": null, "SOV_Contrato": 2077, "SOV_Proyecto": null, "SOV_Modalidad": 1, "SOV_Descripcion de la Obra": null, "SOV_Nro. de Obra (interno)": 91186, "SOV_codigo_esquina": 4014, "SOV_nombre_cruce": "CNO CARLOS A LOPEZ" }, "geometry": { "type": "Point", "coordinates": [ -56.224247328398178, -34.794028704330117 ] } },
{ "type": "Feature", "properties": { "fid": 26345, "nom_calle": "PEABODY", "cod_depto": 1, "cod_locali": 20, "gid": 106174752.0, "cod_nombre": 5337, "tipo": "CALLE", "x": "569031.8113781045", "y": "6150025.95976449", "id_geom": "569031.81138_6150025.95976", "layer": "end_point_ejes", "path": "C:/Users/imm/Desktop/Magda/abril/end_point_ejes.gpkg", "id_vertice": 26345, "id_geom_num": null, "SOV_Costo Unitario": null, "SOV_Unidad de la Tarea": "m2", "SOV_Nombre Tarea": "BACHEO ASFALTICO SUPERFICIAL", "SOV_Codigo de Tarea": 2, "SOV_Codigo de Calle Ppal.": 2670, "SOV_Descripción Modalidad": "CONTRATO", "SOV_Nombre Proveedor": null, "SOV_Nombre Cuadrilla": null, "SOV_Nombre de Unidad": "MANTENIMIENTO VIAL", "SOV_Codigo de Unidad": 425, "SOV_Costo de la Tarea": null, "SOV_Cantidad de la Tarea": 72.97, "SOV_Agrupador Tarea": 1.02, "SOV_Fecha de la Tarea": "22/01/2026", "SOV_Observaciones": null, "SOV_Plan de Obra": null, "SOV_Fecha Recepcion Definitiva": null, "SOV_Fecha Recepcion Provisoria": null, "SOV_Fecha de Fin": null, "SOV_Fecha de Inicio": "26/05/2025", "SOV_Proveedor": null, "SOV_Responsable": null, "SOV_Cuadrilla": null, "SOV_Unidad": 425, "SOV_Calle Principal": "CNO FAUQUET", "SOV_CCZ": 12, "SOV_Resolucion": null, "SOV_Contrato": 2077, "SOV_Proyecto": null, "SOV_Modalidad": 1, "SOV_Descripcion de la Obra": "CALLES INTERNAS HOSP SAINT BOIS", "SOV_Nro. de Obra (interno)": 91266, "SOV_codigo_esquina": 5337, "SOV_nombre_cruce": "PEABODY" }, "geometry": { "type": "Point", "coordinates": [ -56.245434465169225, -34.789633949287285 ] } },
{ "type": "Feature", "properties": { "fid": 29577, "nom_calle": "GILBERTO BELLINI", "cod_depto": 1, "cod_locali": 20, "gid": 106178209.0, "cod_nombre": 913, "tipo": "CALLE", "x": "576284.946108721", "y": "6144556.778459132", "id_geom": "576284.94611_6144556.77846", "layer": "end_point_ejes", "path": "C:/Users/imm/Desktop/Magda/abril/end_point_ejes.gpkg", "id_vertice": 29577, "id_geom_num": null, "SOV_Costo Unitario": null, "SOV_Unidad de la Tarea": "m2", "SOV_Nombre Tarea": "BACHEO ASFALTICO SUPERFICIAL", "SOV_Codigo de Tarea": 2, "SOV_Codigo de Calle Ppal.": 913, "SOV_Descripción Modalidad": "CONTRATO", "SOV_Nombre Proveedor": null, "SOV_Nombre Cuadrilla": null, "SOV_Nombre de Unidad": "MANTENIMIENTO VIAL", "SOV_Codigo de Unidad": 425, "SOV_Costo de la Tarea": null, "SOV_Cantidad de la Tarea": 0.24, "SOV_Agrupador Tarea": 1.02, "SOV_Fecha de la Tarea": "15/01/2026", "SOV_Observaciones": null, "SOV_Plan de Obra": null, "SOV_Fecha Recepcion Definitiva": null, "SOV_Fecha Recepcion Provisoria": null, "SOV_Fecha de Fin": null, "SOV_Fecha de Inicio": "26/05/2025", "SOV_Proveedor": null, "SOV_Responsable": null, "SOV_Cuadrilla": null, "SOV_Unidad": 425, "SOV_Calle Principal": "GILBERTO BELLINI", "SOV_CCZ": 11, "SOV_Resolucion": null, "SOV_Contrato": 2077, "SOV_Proyecto": null, "SOV_Modalidad": 1, "SOV_Descripcion de la Obra": null, "SOV_Nro. de Obra (interno)": 91160, "SOV_codigo_esquina": 932, "SOV_nombre_cruce": "BERETTA MILO" }, "geometry": { "type": "Point", "coordinates": [ -56.16566277374789, -34.838430969813039 ] } },
{ "type": "Feature", "properties": { "fid": 29896, "nom_calle": "BURDEOS", "cod_depto": 1, "cod_locali": 20, "gid": 106178544.0, "cod_nombre": 1173, "tipo": "CALLE", "x": "566608.5519046471", "y": "6139944.7616399815", "id_geom": "566608.5519_6139944.76164", "layer": "end_point_ejes", "path": "C:/Users/imm/Desktop/Magda/abril/end_point_ejes.gpkg", "id_vertice": 29896, "id_geom_num": null, "SOV_Costo Unitario": null, "SOV_Unidad de la Tarea": "m2", "SOV_Nombre Tarea": "BACHEO ASFALTICO SUPERFICIAL", "SOV_Codigo de Tarea": 2, "SOV_Codigo de Calle Ppal.": 3923, "SOV_Descripción Modalidad": "CONTRATO", "SOV_Nombre Proveedor": null, "SOV_Nombre Cuadrilla": null, "SOV_Nombre de Unidad": "MANTENIMIENTO VIAL", "SOV_Codigo de Unidad": 425, "SOV_Costo de la Tarea": null, "SOV_Cantidad de la Tarea": 44.36, "SOV_Agrupador Tarea": 1.02, "SOV_Fecha de la Tarea": "22/01/2026", "SOV_Observaciones": null, "SOV_Plan de Obra": null, "SOV_Fecha Recepcion Definitiva": null, "SOV_Fecha Recepcion Provisoria": null, "SOV_Fecha de Fin": null, "SOV_Fecha de Inicio": "26/05/2025", "SOV_Proveedor": null, "SOV_Responsable": null, "SOV_Cuadrilla": null, "SOV_Unidad": 425, "SOV_Calle Principal": "LIBERIA", "SOV_CCZ": 17, "SOV_Resolucion": null, "SOV_Contrato": 2077, "SOV_Proyecto": null, "SOV_Modalidad": 1, "SOV_Descripcion de la Obra": null, "SOV_Nro. de Obra (interno)": 91226, "SOV_codigo_esquina": 1173, "SOV_nombre_cruce": "BURDEOS" }, "geometry": { "type": "Point", "coordinates": [ -56.271119705701182, -34.880696980222972 ] } },
{ "type": "Feature", "properties": { "fid": 30073, "nom_calle": "LIBERIA", "cod_depto": 1, "cod_locali": 20, "gid": 106178729.0, "cod_nombre": 3923, "tipo": "CALLE", "x": "566608.5519046471", "y": "6139944.7616399815", "id_geom": "566608.5519_6139944.76164", "layer": "end_point_ejes", "path": "C:/Users/imm/Desktop/Magda/abril/end_point_ejes.gpkg", "id_vertice": 30073, "id_geom_num": null, "SOV_Costo Unitario": null, "SOV_Unidad de la Tarea": "m2", "SOV_Nombre Tarea": "BACHEO ASFALTICO SUPERFICIAL", "SOV_Codigo de Tarea": 2, "SOV_Codigo de Calle Ppal.": 3923, "SOV_Descripción Modalidad": "CONTRATO", "SOV_Nombre Proveedor": null, "SOV_Nombre Cuadrilla": null, "SOV_Nombre de Unidad": "MANTENIMIENTO VIAL", "SOV_Codigo de Unidad": 425, "SOV_Costo de la Tarea": null, "SOV_Cantidad de la Tarea": 44.36, "SOV_Agrupador Tarea": 1.02, "SOV_Fecha de la Tarea": "22/01/2026", "SOV_Observaciones": null, "SOV_Plan de Obra": null, "SOV_Fecha Recepcion Definitiva": null, "SOV_Fecha Recepcion Provisoria": null, "SOV_Fecha de Fin": null, "SOV_Fecha de Inicio": "26/05/2025", "SOV_Proveedor": null, "SOV_Responsable": null, "SOV_Cuadrilla": null, "SOV_Unidad": 425, "SOV_Calle Principal": "LIBERIA", "SOV_CCZ": 17, "SOV_Resolucion": null, "SOV_Contrato": 2077, "SOV_Proyecto": null, "SOV_Modalidad": 1, "SOV_Descripcion de la Obra": null, "SOV_Nro. de Obra (interno)": 91226, "SOV_codigo_esquina": 1173, "SOV_nombre_cruce": "BURDEOS" }, "geometry": { "type": "Point", "coordinates": [ -56.271119705701182, -34.880696980222972 ] } },
{ "type": "Feature", "properties": { "fid": 30083, "nom_calle": "SURINAM", "cod_depto": 1, "cod_locali": 20, "gid": 106178739.0, "cod_nombre": 6595, "tipo": "PASAJE VEHICULAR", "x": "566731.2105896831", "y": "6140830.828461865", "id_geom": "566731.21059_6140830.82846", "layer": "end_point_ejes", "path": "C:/Users/imm/Desktop/Magda/abril/end_point_ejes.gpkg", "id_vertice": 30083, "id_geom_num": null, "SOV_Costo Unitario": null, "SOV_Unidad de la Tarea": "m2", "SOV_Nombre Tarea": "BACHEO ASFALTICO PROFUNDO", "SOV_Codigo de Tarea": 1, "SOV_Codigo de Calle Ppal.": 6595, "SOV_Descripción Modalidad": "CONTRATO", "SOV_Nombre Proveedor": null, "SOV_Nombre Cuadrilla": null, "SOV_Nombre de Unidad": "MANTENIMIENTO VIAL", "SOV_Codigo de Unidad": 425, "SOV_Costo de la Tarea": null, "SOV_Cantidad de la Tarea": 42.67, "SOV_Agrupador Tarea": 1.01, "SOV_Fecha de la Tarea": "23/01/2026", "SOV_Observaciones": null, "SOV_Plan de Obra": null, "SOV_Fecha Recepcion Definitiva": null, "SOV_Fecha Recepcion Provisoria": null, "SOV_Fecha de Fin": null, "SOV_Fecha de Inicio": "26/05/2025", "SOV_Proveedor": null, "SOV_Responsable": null, "SOV_Cuadrilla": null, "SOV_Unidad": 425, "SOV_Calle Principal": "SURINAM", "SOV_CCZ": 17, "SOV_Resolucion": null, "SOV_Contrato": 2077, "SOV_Proyecto": null, "SOV_Modalidad": 1, "SOV_Descripcion de la Obra": null, "SOV_Nro. de Obra (interno)": 91260, "SOV_codigo_esquina": 2829, "SOV_nombre_cruce": "CNO SANFUENTES" }, "geometry": { "type": "Point", "coordinates": [ -56.269848232495249, -34.872699358737052 ] } },
{ "type": "Feature", "properties": { "fid": 30095, "nom_calle": "OCEANIA", "cod_depto": 1, "cod_locali": 20, "gid": 106178751.0, "cod_nombre": 3817, "tipo": "CALLE", "x": "566731.2105896831", "y": "6140830.828461865", "id_geom": "566731.21059_6140830.82846", "layer": "end_point_ejes", "path": "C:/Users/imm/Desktop/Magda/abril/end_point_ejes.gpkg", "id_vertice": 30095, "id_geom_num": null, "SOV_Costo Unitario": null, "SOV_Unidad de la Tarea": "m2", "SOV_Nombre Tarea": "BACHEO ASFALTICO PROFUNDO", "SOV_Codigo de Tarea": 1, "SOV_Codigo de Calle Ppal.": 6595, "SOV_Descripción Modalidad": "CONTRATO", "SOV_Nombre Proveedor": null, "SOV_Nombre Cuadrilla": null, "SOV_Nombre de Unidad": "MANTENIMIENTO VIAL", "SOV_Codigo de Unidad": 425, "SOV_Costo de la Tarea": null, "SOV_Cantidad de la Tarea": 42.67, "SOV_Agrupador Tarea": 1.01, "SOV_Fecha de la Tarea": "23/01/2026", "SOV_Observaciones": null, "SOV_Plan de Obra": null, "SOV_Fecha Recepcion Definitiva": null, "SOV_Fecha Recepcion Provisoria": null, "SOV_Fecha de Fin": null, "SOV_Fecha de Inicio": "26/05/2025", "SOV_Proveedor": null, "SOV_Responsable": null, "SOV_Cuadrilla": null, "SOV_Unidad": 425, "SOV_Calle Principal": "SURINAM", "SOV_CCZ": 17, "SOV_Resolucion": null, "SOV_Contrato": 2077, "SOV_Proyecto": null, "SOV_Modalidad": 1, "SOV_Descripcion de la Obra": null, "SOV_Nro. de Obra (interno)": 91260, "SOV_codigo_esquina": 2829, "SOV_nombre_cruce": "CNO SANFUENTES" }, "geometry": { "type": "Point", "coordinates": [ -56.269848232495249, -34.872699358737052 ] } },
{ "type": "Feature", "properties": { "fid": 30210, "nom_calle": "ETIOPIA", "cod_depto": 1, "cod_locali": 20, "gid": 106178870.0, "cod_nombre": 2648, "tipo": "CALLE", "x": "566844.8049874487", "y": "6139189.495633151", "id_geom": "566844.80499_6139189.49563", "layer": "end_point_ejes", "path": "C:/Users/imm/Desktop/Magda/abril/end_point_ejes.gpkg", "id_vertice": 30210, "id_geom_num": null, "SOV_Costo Unitario": null, "SOV_Unidad de la Tarea": "m2", "SOV_Nombre Tarea": "BACHEO ASFALTICO SUPERFICIAL", "SOV_Codigo de Tarea": 2, "SOV_Codigo de Calle Ppal.": 2648, "SOV_Descripción Modalidad": "CONTRATO", "SOV_Nombre Proveedor": null, "SOV_Nombre Cuadrilla": null, "SOV_Nombre de Unidad": "MANTENIMIENTO VIAL", "SOV_Codigo de Unidad": 425, "SOV_Costo de la Tarea": null, "SOV_Cantidad de la Tarea": 54.21, "SOV_Agrupador Tarea": 1.02, "SOV_Fecha de la Tarea": "16/01/2026", "SOV_Observaciones": null, "SOV_Plan de Obra": null, "SOV_Fecha Recepcion Definitiva": null, "SOV_Fecha Recepcion Provisoria": null, "SOV_Fecha de Fin": null, "SOV_Fecha de Inicio": "26/05/2025", "SOV_Proveedor": null, "SOV_Responsable": null, "SOV_Cuadrilla": null, "SOV_Unidad": 425, "SOV_Calle Principal": "ETIOPIA", "SOV_CCZ": 17, "SOV_Resolucion": null, "SOV_Contrato": 2077, "SOV_Proyecto": null, "SOV_Modalidad": 1, "SOV_Descripcion de la Obra": null, "SOV_Nro. de Obra (interno)": 91168, "SOV_codigo_esquina": 3256, "SOV_nombre_cruce": "GUINEA" }, "geometry": { "type": "Point", "coordinates": [ -56.268474287816801, -34.887491594915431 ] } },
{ "type": "Feature", "properties": { "fid": 30432, "nom_calle": "ETIOPIA", "cod_depto": 1, "cod_locali": 20, "gid": 106179094.0, "cod_nombre": 2648, "tipo": "CALLE", "x": "567028.7265725565", "y": "6139220.436391262", "id_geom": "567028.72657_6139220.43639", "layer": "end_point_ejes", "path": "C:/Users/imm/Desktop/Magda/abril/end_point_ejes.gpkg", "id_vertice": 30432, "id_geom_num": null, "SOV_Costo Unitario": null, "SOV_Unidad de la Tarea": "m2", "SOV_Nombre Tarea": "BACHEOS EN HORMIGON VISTO", "SOV_Codigo de Tarea": 4, "SOV_Codigo de Calle Ppal.": 7021, "SOV_Descripción Modalidad": "ADMINISTRACION", "SOV_Nombre Proveedor": null, "SOV_Nombre Cuadrilla": "CUADRILLA 8", "SOV_Nombre de Unidad": "MANTENIMIENTO VIAL", "SOV_Codigo de Unidad": 425, "SOV_Costo de la Tarea": null, "SOV_Cantidad de la Tarea": 480.0, "SOV_Agrupador Tarea": 1.04, "SOV_Fecha de la Tarea": "26/01/2026", "SOV_Observaciones": null, "SOV_Plan de Obra": null, "SOV_Fecha Recepcion Definitiva": null, "SOV_Fecha Recepcion Provisoria": null, "SOV_Fecha de Fin": "31/01/2026", "SOV_Fecha de Inicio": "01/01/2026", "SOV_Proveedor": null, "SOV_Responsable": null, "SOV_Cuadrilla": 2.0, "SOV_Unidad": 425, "SOV_Calle Principal": "UCRANIA", "SOV_CCZ": 17, "SOV_Resolucion": null, "SOV_Contrato": null, "SOV_Proyecto": null, "SOV_Modalidad": 3, "SOV_Descripcion de la Obra": null, "SOV_Nro. de Obra (interno)": 91389, "SOV_codigo_esquina": 2648, "SOV_nombre_cruce": "ETIOPIA" }, "geometry": { "type": "Point", "coordinates": [ -56.266464141084839, -34.887200478242491 ] } },
{ "type": "Feature", "properties": { "fid": 30437, "nom_calle": "UCRANIA", "cod_depto": 1, "cod_locali": 20, "gid": 106179099.0, "cod_nombre": 7021, "tipo": "CALLE", "x": "567028.7265725565", "y": "6139220.436391262", "id_geom": "567028.72657_6139220.43639", "layer": "end_point_ejes", "path": "C:/Users/imm/Desktop/Magda/abril/end_point_ejes.gpkg", "id_vertice": 30437, "id_geom_num": null, "SOV_Costo Unitario": null, "SOV_Unidad de la Tarea": "m2", "SOV_Nombre Tarea": "BACHEOS EN HORMIGON VISTO", "SOV_Codigo de Tarea": 4, "SOV_Codigo de Calle Ppal.": 7021, "SOV_Descripción Modalidad": "ADMINISTRACION", "SOV_Nombre Proveedor": null, "SOV_Nombre Cuadrilla": "CUADRILLA 8", "SOV_Nombre de Unidad": "MANTENIMIENTO VIAL", "SOV_Codigo de Unidad": 425, "SOV_Costo de la Tarea": null, "SOV_Cantidad de la Tarea": 480.0, "SOV_Agrupador Tarea": 1.04, "SOV_Fecha de la Tarea": "26/01/2026", "SOV_Observaciones": null, "SOV_Plan de Obra": null, "SOV_Fecha Recepcion Definitiva": null, "SOV_Fecha Recepcion Provisoria": null, "SOV_Fecha de Fin": "31/01/2026", "SOV_Fecha de Inicio": "01/01/2026", "SOV_Proveedor": null, "SOV_Responsable": null, "SOV_Cuadrilla": 2.0, "SOV_Unidad": 425, "SOV_Calle Principal": "UCRANIA", "SOV_CCZ": 17, "SOV_Resolucion": null, "SOV_Contrato": null, "SOV_Proyecto": null, "SOV_Modalidad": 3, "SOV_Descripcion de la Obra": null, "SOV_Nro. de Obra (interno)": 91389, "SOV_codigo_esquina": 2648, "SOV_nombre_cruce": "ETIOPIA" }, "geometry": { "type": "Point", "coordinates": [ -56.266464141084839, -34.887200478242491 ] } },
{ "type": "Feature", "properties": { "fid": 30439, "nom_calle": "ETIOPIA", "cod_depto": 1, "cod_locali": 20, "gid": 106179101.0, "cod_nombre": 2648, "tipo": "CALLE", "x": "567028.7265725565", "y": "6139220.436391262", "id_geom": "567028.72657_6139220.43639", "layer": "end_point_ejes", "path": "C:/Users/imm/Desktop/Magda/abril/end_point_ejes.gpkg", "id_vertice": 30439, "id_geom_num": null, "SOV_Costo Unitario": null, "SOV_Unidad de la Tarea": "m2", "SOV_Nombre Tarea": "BACHEOS EN HORMIGON VISTO", "SOV_Codigo de Tarea": 4, "SOV_Codigo de Calle Ppal.": 7021, "SOV_Descripción Modalidad": "ADMINISTRACION", "SOV_Nombre Proveedor": null, "SOV_Nombre Cuadrilla": "CUADRILLA 8", "SOV_Nombre de Unidad": "MANTENIMIENTO VIAL", "SOV_Codigo de Unidad": 425, "SOV_Costo de la Tarea": null, "SOV_Cantidad de la Tarea": 480.0, "SOV_Agrupador Tarea": 1.04, "SOV_Fecha de la Tarea": "26/01/2026", "SOV_Observaciones": null, "SOV_Plan de Obra": null, "SOV_Fecha Recepcion Definitiva": null, "SOV_Fecha Recepcion Provisoria": null, "SOV_Fecha de Fin": "31/01/2026", "SOV_Fecha de Inicio": "01/01/2026", "SOV_Proveedor": null, "SOV_Responsable": null, "SOV_Cuadrilla": 2.0, "SOV_Unidad": 425, "SOV_Calle Principal": "UCRANIA", "SOV_CCZ": 17, "SOV_Resolucion": null, "SOV_Contrato": null, "SOV_Proyecto": null, "SOV_Modalidad": 3, "SOV_Descripcion de la Obra": null, "SOV_Nro. de Obra (interno)": 91389, "SOV_codigo_esquina": 2648, "SOV_nombre_cruce": "ETIOPIA" }, "geometry": { "type": "Point", "coordinates": [ -56.266464141084839, -34.887200478242491 ] } },
{ "type": "Feature", "properties": { "fid": 31464, "nom_calle": "AV CESAR MAYO GUTIERREZ", "cod_depto": 1, "cod_locali": 20, "gid": 106180198.0, "cod_nombre": 3270, "tipo": "AVENIDA", "x": "570847.0862927776", "y": "6151465.692554377", "id_geom": "570847.08629_6151465.69255", "layer": "end_point_ejes", "path": "C:/Users/imm/Desktop/Magda/abril/end_point_ejes.gpkg", "id_vertice": 31464, "id_geom_num": null, "SOV_Costo Unitario": null, "SOV_Unidad de la Tarea": "m2", "SOV_Nombre Tarea": "BACHEO ASFALTICO SUPERFICIAL", "SOV_Codigo de Tarea": 2, "SOV_Codigo de Calle Ppal.": 3270, "SOV_Descripción Modalidad": "CONTRATO", "SOV_Nombre Proveedor": null, "SOV_Nombre Cuadrilla": null, "SOV_Nombre de Unidad": "MANTENIMIENTO VIAL", "SOV_Codigo de Unidad": 425, "SOV_Costo de la Tarea": null, "SOV_Cantidad de la Tarea": 11.69, "SOV_Agrupador Tarea": 1.02, "SOV_Fecha de la Tarea": "19/01/2026", "SOV_Observaciones": null, "SOV_Plan de Obra": null, "SOV_Fecha Recepcion Definitiva": null, "SOV_Fecha Recepcion Provisoria": null, "SOV_Fecha de Fin": null, "SOV_Fecha de Inicio": "26/05/2025", "SOV_Proveedor": null, "SOV_Responsable": null, "SOV_Cuadrilla": null, "SOV_Unidad": 425, "SOV_Calle Principal": "AV CESAR MAYO GUTIERREZ", "SOV_CCZ": 12, "SOV_Resolucion": null, "SOV_Contrato": 2077, "SOV_Proyecto": null, "SOV_Modalidad": 1, "SOV_Descripcion de la Obra": null, "SOV_Nro. de Obra (interno)": 91185, "SOV_codigo_esquina": 2269, "SOV_nombre_cruce": "CNO  A LA CUCHILLA PEREIRA" }, "geometry": { "type": "Point", "coordinates": [ -56.225715156876682, -34.77652735025378 ] } },
{ "type": "Feature", "properties": { "fid": 31465, "nom_calle": "CNO A LA CUCHILLA PEREIRA", "cod_depto": 1, "cod_locali": 20, "gid": 106180199.0, "cod_nombre": 2269, "tipo": "PROYECTADA", "x": "570847.0862927776", "y": "6151465.692554377", "id_geom": "570847.08629_6151465.69255", "layer": "end_point_ejes", "path": "C:/Users/imm/Desktop/Magda/abril/end_point_ejes.gpkg", "id_vertice": 31465, "id_geom_num": null, "SOV_Costo Unitario": null, "SOV_Unidad de la Tarea": "m2", "SOV_Nombre Tarea": "BACHEO ASFALTICO SUPERFICIAL", "SOV_Codigo de Tarea": 2, "SOV_Codigo de Calle Ppal.": 3270, "SOV_Descripción Modalidad": "CONTRATO", "SOV_Nombre Proveedor": null, "SOV_Nombre Cuadrilla": null, "SOV_Nombre de Unidad": "MANTENIMIENTO VIAL", "SOV_Codigo de Unidad": 425, "SOV_Costo de la Tarea": null, "SOV_Cantidad de la Tarea": 11.69, "SOV_Agrupador Tarea": 1.02, "SOV_Fecha de la Tarea": "19/01/2026", "SOV_Observaciones": null, "SOV_Plan de Obra": null, "SOV_Fecha Recepcion Definitiva": null, "SOV_Fecha Recepcion Provisoria": null, "SOV_Fecha de Fin": null, "SOV_Fecha de Inicio": "26/05/2025", "SOV_Proveedor": null, "SOV_Responsable": null, "SOV_Cuadrilla": null, "SOV_Unidad": 425, "SOV_Calle Principal": "AV CESAR MAYO GUTIERREZ", "SOV_CCZ": 12, "SOV_Resolucion": null, "SOV_Contrato": 2077, "SOV_Proyecto": null, "SOV_Modalidad": 1, "SOV_Descripcion de la Obra": null, "SOV_Nro. de Obra (interno)": 91185, "SOV_codigo_esquina": 2269, "SOV_nombre_cruce": "CNO  A LA CUCHILLA PEREIRA" }, "geometry": { "type": "Point", "coordinates": [ -56.225715156876682, -34.77652735025378 ] } },
{ "type": "Feature", "properties": { "fid": 33586, "nom_calle": "AV LEZICA", "cod_depto": 1, "cod_locali": 20, "gid": 106174385.0, "cod_nombre": 3918, "tipo": "AVENIDA", "x": "569814.28318394", "y": "6148661.940383661", "id_geom": "569814.28318_6148661.94038", "layer": "start_point_ejes", "path": "C:/Users/imm/Desktop/Magda/abril/start_point_ejes.gpkg", "id_vertice": 33586, "id_geom_num": null, "SOV_Costo Unitario": null, "SOV_Unidad de la Tarea": "m2", "SOV_Nombre Tarea": "BACHEO ASFALTICO SUPERFICIAL", "SOV_Codigo de Tarea": 2, "SOV_Codigo de Calle Ppal.": 3918, "SOV_Descripción Modalidad": "CONTRATO", "SOV_Nombre Proveedor": null, "SOV_Nombre Cuadrilla": null, "SOV_Nombre de Unidad": "MANTENIMIENTO VIAL", "SOV_Codigo de Unidad": 425, "SOV_Costo de la Tarea": null, "SOV_Cantidad de la Tarea": 8.07, "SOV_Agrupador Tarea": 1.02, "SOV_Fecha de la Tarea": "13/01/2026", "SOV_Observaciones": null, "SOV_Plan de Obra": null, "SOV_Fecha Recepcion Definitiva": null, "SOV_Fecha Recepcion Provisoria": null, "SOV_Fecha de Fin": null, "SOV_Fecha de Inicio": "26/05/2025", "SOV_Proveedor": null, "SOV_Responsable": null, "SOV_Cuadrilla": null, "SOV_Unidad": 425, "SOV_Calle Principal": "AV LEZICA", "SOV_CCZ": 12, "SOV_Resolucion": null, "SOV_Contrato": 2077, "SOV_Proyecto": null, "SOV_Modalidad": 1, "SOV_Descripcion de la Obra": null, "SOV_Nro. de Obra (interno)": 91135, "SOV_codigo_esquina": 5340, "SOV_nombre_cruce": "OTT CARLOS" }, "geometry": { "type": "Point", "coordinates": [ -56.236768839102851, -34.801879914436178 ] } },
{ "type": "Feature", "properties": { "fid": 34099, "nom_calle": "BV JOSE BATLLE Y ORDOÑEZ", "cod_depto": 1, "cod_locali": 20, "gid": 106150059.0, "cod_nombre": 4956, "tipo": "BULEVAR", "x": "578438.97870746", "y": "6139488.123145371", "id_geom": "578438.97871_6139488.12315", "layer": "start_point_ejes", "path": "C:/Users/imm/Desktop/Magda/abril/start_point_ejes.gpkg", "id_vertice": 34099, "id_geom_num": null, "SOV_Costo Unitario": null, "SOV_Unidad de la Tarea": "m2", "SOV_Nombre Tarea": "BACHEO ASFALTICO SUPERFICIAL", "SOV_Codigo de Tarea": 2, "SOV_Codigo de Calle Ppal.": 4956, "SOV_Descripción Modalidad": "CONTRATO", "SOV_Nombre Proveedor": null, "SOV_Nombre Cuadrilla": null, "SOV_Nombre de Unidad": "MANTENIMIENTO VIAL", "SOV_Codigo de Unidad": 425, "SOV_Costo de la Tarea": null, "SOV_Cantidad de la Tarea": 14.38, "SOV_Agrupador Tarea": 1.02, "SOV_Fecha de la Tarea": "26/01/2026", "SOV_Observaciones": null, "SOV_Plan de Obra": null, "SOV_Fecha Recepcion Definitiva": null, "SOV_Fecha Recepcion Provisoria": null, "SOV_Fecha de Fin": null, "SOV_Fecha de Inicio": "26/05/2025", "SOV_Proveedor": null, "SOV_Responsable": null, "SOV_Cuadrilla": null, "SOV_Unidad": 425, "SOV_Calle Principal": "BATLLE Y ORDOÑEZ BULEVAR JOSE", "SOV_CCZ": 6, "SOV_Resolucion": null, "SOV_Contrato": 2077, "SOV_Proyecto": null, "SOV_Modalidad": 1, "SOV_Descripcion de la Obra": null, "SOV_Nro. de Obra (interno)": 91239, "SOV_codigo_esquina": 4962, "SOV_nombre_cruce": "ORIBE DIONISIO" }, "geometry": { "type": "Point", "coordinates": [ -56.141631480097629, -34.883969317563796 ] } },
{ "type": "Feature", "properties": { "fid": 34268, "nom_calle": "AV AGRACIADA", "cod_depto": 1, "cod_locali": 20, "gid": 106156692.0, "cod_nombre": 126, "tipo": "AVENIDA", "x": "574224.4483993328", "y": "6138899.282049808", "id_geom": "574224.4484_6138899.28205", "layer": "start_point_ejes", "path": "C:/Users/imm/Desktop/Magda/abril/start_point_ejes.gpkg", "id_vertice": 34268, "id_geom_num": null, "SOV_Costo Unitario": null, "SOV_Unidad de la Tarea": "m2", "SOV_Nombre Tarea": "BACHEO ASFALTICO SUPERFICIAL", "SOV_Codigo de Tarea": 2, "SOV_Codigo de Calle Ppal.": 2354, "SOV_Descripción Modalidad": "CONTRATO", "SOV_Nombre Proveedor": null, "SOV_Nombre Cuadrilla": null, "SOV_Nombre de Unidad": "MANTENIMIENTO VIAL", "SOV_Codigo de Unidad": 425, "SOV_Costo de la Tarea": null, "SOV_Cantidad de la Tarea": 18.28, "SOV_Agrupador Tarea": 1.02, "SOV_Fecha de la Tarea": "21/01/2026", "SOV_Observaciones": null, "SOV_Plan de Obra": null, "SOV_Fecha Recepcion Definitiva": null, "SOV_Fecha Recepcion Provisoria": null, "SOV_Fecha de Fin": null, "SOV_Fecha de Inicio": "26/05/2025", "SOV_Proveedor": null, "SOV_Responsable": null, "SOV_Cuadrilla": null, "SOV_Unidad": 425, "SOV_Calle Principal": "AV DE LAS LEYES", "SOV_CCZ": 16, "SOV_Resolucion": null, "SOV_Contrato": 2077, "SOV_Proyecto": null, "SOV_Modalidad": 1, "SOV_Descripcion de la Obra": null, "SOV_Nro. de Obra (interno)": 91193, "SOV_codigo_esquina": 126, "SOV_nombre_cruce": "AV AGRACIADA" }, "geometry": { "type": "Point", "coordinates": [ -56.187695186992173, -34.889595594549412 ] } },
{ "type": "Feature", "properties": { "fid": 35713, "nom_calle": "DIONISIO ORIBE", "cod_depto": 1, "cod_locali": 20, "gid": 106149450.0, "cod_nombre": 4962, "tipo": "CALLE", "x": "578438.9787074582", "y": "6139488.123145368", "id_geom": "578438.97871_6139488.12315", "layer": "start_point_ejes", "path": "C:/Users/imm/Desktop/Magda/abril/start_point_ejes.gpkg", "id_vertice": 35713, "id_geom_num": null, "SOV_Costo Unitario": null, "SOV_Unidad de la Tarea": "m2", "SOV_Nombre Tarea": "BACHEO ASFALTICO SUPERFICIAL", "SOV_Codigo de Tarea": 2, "SOV_Codigo de Calle Ppal.": 4956, "SOV_Descripción Modalidad": "CONTRATO", "SOV_Nombre Proveedor": null, "SOV_Nombre Cuadrilla": null, "SOV_Nombre de Unidad": "MANTENIMIENTO VIAL", "SOV_Codigo de Unidad": 425, "SOV_Costo de la Tarea": null, "SOV_Cantidad de la Tarea": 14.38, "SOV_Agrupador Tarea": 1.02, "SOV_Fecha de la Tarea": "26/01/2026", "SOV_Observaciones": null, "SOV_Plan de Obra": null, "SOV_Fecha Recepcion Definitiva": null, "SOV_Fecha Recepcion Provisoria": null, "SOV_Fecha de Fin": null, "SOV_Fecha de Inicio": "26/05/2025", "SOV_Proveedor": null, "SOV_Responsable": null, "SOV_Cuadrilla": null, "SOV_Unidad": 425, "SOV_Calle Principal": "BATLLE Y ORDOÑEZ BULEVAR JOSE", "SOV_CCZ": 6, "SOV_Resolucion": null, "SOV_Contrato": 2077, "SOV_Proyecto": null, "SOV_Modalidad": 1, "SOV_Descripcion de la Obra": null, "SOV_Nro. de Obra (interno)": 91239, "SOV_codigo_esquina": 4962, "SOV_nombre_cruce": "ORIBE DIONISIO" }, "geometry": { "type": "Point", "coordinates": [ -56.141631480097651, -34.883969317563817 ] } },
{ "type": "Feature", "properties": { "fid": 36200, "nom_calle": "ANGEL MARIA CUSANO", "cod_depto": 1, "cod_locali": 20, "gid": 106149969.0, "cod_nombre": 2305, "tipo": "CALLE", "x": "578099.7030672843", "y": "6139795.1827664375", "id_geom": "578099.70307_6139795.18277", "layer": "start_point_ejes", "path": "C:/Users/imm/Desktop/Magda/abril/start_point_ejes.gpkg", "id_vertice": 36200, "id_geom_num": null, "SOV_Costo Unitario": null, "SOV_Unidad de la Tarea": "m2", "SOV_Nombre Tarea": "BACHEO ASFALTICO SUPERFICIAL", "SOV_Codigo de Tarea": 2, "SOV_Codigo de Calle Ppal.": 4956, "SOV_Descripción Modalidad": "CONTRATO", "SOV_Nombre Proveedor": null, "SOV_Nombre Cuadrilla": null, "SOV_Nombre de Unidad": "MANTENIMIENTO VIAL", "SOV_Codigo de Unidad": 425, "SOV_Costo de la Tarea": null, "SOV_Cantidad de la Tarea": 1.13, "SOV_Agrupador Tarea": 1.02, "SOV_Fecha de la Tarea": "20/01/2026", "SOV_Observaciones": null, "SOV_Plan de Obra": null, "SOV_Fecha Recepcion Definitiva": null, "SOV_Fecha Recepcion Provisoria": null, "SOV_Fecha de Fin": null, "SOV_Fecha de Inicio": "26/05/2025", "SOV_Proveedor": null, "SOV_Responsable": null, "SOV_Cuadrilla": null, "SOV_Unidad": 425, "SOV_Calle Principal": "BATLLE Y ORDOÑEZ BULEVAR JOSE", "SOV_CCZ": 6, "SOV_Resolucion": null, "SOV_Contrato": 2077, "SOV_Proyecto": null, "SOV_Modalidad": 1, "SOV_Descripcion de la Obra": null, "SOV_Nro. de Obra (interno)": 91215, "SOV_codigo_esquina": 2305, "SOV_nombre_cruce": "ANGEL MARIA CUSANO" }, "geometry": { "type": "Point", "coordinates": [ -56.145372516280212, -34.881226836745036 ] } },
{ "type": "Feature", "properties": { "fid": 36201, "nom_calle": "BV JOSE BATLLE Y ORDOÑEZ", "cod_depto": 1, "cod_locali": 20, "gid": 106149970.0, "cod_nombre": 4956, "tipo": "BULEVAR", "x": "578099.7030672843", "y": "6139795.1827664375", "id_geom": "578099.70307_6139795.18277", "layer": "start_point_ejes", "path": "C:/Users/imm/Desktop/Magda/abril/start_point_ejes.gpkg", "id_vertice": 36201, "id_geom_num": null, "SOV_Costo Unitario": null, "SOV_Unidad de la Tarea": "m2", "SOV_Nombre Tarea": "BACHEO ASFALTICO SUPERFICIAL", "SOV_Codigo de Tarea": 2, "SOV_Codigo de Calle Ppal.": 4956, "SOV_Descripción Modalidad": "CONTRATO", "SOV_Nombre Proveedor": null, "SOV_Nombre Cuadrilla": null, "SOV_Nombre de Unidad": "MANTENIMIENTO VIAL", "SOV_Codigo de Unidad": 425, "SOV_Costo de la Tarea": null, "SOV_Cantidad de la Tarea": 1.13, "SOV_Agrupador Tarea": 1.02, "SOV_Fecha de la Tarea": "20/01/2026", "SOV_Observaciones": null, "SOV_Plan de Obra": null, "SOV_Fecha Recepcion Definitiva": null, "SOV_Fecha Recepcion Provisoria": null, "SOV_Fecha de Fin": null, "SOV_Fecha de Inicio": "26/05/2025", "SOV_Proveedor": null, "SOV_Responsable": null, "SOV_Cuadrilla": null, "SOV_Unidad": 425, "SOV_Calle Principal": "BATLLE Y ORDOÑEZ BULEVAR JOSE", "SOV_CCZ": 6, "SOV_Resolucion": null, "SOV_Contrato": 2077, "SOV_Proyecto": null, "SOV_Modalidad": 1, "SOV_Descripcion de la Obra": null, "SOV_Nro. de Obra (interno)": 91215, "SOV_codigo_esquina": 2305, "SOV_nombre_cruce": "ANGEL MARIA CUSANO" }, "geometry": { "type": "Point", "coordinates": [ -56.145372516280212, -34.881226836745036 ] } },
{ "type": "Feature", "properties": { "fid": 36366, "nom_calle": "MARIANO MORENO", "cod_depto": 1, "cod_locali": 20, "gid": 106150139.0, "cod_nombre": 4581, "tipo": "CALLE", "x": "577177.982203531", "y": "6139692.148954741", "id_geom": "577177.9822_6139692.14895", "layer": "start_point_ejes", "path": "C:/Users/imm/Desktop/Magda/abril/start_point_ejes.gpkg", "id_vertice": 36366, "id_geom_num": null, "SOV_Costo Unitario": null, "SOV_Unidad de la Tarea": "m2", "SOV_Nombre Tarea": "BACHEO ASFALTICO SUPERFICIAL", "SOV_Codigo de Tarea": 2, "SOV_Codigo de Calle Ppal.": 7038, "SOV_Descripción Modalidad": "CONTRATO", "SOV_Nombre Proveedor": null, "SOV_Nombre Cuadrilla": null, "SOV_Nombre de Unidad": "MANTENIMIENTO VIAL", "SOV_Codigo de Unidad": 425, "SOV_Costo de la Tarea": null, "SOV_Cantidad de la Tarea": 9.0, "SOV_Agrupador Tarea": 1.02, "SOV_Fecha de la Tarea": "12/01/2026", "SOV_Observaciones": null, "SOV_Plan de Obra": null, "SOV_Fecha Recepcion Definitiva": null, "SOV_Fecha Recepcion Provisoria": null, "SOV_Fecha de Fin": null, "SOV_Fecha de Inicio": "26/05/2025", "SOV_Proveedor": null, "SOV_Responsable": null, "SOV_Cuadrilla": null, "SOV_Unidad": 425, "SOV_Calle Principal": "GRAL URQUIZA", "SOV_CCZ": 4, "SOV_Resolucion": null, "SOV_Contrato": 2077, "SOV_Proyecto": null, "SOV_Modalidad": 1, "SOV_Descripcion de la Obra": null, "SOV_Nro. de Obra (interno)": 91107, "SOV_codigo_esquina": 4581, "SOV_nombre_cruce": "MARIANO MORENO" }, "geometry": { "type": "Point", "coordinates": [ -56.155448218896666, -34.882226334497481 ] } },
{ "type": "Feature", "properties": { "fid": 36699, "nom_calle": "AV ITALIA", "cod_depto": 1, "cod_locali": 20, "gid": 106150481.0, "cod_nombre": 3564, "tipo": "AVENIDA", "x": "576694.5732923114", "y": "6138518.064072438", "id_geom": "576694.57329_6138518.06407", "layer": "start_point_ejes", "path": "C:/Users/imm/Desktop/Magda/abril/start_point_ejes.gpkg", "id_vertice": 36699, "id_geom_num": null, "SOV_Costo Unitario": null, "SOV_Unidad de la Tarea": "m2", "SOV_Nombre Tarea": "BACHEO ASFALTICO SUPERFICIAL", "SOV_Codigo de Tarea": 2, "SOV_Codigo de Calle Ppal.": 3564, "SOV_Descripción Modalidad": "CONTRATO", "SOV_Nombre Proveedor": null, "SOV_Nombre Cuadrilla": null, "SOV_Nombre de Unidad": "MANTENIMIENTO VIAL", "SOV_Codigo de Unidad": 425, "SOV_Costo de la Tarea": null, "SOV_Cantidad de la Tarea": 5.94, "SOV_Agrupador Tarea": 1.02, "SOV_Fecha de la Tarea": "12/01/2026", "SOV_Observaciones": null, "SOV_Plan de Obra": null, "SOV_Fecha Recepcion Definitiva": null, "SOV_Fecha Recepcion Provisoria": null, "SOV_Fecha de Fin": null, "SOV_Fecha de Inicio": "26/05/2025", "SOV_Proveedor": null, "SOV_Responsable": null, "SOV_Cuadrilla": null, "SOV_Unidad": 425, "SOV_Calle Principal": "AV ITALIA", "SOV_CCZ": 4, "SOV_Resolucion": null, "SOV_Contrato": 2077, "SOV_Proyecto": null, "SOV_Modalidad": 1, "SOV_Descripcion de la Obra": "TUNEL", "SOV_Nro. de Obra (interno)": 91106, "SOV_codigo_esquina": 972, "SOV_nombre_cruce": "BERRO PTE." }, "geometry": { "type": "Point", "coordinates": [ -56.160629961996811, -34.892849264168177 ] } },
{ "type": "Feature", "properties": { "fid": 36700, "nom_calle": "PTE BERRO", "cod_depto": 1, "cod_locali": 20, "gid": 106150482.0, "cod_nombre": 972, "tipo": "CALLE", "x": "576694.5732923114", "y": "6138518.064072438", "id_geom": "576694.57329_6138518.06407", "layer": "start_point_ejes", "path": "C:/Users/imm/Desktop/Magda/abril/start_point_ejes.gpkg", "id_vertice": 36700, "id_geom_num": null, "SOV_Costo Unitario": null, "SOV_Unidad de la Tarea": "m2", "SOV_Nombre Tarea": "BACHEO ASFALTICO SUPERFICIAL", "SOV_Codigo de Tarea": 2, "SOV_Codigo de Calle Ppal.": 3564, "SOV_Descripción Modalidad": "CONTRATO", "SOV_Nombre Proveedor": null, "SOV_Nombre Cuadrilla": null, "SOV_Nombre de Unidad": "MANTENIMIENTO VIAL", "SOV_Codigo de Unidad": 425, "SOV_Costo de la Tarea": null, "SOV_Cantidad de la Tarea": 5.94, "SOV_Agrupador Tarea": 1.02, "SOV_Fecha de la Tarea": "12/01/2026", "SOV_Observaciones": null, "SOV_Plan de Obra": null, "SOV_Fecha Recepcion Definitiva": null, "SOV_Fecha Recepcion Provisoria": null, "SOV_Fecha de Fin": null, "SOV_Fecha de Inicio": "26/05/2025", "SOV_Proveedor": null, "SOV_Responsable": null, "SOV_Cuadrilla": null, "SOV_Unidad": 425, "SOV_Calle Principal": "AV ITALIA", "SOV_CCZ": 4, "SOV_Resolucion": null, "SOV_Contrato": 2077, "SOV_Proyecto": null, "SOV_Modalidad": 1, "SOV_Descripcion de la Obra": "TUNEL", "SOV_Nro. de Obra (interno)": 91106, "SOV_codigo_esquina": 972, "SOV_nombre_cruce": "BERRO PTE." }, "geometry": { "type": "Point", "coordinates": [ -56.160629961996811, -34.892849264168177 ] } },
{ "type": "Feature", "properties": { "fid": 36731, "nom_calle": "TTE GRAL PABLO GALARZA", "cod_depto": 1, "cod_locali": 20, "gid": 106150513.0, "cod_nombre": 2876, "tipo": "CALLE", "x": "579030.6263224949", "y": "6137451.0029176725", "id_geom": "579030.62632_6137451.00292", "layer": "start_point_ejes", "path": "C:/Users/imm/Desktop/Magda/abril/start_point_ejes.gpkg", "id_vertice": 36731, "id_geom_num": null, "SOV_Costo Unitario": null, "SOV_Unidad de la Tarea": "m2", "SOV_Nombre Tarea": "BACHEO ASFALTICO SUPERFICIAL", "SOV_Codigo de Tarea": 2, "SOV_Codigo de Calle Ppal.": 3087, "SOV_Descripción Modalidad": "CONTRATO", "SOV_Nombre Proveedor": null, "SOV_Nombre Cuadrilla": null, "SOV_Nombre de Unidad": "MANTENIMIENTO VIAL", "SOV_Codigo de Unidad": 425, "SOV_Costo de la Tarea": null, "SOV_Cantidad de la Tarea": 0.44, "SOV_Agrupador Tarea": 1.02, "SOV_Fecha de la Tarea": "26/01/2026", "SOV_Observaciones": null, "SOV_Plan de Obra": null, "SOV_Fecha Recepcion Definitiva": null, "SOV_Fecha Recepcion Provisoria": null, "SOV_Fecha de Fin": null, "SOV_Fecha de Inicio": "26/05/2025", "SOV_Proveedor": null, "SOV_Responsable": null, "SOV_Cuadrilla": null, "SOV_Unidad": 425, "SOV_Calle Principal": "TIBURCIO GOMEZ", "SOV_CCZ": 5, "SOV_Resolucion": null, "SOV_Contrato": 2077, "SOV_Proyecto": null, "SOV_Modalidad": 1, "SOV_Descripcion de la Obra": null, "SOV_Nro. de Obra (interno)": 91234, "SOV_codigo_esquina": 2876, "SOV_nombre_cruce": "TTE GRAL PABLO GALARZA" }, "geometry": { "type": "Point", "coordinates": [ -56.134965124098606, -34.902291271258079 ] } },
{ "type": "Feature", "properties": { "fid": 36943, "nom_calle": "BV JOSE BATLLE Y ORDOÑEZ", "cod_depto": 1, "cod_locali": 20, "gid": 106150727.0, "cod_nombre": 4956, "tipo": "BULEVAR", "x": "578438.9787074582", "y": "6139488.123145368", "id_geom": "578438.97871_6139488.12315", "layer": "start_point_ejes", "path": "C:/Users/imm/Desktop/Magda/abril/start_point_ejes.gpkg", "id_vertice": 36943, "id_geom_num": null, "SOV_Costo Unitario": null, "SOV_Unidad de la Tarea": "m2", "SOV_Nombre Tarea": "BACHEO ASFALTICO SUPERFICIAL", "SOV_Codigo de Tarea": 2, "SOV_Codigo de Calle Ppal.": 4956, "SOV_Descripción Modalidad": "CONTRATO", "SOV_Nombre Proveedor": null, "SOV_Nombre Cuadrilla": null, "SOV_Nombre de Unidad": "MANTENIMIENTO VIAL", "SOV_Codigo de Unidad": 425, "SOV_Costo de la Tarea": null, "SOV_Cantidad de la Tarea": 14.38, "SOV_Agrupador Tarea": 1.02, "SOV_Fecha de la Tarea": "26/01/2026", "SOV_Observaciones": null, "SOV_Plan de Obra": null, "SOV_Fecha Recepcion Definitiva": null, "SOV_Fecha Recepcion Provisoria": null, "SOV_Fecha de Fin": null, "SOV_Fecha de Inicio": "26/05/2025", "SOV_Proveedor": null, "SOV_Responsable": null, "SOV_Cuadrilla": null, "SOV_Unidad": 425, "SOV_Calle Principal": "BATLLE Y ORDOÑEZ BULEVAR JOSE", "SOV_CCZ": 6, "SOV_Resolucion": null, "SOV_Contrato": 2077, "SOV_Proyecto": null, "SOV_Modalidad": 1, "SOV_Descripcion de la Obra": null, "SOV_Nro. de Obra (interno)": 91239, "SOV_codigo_esquina": 4962, "SOV_nombre_cruce": "ORIBE DIONISIO" }, "geometry": { "type": "Point", "coordinates": [ -56.141631480097651, -34.883969317563817 ] } },
{ "type": "Feature", "properties": { "fid": 36951, "nom_calle": "CARLOS ANAYA", "cod_depto": 1, "cod_locali": 20, "gid": 106150735.0, "cod_nombre": 333, "tipo": "CALLE", "x": "576520.4418438991", "y": "6139133.421546737", "id_geom": "576520.44184_6139133.42155", "layer": "start_point_ejes", "path": "C:/Users/imm/Desktop/Magda/abril/start_point_ejes.gpkg", "id_vertice": 36951, "id_geom_num": null, "SOV_Costo Unitario": null, "SOV_Unidad de la Tarea": "m2", "SOV_Nombre Tarea": "BACHEO ASFALTICO SUPERFICIAL", "SOV_Codigo de Tarea": 2, "SOV_Codigo de Calle Ppal.": 333, "SOV_Descripción Modalidad": "CONTRATO", "SOV_Nombre Proveedor": null, "SOV_Nombre Cuadrilla": null, "SOV_Nombre de Unidad": "MANTENIMIENTO VIAL", "SOV_Codigo de Unidad": 425, "SOV_Costo de la Tarea": null, "SOV_Cantidad de la Tarea": 5.77, "SOV_Agrupador Tarea": 1.02, "SOV_Fecha de la Tarea": "12/01/2026", "SOV_Observaciones": null, "SOV_Plan de Obra": null, "SOV_Fecha Recepcion Definitiva": null, "SOV_Fecha Recepcion Provisoria": null, "SOV_Fecha de Fin": null, "SOV_Fecha de Inicio": "26/05/2025", "SOV_Proveedor": null, "SOV_Responsable": null, "SOV_Cuadrilla": null, "SOV_Unidad": 425, "SOV_Calle Principal": "CARLOS ANAYA", "SOV_CCZ": 4, "SOV_Resolucion": null, "SOV_Contrato": 2077, "SOV_Proyecto": null, "SOV_Modalidad": 1, "SOV_Descripcion de la Obra": null, "SOV_Nro. de Obra (interno)": 91108, "SOV_codigo_esquina": 2949, "SOV_nombre_cruce": "AV GRAL GARIBALDI" }, "geometry": { "type": "Point", "coordinates": [ -56.162591833253252, -34.88731395171245 ] } },
{ "type": "Feature", "properties": { "fid": 37170, "nom_calle": "BV JOSE BATLLE Y ORDOÑEZ", "cod_depto": 1, "cod_locali": 20, "gid": 106150956.0, "cod_nombre": 4956, "tipo": "BULEVAR", "x": "579502.3167529571", "y": "6138470.987366103", "id_geom": "579502.31675_6138470.98737", "layer": "start_point_ejes", "path": "C:/Users/imm/Desktop/Magda/abril/start_point_ejes.gpkg", "id_vertice": 37170, "id_geom_num": null, "SOV_Costo Unitario": null, "SOV_Unidad de la Tarea": "m2", "SOV_Nombre Tarea": "BACHEO ASFALTICO SUPERFICIAL", "SOV_Codigo de Tarea": 2, "SOV_Codigo de Calle Ppal.": 4956, "SOV_Descripción Modalidad": "CONTRATO", "SOV_Nombre Proveedor": null, "SOV_Nombre Cuadrilla": null, "SOV_Nombre de Unidad": "MANTENIMIENTO VIAL", "SOV_Codigo de Unidad": 425, "SOV_Costo de la Tarea": null, "SOV_Cantidad de la Tarea": 2.7, "SOV_Agrupador Tarea": 1.02, "SOV_Fecha de la Tarea": "26/01/2026", "SOV_Observaciones": null, "SOV_Plan de Obra": null, "SOV_Fecha Recepcion Definitiva": null, "SOV_Fecha Recepcion Provisoria": null, "SOV_Fecha de Fin": null, "SOV_Fecha de Inicio": "26/05/2025", "SOV_Proveedor": null, "SOV_Responsable": null, "SOV_Cuadrilla": null, "SOV_Unidad": 425, "SOV_Calle Principal": "BATLLE Y ORDOÑEZ BULEVAR JOSE", "SOV_CCZ": 7, "SOV_Resolucion": null, "SOV_Contrato": 2077, "SOV_Proyecto": null, "SOV_Modalidad": 1, "SOV_Descripcion de la Obra": null, "SOV_Nro. de Obra (interno)": 91241, "SOV_codigo_esquina": 327, "SOV_nombre_cruce": "AV RAMON ANADOR" }, "geometry": { "type": "Point", "coordinates": [ -56.129899727168713, -34.893057677103556 ] } },
{ "type": "Feature", "properties": { "fid": 37177, "nom_calle": "AV RAMON ANADOR", "cod_depto": 1, "cod_locali": 20, "gid": 106150965.0, "cod_nombre": 327, "tipo": "AVENIDA", "x": "579502.3167529571", "y": "6138470.987366103", "id_geom": "579502.31675_6138470.98737", "layer": "start_point_ejes", "path": "C:/Users/imm/Desktop/Magda/abril/start_point_ejes.gpkg", "id_vertice": 37177, "id_geom_num": null, "SOV_Costo Unitario": null, "SOV_Unidad de la Tarea": "m2", "SOV_Nombre Tarea": "BACHEO ASFALTICO SUPERFICIAL", "SOV_Codigo de Tarea": 2, "SOV_Codigo de Calle Ppal.": 4956, "SOV_Descripción Modalidad": "CONTRATO", "SOV_Nombre Proveedor": null, "SOV_Nombre Cuadrilla": null, "SOV_Nombre de Unidad": "MANTENIMIENTO VIAL", "SOV_Codigo de Unidad": 425, "SOV_Costo de la Tarea": null, "SOV_Cantidad de la Tarea": 2.7, "SOV_Agrupador Tarea": 1.02, "SOV_Fecha de la Tarea": "26/01/2026", "SOV_Observaciones": null, "SOV_Plan de Obra": null, "SOV_Fecha Recepcion Definitiva": null, "SOV_Fecha Recepcion Provisoria": null, "SOV_Fecha de Fin": null, "SOV_Fecha de Inicio": "26/05/2025", "SOV_Proveedor": null, "SOV_Responsable": null, "SOV_Cuadrilla": null, "SOV_Unidad": 425, "SOV_Calle Principal": "BATLLE Y ORDOÑEZ BULEVAR JOSE", "SOV_CCZ": 7, "SOV_Resolucion": null, "SOV_Contrato": 2077, "SOV_Proyecto": null, "SOV_Modalidad": 1, "SOV_Descripcion de la Obra": null, "SOV_Nro. de Obra (interno)": 91241, "SOV_codigo_esquina": 327, "SOV_nombre_cruce": "AV RAMON ANADOR" }, "geometry": { "type": "Point", "coordinates": [ -56.129899727168713, -34.893057677103556 ] } },
{ "type": "Feature", "properties": { "fid": 37270, "nom_calle": "DR LUIS BONAVITA", "cod_depto": 1, "cod_locali": 20, "gid": 106151059.0, "cod_nombre": 5550, "tipo": "AVENIDA", "x": "579030.6263224949", "y": "6137451.0029176725", "id_geom": "579030.62632_6137451.00292", "layer": "start_point_ejes", "path": "C:/Users/imm/Desktop/Magda/abril/start_point_ejes.gpkg", "id_vertice": 37270, "id_geom_num": null, "SOV_Costo Unitario": null, "SOV_Unidad de la Tarea": "m2", "SOV_Nombre Tarea": "BACHEO ASFALTICO SUPERFICIAL", "SOV_Codigo de Tarea": 2, "SOV_Codigo de Calle Ppal.": 3087, "SOV_Descripción Modalidad": "CONTRATO", "SOV_Nombre Proveedor": null, "SOV_Nombre Cuadrilla": null, "SOV_Nombre de Unidad": "MANTENIMIENTO VIAL", "SOV_Codigo de Unidad": 425, "SOV_Costo de la Tarea": null, "SOV_Cantidad de la Tarea": 0.44, "SOV_Agrupador Tarea": 1.02, "SOV_Fecha de la Tarea": "26/01/2026", "SOV_Observaciones": null, "SOV_Plan de Obra": null, "SOV_Fecha Recepcion Definitiva": null, "SOV_Fecha Recepcion Provisoria": null, "SOV_Fecha de Fin": null, "SOV_Fecha de Inicio": "26/05/2025", "SOV_Proveedor": null, "SOV_Responsable": null, "SOV_Cuadrilla": null, "SOV_Unidad": 425, "SOV_Calle Principal": "TIBURCIO GOMEZ", "SOV_CCZ": 5, "SOV_Resolucion": null, "SOV_Contrato": 2077, "SOV_Proyecto": null, "SOV_Modalidad": 1, "SOV_Descripcion de la Obra": null, "SOV_Nro. de Obra (interno)": 91234, "SOV_codigo_esquina": 2876, "SOV_nombre_cruce": "TTE GRAL PABLO GALARZA" }, "geometry": { "type": "Point", "coordinates": [ -56.134965124098606, -34.902291271258079 ] } },
{ "type": "Feature", "properties": { "fid": 37476, "nom_calle": "AV ITALIA", "cod_depto": 1, "cod_locali": 20, "gid": 106151264.0, "cod_nombre": 3564, "tipo": "AVENIDA", "x": "578404.7356335103", "y": "6139173.471170484", "id_geom": "578404.73563_6139173.47117", "layer": "start_point_ejes", "path": "C:/Users/imm/Desktop/Magda/abril/start_point_ejes.gpkg", "id_vertice": 37476, "id_geom_num": null, "SOV_Costo Unitario": null, "SOV_Unidad de la Tarea": "m2", "SOV_Nombre Tarea": "VEREDAS", "SOV_Codigo de Tarea": 35, "SOV_Codigo de Calle Ppal.": 3564, "SOV_Descripción Modalidad": "ADMINISTRACION", "SOV_Nombre Proveedor": null, "SOV_Nombre Cuadrilla": "CUADRILLA 8", "SOV_Nombre de Unidad": "MANTENIMIENTO VIAL", "SOV_Codigo de Unidad": 425, "SOV_Costo de la Tarea": null, "SOV_Cantidad de la Tarea": 5.5, "SOV_Agrupador Tarea": 10.01, "SOV_Fecha de la Tarea": "07/01/2026", "SOV_Observaciones": null, "SOV_Plan de Obra": null, "SOV_Fecha Recepcion Definitiva": null, "SOV_Fecha Recepcion Provisoria": null, "SOV_Fecha de Fin": "31/01/2026", "SOV_Fecha de Inicio": "01/01/2026", "SOV_Proveedor": null, "SOV_Responsable": null, "SOV_Cuadrilla": 2.0, "SOV_Unidad": 425, "SOV_Calle Principal": "AV ITALIA", "SOV_CCZ": 6, "SOV_Resolucion": null, "SOV_Contrato": null, "SOV_Proyecto": null, "SOV_Modalidad": 3, "SOV_Descripcion de la Obra": null, "SOV_Nro. de Obra (interno)": 91392, "SOV_codigo_esquina": 1836, "SOV_nombre_cruce": "MAGARIÑOS CERVANTES" }, "geometry": { "type": "Point", "coordinates": [ -56.141976678707749, -34.886809052986315 ] } },
{ "type": "Feature", "properties": { "fid": 37477, "nom_calle": "MAGARIÑOS CERVANTES", "cod_depto": 1, "cod_locali": 20, "gid": 106151265.0, "cod_nombre": 1836, "tipo": "CALLE", "x": "578404.7356335103", "y": "6139173.471170484", "id_geom": "578404.73563_6139173.47117", "layer": "start_point_ejes", "path": "C:/Users/imm/Desktop/Magda/abril/start_point_ejes.gpkg", "id_vertice": 37477, "id_geom_num": null, "SOV_Costo Unitario": null, "SOV_Unidad de la Tarea": "m2", "SOV_Nombre Tarea": "VEREDAS", "SOV_Codigo de Tarea": 35, "SOV_Codigo de Calle Ppal.": 3564, "SOV_Descripción Modalidad": "ADMINISTRACION", "SOV_Nombre Proveedor": null, "SOV_Nombre Cuadrilla": "CUADRILLA 8", "SOV_Nombre de Unidad": "MANTENIMIENTO VIAL", "SOV_Codigo de Unidad": 425, "SOV_Costo de la Tarea": null, "SOV_Cantidad de la Tarea": 5.5, "SOV_Agrupador Tarea": 10.01, "SOV_Fecha de la Tarea": "07/01/2026", "SOV_Observaciones": null, "SOV_Plan de Obra": null, "SOV_Fecha Recepcion Definitiva": null, "SOV_Fecha Recepcion Provisoria": null, "SOV_Fecha de Fin": "31/01/2026", "SOV_Fecha de Inicio": "01/01/2026", "SOV_Proveedor": null, "SOV_Responsable": null, "SOV_Cuadrilla": 2.0, "SOV_Unidad": 425, "SOV_Calle Principal": "AV ITALIA", "SOV_CCZ": 6, "SOV_Resolucion": null, "SOV_Contrato": null, "SOV_Proyecto": null, "SOV_Modalidad": 3, "SOV_Descripcion de la Obra": null, "SOV_Nro. de Obra (interno)": 91392, "SOV_codigo_esquina": 1836, "SOV_nombre_cruce": "MAGARIÑOS CERVANTES" }, "geometry": { "type": "Point", "coordinates": [ -56.141976678707749, -34.886809052986315 ] } },
{ "type": "Feature", "properties": { "fid": 37726, "nom_calle": "AV ITALIA", "cod_depto": 1, "cod_locali": 20, "gid": 106151515.0, "cod_nombre": 3564, "tipo": "AVENIDA", "x": "576694.5732923114", "y": "6138518.064072438", "id_geom": "576694.57329_6138518.06407", "layer": "start_point_ejes", "path": "C:/Users/imm/Desktop/Magda/abril/start_point_ejes.gpkg", "id_vertice": 37726, "id_geom_num": null, "SOV_Costo Unitario": null, "SOV_Unidad de la Tarea": "m2", "SOV_Nombre Tarea": "BACHEO ASFALTICO SUPERFICIAL", "SOV_Codigo de Tarea": 2, "SOV_Codigo de Calle Ppal.": 3564, "SOV_Descripción Modalidad": "CONTRATO", "SOV_Nombre Proveedor": null, "SOV_Nombre Cuadrilla": null, "SOV_Nombre de Unidad": "MANTENIMIENTO VIAL", "SOV_Codigo de Unidad": 425, "SOV_Costo de la Tarea": null, "SOV_Cantidad de la Tarea": 5.94, "SOV_Agrupador Tarea": 1.02, "SOV_Fecha de la Tarea": "12/01/2026", "SOV_Observaciones": null, "SOV_Plan de Obra": null, "SOV_Fecha Recepcion Definitiva": null, "SOV_Fecha Recepcion Provisoria": null, "SOV_Fecha de Fin": null, "SOV_Fecha de Inicio": "26/05/2025", "SOV_Proveedor": null, "SOV_Responsable": null, "SOV_Cuadrilla": null, "SOV_Unidad": 425, "SOV_Calle Principal": "AV ITALIA", "SOV_CCZ": 4, "SOV_Resolucion": null, "SOV_Contrato": 2077, "SOV_Proyecto": null, "SOV_Modalidad": 1, "SOV_Descripcion de la Obra": "TUNEL", "SOV_Nro. de Obra (interno)": 91106, "SOV_codigo_esquina": 972, "SOV_nombre_cruce": "BERRO PTE." }, "geometry": { "type": "Point", "coordinates": [ -56.160629961996811, -34.892849264168177 ] } },
{ "type": "Feature", "properties": { "fid": 38239, "nom_calle": "AV DR AMERICO RICALDONI", "cod_depto": 1, "cod_locali": 20, "gid": 106152050.0, "cod_nombre": 5973, "tipo": "AVENIDA", "x": "576833.7241688295", "y": "6138118.92949723", "id_geom": "576833.72417_6138118.9295", "layer": "start_point_ejes", "path": "C:/Users/imm/Desktop/Magda/abril/start_point_ejes.gpkg", "id_vertice": 38239, "id_geom_num": null, "SOV_Costo Unitario": null, "SOV_Unidad de la Tarea": "m2", "SOV_Nombre Tarea": "BACHEO ASFALTICO SUPERFICIAL", "SOV_Codigo de Tarea": 2, "SOV_Codigo de Calle Ppal.": 5619, "SOV_Descripción Modalidad": "CONTRATO", "SOV_Nombre Proveedor": null, "SOV_Nombre Cuadrilla": null, "SOV_Nombre de Unidad": "MANTENIMIENTO VIAL", "SOV_Codigo de Unidad": 425, "SOV_Costo de la Tarea": null, "SOV_Cantidad de la Tarea": 1.28, "SOV_Agrupador Tarea": 1.02, "SOV_Fecha de la Tarea": "22/01/2026", "SOV_Observaciones": null, "SOV_Plan de Obra": null, "SOV_Fecha Recepcion Definitiva": null, "SOV_Fecha Recepcion Provisoria": null, "SOV_Fecha de Fin": null, "SOV_Fecha de Inicio": "26/05/2025", "SOV_Proveedor": null, "SOV_Responsable": null, "SOV_Cuadrilla": null, "SOV_Unidad": 425, "SOV_Calle Principal": "PONSOMBY LORD", "SOV_CCZ": 5, "SOV_Resolucion": null, "SOV_Contrato": 2077, "SOV_Proyecto": null, "SOV_Modalidad": 1, "SOV_Descripcion de la Obra": null, "SOV_Nro. de Obra (interno)": 91206, "SOV_codigo_esquina": 5973, "SOV_nombre_cruce": "RICALDONI AVENIDA DR. AMERICO" }, "geometry": { "type": "Point", "coordinates": [ -56.159070519312685, -34.896437585816834 ] } },
{ "type": "Feature", "properties": { "fid": 38277, "nom_calle": "PTE BERRO", "cod_depto": 1, "cod_locali": 20, "gid": 106152087.0, "cod_nombre": 972, "tipo": "CALLE", "x": "576694.5732923114", "y": "6138518.064072438", "id_geom": "576694.57329_6138518.06407", "layer": "start_point_ejes", "path": "C:/Users/imm/Desktop/Magda/abril/start_point_ejes.gpkg", "id_vertice": 38277, "id_geom_num": null, "SOV_Costo Unitario": null, "SOV_Unidad de la Tarea": "m2", "SOV_Nombre Tarea": "BACHEO ASFALTICO SUPERFICIAL", "SOV_Codigo de Tarea": 2, "SOV_Codigo de Calle Ppal.": 3564, "SOV_Descripción Modalidad": "CONTRATO", "SOV_Nombre Proveedor": null, "SOV_Nombre Cuadrilla": null, "SOV_Nombre de Unidad": "MANTENIMIENTO VIAL", "SOV_Codigo de Unidad": 425, "SOV_Costo de la Tarea": null, "SOV_Cantidad de la Tarea": 5.94, "SOV_Agrupador Tarea": 1.02, "SOV_Fecha de la Tarea": "12/01/2026", "SOV_Observaciones": null, "SOV_Plan de Obra": null, "SOV_Fecha Recepcion Definitiva": null, "SOV_Fecha Recepcion Provisoria": null, "SOV_Fecha de Fin": null, "SOV_Fecha de Inicio": "26/05/2025", "SOV_Proveedor": null, "SOV_Responsable": null, "SOV_Cuadrilla": null, "SOV_Unidad": 425, "SOV_Calle Principal": "AV ITALIA", "SOV_CCZ": 4, "SOV_Resolucion": null, "SOV_Contrato": 2077, "SOV_Proyecto": null, "SOV_Modalidad": 1, "SOV_Descripcion de la Obra": "TUNEL", "SOV_Nro. de Obra (interno)": 91106, "SOV_codigo_esquina": 972, "SOV_nombre_cruce": "BERRO PTE." }, "geometry": { "type": "Point", "coordinates": [ -56.160629961996811, -34.892849264168177 ] } },
{ "type": "Feature", "properties": { "fid": 38279, "nom_calle": "AV ITALIA", "cod_depto": 1, "cod_locali": 20, "gid": 106152089.0, "cod_nombre": 3564, "tipo": "AVENIDA", "x": "576411.1291936802", "y": "6138340.276825981", "id_geom": "576411.12919_6138340.27683", "layer": "start_point_ejes", "path": "C:/Users/imm/Desktop/Magda/abril/start_point_ejes.gpkg", "id_vertice": 38279, "id_geom_num": null, "SOV_Costo Unitario": null, "SOV_Unidad de la Tarea": "m2", "SOV_Nombre Tarea": "BACHEO ASFALTICO SUPERFICIAL", "SOV_Codigo de Tarea": 2, "SOV_Codigo de Calle Ppal.": 3564, "SOV_Descripción Modalidad": "CONTRATO", "SOV_Nombre Proveedor": null, "SOV_Nombre Cuadrilla": null, "SOV_Nombre de Unidad": "MANTENIMIENTO VIAL", "SOV_Codigo de Unidad": 425, "SOV_Costo de la Tarea": null, "SOV_Cantidad de la Tarea": 5.9, "SOV_Agrupador Tarea": 1.02, "SOV_Fecha de la Tarea": "22/01/2026", "SOV_Observaciones": null, "SOV_Plan de Obra": null, "SOV_Fecha Recepcion Definitiva": null, "SOV_Fecha Recepcion Provisoria": null, "SOV_Fecha de Fin": null, "SOV_Fecha de Inicio": "26/05/2025", "SOV_Proveedor": null, "SOV_Responsable": null, "SOV_Cuadrilla": null, "SOV_Unidad": 425, "SOV_Calle Principal": "AV ITALIA", "SOV_CCZ": 4, "SOV_Resolucion": null, "SOV_Contrato": 2077, "SOV_Proyecto": null, "SOV_Modalidad": 1, "SOV_Descripcion de la Obra": null, "SOV_Nro. de Obra (interno)": 91205, "SOV_codigo_esquina": 4566, "SOV_nombre_cruce": "MORALES" }, "geometry": { "type": "Point", "coordinates": [ -56.16371552554952, -34.894473686737712 ] } },
{ "type": "Feature", "properties": { "fid": 38288, "nom_calle": "MORALES", "cod_depto": 1, "cod_locali": 20, "gid": 106152098.0, "cod_nombre": 4566, "tipo": "CALLE", "x": "576411.1291936802", "y": "6138340.276825981", "id_geom": "576411.12919_6138340.27683", "layer": "start_point_ejes", "path": "C:/Users/imm/Desktop/Magda/abril/start_point_ejes.gpkg", "id_vertice": 38288, "id_geom_num": null, "SOV_Costo Unitario": null, "SOV_Unidad de la Tarea": "m2", "SOV_Nombre Tarea": "BACHEO ASFALTICO SUPERFICIAL", "SOV_Codigo de Tarea": 2, "SOV_Codigo de Calle Ppal.": 3564, "SOV_Descripción Modalidad": "CONTRATO", "SOV_Nombre Proveedor": null, "SOV_Nombre Cuadrilla": null, "SOV_Nombre de Unidad": "MANTENIMIENTO VIAL", "SOV_Codigo de Unidad": 425, "SOV_Costo de la Tarea": null, "SOV_Cantidad de la Tarea": 5.9, "SOV_Agrupador Tarea": 1.02, "SOV_Fecha de la Tarea": "22/01/2026", "SOV_Observaciones": null, "SOV_Plan de Obra": null, "SOV_Fecha Recepcion Definitiva": null, "SOV_Fecha Recepcion Provisoria": null, "SOV_Fecha de Fin": null, "SOV_Fecha de Inicio": "26/05/2025", "SOV_Proveedor": null, "SOV_Responsable": null, "SOV_Cuadrilla": null, "SOV_Unidad": 425, "SOV_Calle Principal": "AV ITALIA", "SOV_CCZ": 4, "SOV_Resolucion": null, "SOV_Contrato": 2077, "SOV_Proyecto": null, "SOV_Modalidad": 1, "SOV_Descripcion de la Obra": null, "SOV_Nro. de Obra (interno)": 91205, "SOV_codigo_esquina": 4566, "SOV_nombre_cruce": "MORALES" }, "geometry": { "type": "Point", "coordinates": [ -56.16371552554952, -34.894473686737712 ] } },
{ "type": "Feature", "properties": { "fid": 38295, "nom_calle": "AV DR AMERICO RICALDONI", "cod_depto": 1, "cod_locali": 20, "gid": 106152105.0, "cod_nombre": 5973, "tipo": "AVENIDA", "x": "576833.7241688295", "y": "6138118.92949723", "id_geom": "576833.72417_6138118.9295", "layer": "start_point_ejes", "path": "C:/Users/imm/Desktop/Magda/abril/start_point_ejes.gpkg", "id_vertice": 38295, "id_geom_num": null, "SOV_Costo Unitario": null, "SOV_Unidad de la Tarea": "m2", "SOV_Nombre Tarea": "BACHEO ASFALTICO SUPERFICIAL", "SOV_Codigo de Tarea": 2, "SOV_Codigo de Calle Ppal.": 5619, "SOV_Descripción Modalidad": "CONTRATO", "SOV_Nombre Proveedor": null, "SOV_Nombre Cuadrilla": null, "SOV_Nombre de Unidad": "MANTENIMIENTO VIAL", "SOV_Codigo de Unidad": 425, "SOV_Costo de la Tarea": null, "SOV_Cantidad de la Tarea": 1.28, "SOV_Agrupador Tarea": 1.02, "SOV_Fecha de la Tarea": "22/01/2026", "SOV_Observaciones": null, "SOV_Plan de Obra": null, "SOV_Fecha Recepcion Definitiva": null, "SOV_Fecha Recepcion Provisoria": null, "SOV_Fecha de Fin": null, "SOV_Fecha de Inicio": "26/05/2025", "SOV_Proveedor": null, "SOV_Responsable": null, "SOV_Cuadrilla": null, "SOV_Unidad": 425, "SOV_Calle Principal": "PONSOMBY LORD", "SOV_CCZ": 5, "SOV_Resolucion": null, "SOV_Contrato": 2077, "SOV_Proyecto": null, "SOV_Modalidad": 1, "SOV_Descripcion de la Obra": null, "SOV_Nro. de Obra (interno)": 91206, "SOV_codigo_esquina": 5973, "SOV_nombre_cruce": "RICALDONI AVENIDA DR. AMERICO" }, "geometry": { "type": "Point", "coordinates": [ -56.159070519312685, -34.896437585816834 ] } },
{ "type": "Feature", "properties": { "fid": 38562, "nom_calle": "AV JOSE PEDRO VARELA", "cod_depto": 1, "cod_locali": 20, "gid": 106152380.0, "cod_nombre": 7119, "tipo": "AVENIDA", "x": "576535.4964878305", "y": "6141264.4211996095", "id_geom": "576535.49649_6141264.4212", "layer": "start_point_ejes", "path": "C:/Users/imm/Desktop/Magda/abril/start_point_ejes.gpkg", "id_vertice": 38562, "id_geom_num": null, "SOV_Costo Unitario": null, "SOV_Unidad de la Tarea": "m2", "SOV_Nombre Tarea": "BACHEO ASFALTICO SUPERFICIAL", "SOV_Codigo de Tarea": 2, "SOV_Codigo de Calle Ppal.": 4956, "SOV_Descripción Modalidad": "CONTRATO", "SOV_Nombre Proveedor": null, "SOV_Nombre Cuadrilla": null, "SOV_Nombre de Unidad": "MANTENIMIENTO VIAL", "SOV_Codigo de Unidad": 425, "SOV_Costo de la Tarea": null, "SOV_Cantidad de la Tarea": 2.16, "SOV_Agrupador Tarea": 1.02, "SOV_Fecha de la Tarea": "20/01/2026", "SOV_Observaciones": null, "SOV_Plan de Obra": null, "SOV_Fecha Recepcion Definitiva": null, "SOV_Fecha Recepcion Provisoria": null, "SOV_Fecha de Fin": null, "SOV_Fecha de Inicio": "26/05/2025", "SOV_Proveedor": null, "SOV_Responsable": null, "SOV_Cuadrilla": null, "SOV_Unidad": 425, "SOV_Calle Principal": "BATLLE Y ORDOÑEZ BULEVAR JOSE", "SOV_CCZ": 3, "SOV_Resolucion": null, "SOV_Contrato": 2077, "SOV_Proyecto": null, "SOV_Modalidad": 1, "SOV_Descripcion de la Obra": null, "SOV_Nro. de Obra (interno)": 91214, "SOV_codigo_esquina": 7119, "SOV_nombre_cruce": "AV JOSE PEDRO VARELA" }, "geometry": { "type": "Point", "coordinates": [ -56.16262199017013, -34.868098323134596 ] } },
{ "type": "Feature", "properties": { "fid": 38697, "nom_calle": "GDOR VIANA", "cod_depto": 1, "cod_locali": 20, "gid": 106152517.0, "cod_nombre": 7227, "tipo": "CALLE", "x": "578493.4408573181", "y": "6140346.644638835", "id_geom": "578493.44086_6140346.64464", "layer": "start_point_ejes", "path": "C:/Users/imm/Desktop/Magda/abril/start_point_ejes.gpkg", "id_vertice": 38697, "id_geom_num": null, "SOV_Costo Unitario": null, "SOV_Unidad de la Tarea": "m2", "SOV_Nombre Tarea": "BACHEOS EN HORMIGON VISTO", "SOV_Codigo de Tarea": 4, "SOV_Codigo de Calle Ppal.": 7227, "SOV_Descripción Modalidad": "ADMINISTRACION", "SOV_Nombre Proveedor": null, "SOV_Nombre Cuadrilla": "CUADRILLA 8", "SOV_Nombre de Unidad": "MANTENIMIENTO VIAL", "SOV_Codigo de Unidad": 425, "SOV_Costo de la Tarea": null, "SOV_Cantidad de la Tarea": 128.0, "SOV_Agrupador Tarea": 1.04, "SOV_Fecha de la Tarea": "13/01/2026", "SOV_Observaciones": null, "SOV_Plan de Obra": null, "SOV_Fecha Recepcion Definitiva": null, "SOV_Fecha Recepcion Provisoria": null, "SOV_Fecha de Fin": "31/01/2026", "SOV_Fecha de Inicio": "01/01/2026", "SOV_Proveedor": null, "SOV_Responsable": null, "SOV_Cuadrilla": 2.0, "SOV_Unidad": 425, "SOV_Calle Principal": "GDOR VIANA", "SOV_CCZ": 6, "SOV_Resolucion": null, "SOV_Contrato": null, "SOV_Proyecto": null, "SOV_Modalidad": 3, "SOV_Descripcion de la Obra": null, "SOV_Nro. de Obra (interno)": 91388, "SOV_codigo_esquina": 639, "SOV_nombre_cruce": "ASILO" }, "geometry": { "type": "Point", "coordinates": [ -56.141116087704702, -34.876224160278142 ] } },
{ "type": "Feature", "properties": { "fid": 38743, "nom_calle": "ASILO", "cod_depto": 1, "cod_locali": 20, "gid": 106152564.0, "cod_nombre": 639, "tipo": "CALLE", "x": "578493.4408573181", "y": "6140346.644638835", "id_geom": "578493.44086_6140346.64464", "layer": "start_point_ejes", "path": "C:/Users/imm/Desktop/Magda/abril/start_point_ejes.gpkg", "id_vertice": 38743, "id_geom_num": null, "SOV_Costo Unitario": null, "SOV_Unidad de la Tarea": "m2", "SOV_Nombre Tarea": "BACHEOS EN HORMIGON VISTO", "SOV_Codigo de Tarea": 4, "SOV_Codigo de Calle Ppal.": 7227, "SOV_Descripción Modalidad": "ADMINISTRACION", "SOV_Nombre Proveedor": null, "SOV_Nombre Cuadrilla": "CUADRILLA 8", "SOV_Nombre de Unidad": "MANTENIMIENTO VIAL", "SOV_Codigo de Unidad": 425, "SOV_Costo de la Tarea": null, "SOV_Cantidad de la Tarea": 128.0, "SOV_Agrupador Tarea": 1.04, "SOV_Fecha de la Tarea": "13/01/2026", "SOV_Observaciones": null, "SOV_Plan de Obra": null, "SOV_Fecha Recepcion Definitiva": null, "SOV_Fecha Recepcion Provisoria": null, "SOV_Fecha de Fin": "31/01/2026", "SOV_Fecha de Inicio": "01/01/2026", "SOV_Proveedor": null, "SOV_Responsable": null, "SOV_Cuadrilla": 2.0, "SOV_Unidad": 425, "SOV_Calle Principal": "GDOR VIANA", "SOV_CCZ": 6, "SOV_Resolucion": null, "SOV_Contrato": null, "SOV_Proyecto": null, "SOV_Modalidad": 3, "SOV_Descripcion de la Obra": null, "SOV_Nro. de Obra (interno)": 91388, "SOV_codigo_esquina": 639, "SOV_nombre_cruce": "ASILO" }, "geometry": { "type": "Point", "coordinates": [ -56.141116087704702, -34.876224160278142 ] } },
{ "type": "Feature", "properties": { "fid": 40412, "nom_calle": "GABOTO", "cod_depto": 1, "cod_locali": 20, "gid": 106154301.0, "cod_nombre": 2853, "tipo": "CALLE", "x": "575093.2336019635", "y": "6137326.62171182", "id_geom": "575093.2336_6137326.62171", "layer": "start_point_ejes", "path": "C:/Users/imm/Desktop/Magda/abril/start_point_ejes.gpkg", "id_vertice": 40412, "id_geom_num": null, "SOV_Costo Unitario": null, "SOV_Unidad de la Tarea": "m2", "SOV_Nombre Tarea": "BACHEO ASFALTICO SUPERFICIAL", "SOV_Codigo de Tarea": 2, "SOV_Codigo de Calle Ppal.": 3219, "SOV_Descripción Modalidad": "CONTRATO", "SOV_Nombre Proveedor": null, "SOV_Nombre Cuadrilla": null, "SOV_Nombre de Unidad": "MANTENIMIENTO VIAL", "SOV_Codigo de Unidad": 425, "SOV_Costo de la Tarea": null, "SOV_Cantidad de la Tarea": 3.93, "SOV_Agrupador Tarea": 1.02, "SOV_Fecha de la Tarea": "19/01/2026", "SOV_Observaciones": null, "SOV_Plan de Obra": null, "SOV_Fecha Recepcion Definitiva": null, "SOV_Fecha Recepcion Provisoria": null, "SOV_Fecha de Fin": null, "SOV_Fecha de Inicio": "26/05/2025", "SOV_Proveedor": null, "SOV_Responsable": null, "SOV_Cuadrilla": null, "SOV_Unidad": 425, "SOV_Calle Principal": "GUAYABOS", "SOV_CCZ": 2, "SOV_Resolucion": null, "SOV_Contrato": 2077, "SOV_Proyecto": null, "SOV_Modalidad": 1, "SOV_Descripcion de la Obra": null, "SOV_Nro. de Obra (interno)": 91179, "SOV_codigo_esquina": 2853, "SOV_nombre_cruce": "GABOTO" }, "geometry": { "type": "Point", "coordinates": [ -56.178046901468392, -34.903711843997925 ] } },
{ "type": "Feature", "properties": { "fid": 40569, "nom_calle": "GUAYABOS", "cod_depto": 1, "cod_locali": 20, "gid": 106154468.0, "cod_nombre": 3219, "tipo": "CALLE", "x": "575093.2336019635", "y": "6137326.62171182", "id_geom": "575093.2336_6137326.62171", "layer": "start_point_ejes", "path": "C:/Users/imm/Desktop/Magda/abril/start_point_ejes.gpkg", "id_vertice": 40569, "id_geom_num": null, "SOV_Costo Unitario": null, "SOV_Unidad de la Tarea": "m2", "SOV_Nombre Tarea": "BACHEO ASFALTICO SUPERFICIAL", "SOV_Codigo de Tarea": 2, "SOV_Codigo de Calle Ppal.": 3219, "SOV_Descripción Modalidad": "CONTRATO", "SOV_Nombre Proveedor": null, "SOV_Nombre Cuadrilla": null, "SOV_Nombre de Unidad": "MANTENIMIENTO VIAL", "SOV_Codigo de Unidad": 425, "SOV_Costo de la Tarea": null, "SOV_Cantidad de la Tarea": 3.93, "SOV_Agrupador Tarea": 1.02, "SOV_Fecha de la Tarea": "19/01/2026", "SOV_Observaciones": null, "SOV_Plan de Obra": null, "SOV_Fecha Recepcion Definitiva": null, "SOV_Fecha Recepcion Provisoria": null, "SOV_Fecha de Fin": null, "SOV_Fecha de Inicio": "26/05/2025", "SOV_Proveedor": null, "SOV_Responsable": null, "SOV_Cuadrilla": null, "SOV_Unidad": 425, "SOV_Calle Principal": "GUAYABOS", "SOV_CCZ": 2, "SOV_Resolucion": null, "SOV_Contrato": 2077, "SOV_Proyecto": null, "SOV_Modalidad": 1, "SOV_Descripcion de la Obra": null, "SOV_Nro. de Obra (interno)": 91179, "SOV_codigo_esquina": 2853, "SOV_nombre_cruce": "GABOTO" }, "geometry": { "type": "Point", "coordinates": [ -56.178046901468392, -34.903711843997925 ] } },
{ "type": "Feature", "properties": { "fid": 40609, "nom_calle": "MERCEDES", "cod_depto": 1, "cod_locali": 20, "gid": 106154508.0, "cod_nombre": 4404, "tipo": "CALLE", "x": "574957.3010004754", "y": "6137604.229401371", "id_geom": "574957.301_6137604.2294", "layer": "start_point_ejes", "path": "C:/Users/imm/Desktop/Magda/abril/start_point_ejes.gpkg", "id_vertice": 40609, "id_geom_num": null, "SOV_Costo Unitario": null, "SOV_Unidad de la Tarea": "m2", "SOV_Nombre Tarea": "BACHEO ASFALTICO SUPERFICIAL", "SOV_Codigo de Tarea": 2, "SOV_Codigo de Calle Ppal.": 4404, "SOV_Descripción Modalidad": "CONTRATO", "SOV_Nombre Proveedor": null, "SOV_Nombre Cuadrilla": null, "SOV_Nombre de Unidad": "MANTENIMIENTO VIAL", "SOV_Codigo de Unidad": 425, "SOV_Costo de la Tarea": null, "SOV_Cantidad de la Tarea": 2.88, "SOV_Agrupador Tarea": 1.02, "SOV_Fecha de la Tarea": "19/01/2026", "SOV_Observaciones": null, "SOV_Plan de Obra": null, "SOV_Fecha Recepcion Definitiva": null, "SOV_Fecha Recepcion Provisoria": null, "SOV_Fecha de Fin": null, "SOV_Fecha de Inicio": "26/05/2025", "SOV_Proveedor": null, "SOV_Responsable": null, "SOV_Cuadrilla": null, "SOV_Unidad": 425, "SOV_Calle Principal": "MERCEDES", "SOV_CCZ": 2, "SOV_Resolucion": null, "SOV_Contrato": 2077, "SOV_Proyecto": null, "SOV_Modalidad": 1, "SOV_Descripcion de la Obra": null, "SOV_Nro. de Obra (interno)": 91209, "SOV_codigo_esquina": 2853, "SOV_nombre_cruce": "GABOTO" }, "geometry": { "type": "Point", "coordinates": [ -56.179559548541839, -34.901218802590613 ] } },
{ "type": "Feature", "properties": { "fid": 41104, "nom_calle": "GABOTO", "cod_depto": 1, "cod_locali": 20, "gid": 106155003.0, "cod_nombre": 2853, "tipo": "CALLE", "x": "574957.3010004754", "y": "6137604.229401371", "id_geom": "574957.301_6137604.2294", "layer": "start_point_ejes", "path": "C:/Users/imm/Desktop/Magda/abril/start_point_ejes.gpkg", "id_vertice": 41104, "id_geom_num": null, "SOV_Costo Unitario": null, "SOV_Unidad de la Tarea": "m2", "SOV_Nombre Tarea": "BACHEO ASFALTICO SUPERFICIAL", "SOV_Codigo de Tarea": 2, "SOV_Codigo de Calle Ppal.": 4404, "SOV_Descripción Modalidad": "CONTRATO", "SOV_Nombre Proveedor": null, "SOV_Nombre Cuadrilla": null, "SOV_Nombre de Unidad": "MANTENIMIENTO VIAL", "SOV_Codigo de Unidad": 425, "SOV_Costo de la Tarea": null, "SOV_Cantidad de la Tarea": 2.88, "SOV_Agrupador Tarea": 1.02, "SOV_Fecha de la Tarea": "19/01/2026", "SOV_Observaciones": null, "SOV_Plan de Obra": null, "SOV_Fecha Recepcion Definitiva": null, "SOV_Fecha Recepcion Provisoria": null, "SOV_Fecha de Fin": null, "SOV_Fecha de Inicio": "26/05/2025", "SOV_Proveedor": null, "SOV_Responsable": null, "SOV_Cuadrilla": null, "SOV_Unidad": 425, "SOV_Calle Principal": "MERCEDES", "SOV_CCZ": 2, "SOV_Resolucion": null, "SOV_Contrato": 2077, "SOV_Proyecto": null, "SOV_Modalidad": 1, "SOV_Descripcion de la Obra": null, "SOV_Nro. de Obra (interno)": 91209, "SOV_codigo_esquina": 2853, "SOV_nombre_cruce": "GABOTO" }, "geometry": { "type": "Point", "coordinates": [ -56.179559548541839, -34.901218802590613 ] } },
{ "type": "Feature", "properties": { "fid": 41117, "nom_calle": "AV DE LAS LEYES", "cod_depto": 1, "cod_locali": 20, "gid": 106155016.0, "cod_nombre": 2354, "tipo": "AVENIDA", "x": "574224.4483993328", "y": "6138899.282049808", "id_geom": "574224.4484_6138899.28205", "layer": "start_point_ejes", "path": "C:/Users/imm/Desktop/Magda/abril/start_point_ejes.gpkg", "id_vertice": 41117, "id_geom_num": null, "SOV_Costo Unitario": null, "SOV_Unidad de la Tarea": "m2", "SOV_Nombre Tarea": "BACHEO ASFALTICO SUPERFICIAL", "SOV_Codigo de Tarea": 2, "SOV_Codigo de Calle Ppal.": 2354, "SOV_Descripción Modalidad": "CONTRATO", "SOV_Nombre Proveedor": null, "SOV_Nombre Cuadrilla": null, "SOV_Nombre de Unidad": "MANTENIMIENTO VIAL", "SOV_Codigo de Unidad": 425, "SOV_Costo de la Tarea": null, "SOV_Cantidad de la Tarea": 18.28, "SOV_Agrupador Tarea": 1.02, "SOV_Fecha de la Tarea": "21/01/2026", "SOV_Observaciones": null, "SOV_Plan de Obra": null, "SOV_Fecha Recepcion Definitiva": null, "SOV_Fecha Recepcion Provisoria": null, "SOV_Fecha de Fin": null, "SOV_Fecha de Inicio": "26/05/2025", "SOV_Proveedor": null, "SOV_Responsable": null, "SOV_Cuadrilla": null, "SOV_Unidad": 425, "SOV_Calle Principal": "AV DE LAS LEYES", "SOV_CCZ": 16, "SOV_Resolucion": null, "SOV_Contrato": 2077, "SOV_Proyecto": null, "SOV_Modalidad": 1, "SOV_Descripcion de la Obra": null, "SOV_Nro. de Obra (interno)": 91193, "SOV_codigo_esquina": 126, "SOV_nombre_cruce": "AV AGRACIADA" }, "geometry": { "type": "Point", "coordinates": [ -56.187695186992173, -34.889595594549412 ] } },
{ "type": "Feature", "properties": { "fid": 42363, "nom_calle": "RBLA TOMAS BERRETA", "cod_depto": 1, "cod_locali": 20, "gid": 106156293.0, "cod_nombre": 957, "tipo": "RAMBLA", "x": "588165.9824054166", "y": "6139612.975635133", "id_geom": "588165.98241_6139612.97564", "layer": "start_point_ejes", "path": "C:/Users/imm/Desktop/Magda/abril/start_point_ejes.gpkg", "id_vertice": 42363, "id_geom_num": null, "SOV_Costo Unitario": null, "SOV_Unidad de la Tarea": "m2", "SOV_Nombre Tarea": "BACHEO ASFALTICO SUPERFICIAL", "SOV_Codigo de Tarea": 2, "SOV_Codigo de Calle Ppal.": 957, "SOV_Descripción Modalidad": "CONTRATO", "SOV_Nombre Proveedor": null, "SOV_Nombre Cuadrilla": null, "SOV_Nombre de Unidad": "MANTENIMIENTO VIAL", "SOV_Codigo de Unidad": 425, "SOV_Costo de la Tarea": null, "SOV_Cantidad de la Tarea": 1.16, "SOV_Agrupador Tarea": 1.02, "SOV_Fecha de la Tarea": "26/01/2026", "SOV_Observaciones": null, "SOV_Plan de Obra": null, "SOV_Fecha Recepcion Definitiva": null, "SOV_Fecha Recepcion Provisoria": null, "SOV_Fecha de Fin": null, "SOV_Fecha de Inicio": "26/05/2025", "SOV_Proveedor": null, "SOV_Responsable": null, "SOV_Cuadrilla": null, "SOV_Unidad": 425, "SOV_Calle Principal": "BERRETA RAMBLA TOMAS", "SOV_CCZ": 8, "SOV_Resolucion": null, "SOV_Contrato": 2077, "SOV_Proyecto": null, "SOV_Modalidad": 1, "SOV_Descripcion de la Obra": null, "SOV_Nro. de Obra (interno)": 91248, "SOV_codigo_esquina": 780, "SOV_nombre_cruce": "RAFAEL BARRADAS" }, "geometry": { "type": "Point", "coordinates": [ -56.03521334301459, -34.882045509973004 ] } },
{ "type": "Feature", "properties": { "fid": 42364, "nom_calle": "RBLA TOMAS BERRETA", "cod_depto": 1, "cod_locali": 20, "gid": 106156294.0, "cod_nombre": 957, "tipo": "RAMBLA", "x": "588165.9824054166", "y": "6139612.975635133", "id_geom": "588165.98241_6139612.97564", "layer": "start_point_ejes", "path": "C:/Users/imm/Desktop/Magda/abril/start_point_ejes.gpkg", "id_vertice": 42364, "id_geom_num": null, "SOV_Costo Unitario": null, "SOV_Unidad de la Tarea": "m2", "SOV_Nombre Tarea": "BACHEO ASFALTICO SUPERFICIAL", "SOV_Codigo de Tarea": 2, "SOV_Codigo de Calle Ppal.": 957, "SOV_Descripción Modalidad": "CONTRATO", "SOV_Nombre Proveedor": null, "SOV_Nombre Cuadrilla": null, "SOV_Nombre de Unidad": "MANTENIMIENTO VIAL", "SOV_Codigo de Unidad": 425, "SOV_Costo de la Tarea": null, "SOV_Cantidad de la Tarea": 1.16, "SOV_Agrupador Tarea": 1.02, "SOV_Fecha de la Tarea": "26/01/2026", "SOV_Observaciones": null, "SOV_Plan de Obra": null, "SOV_Fecha Recepcion Definitiva": null, "SOV_Fecha Recepcion Provisoria": null, "SOV_Fecha de Fin": null, "SOV_Fecha de Inicio": "26/05/2025", "SOV_Proveedor": null, "SOV_Responsable": null, "SOV_Cuadrilla": null, "SOV_Unidad": 425, "SOV_Calle Principal": "BERRETA RAMBLA TOMAS", "SOV_CCZ": 8, "SOV_Resolucion": null, "SOV_Contrato": 2077, "SOV_Proyecto": null, "SOV_Modalidad": 1, "SOV_Descripcion de la Obra": null, "SOV_Nro. de Obra (interno)": 91248, "SOV_codigo_esquina": 780, "SOV_nombre_cruce": "RAFAEL BARRADAS" }, "geometry": { "type": "Point", "coordinates": [ -56.03521334301459, -34.882045509973004 ] } },
{ "type": "Feature", "properties": { "fid": 43055, "nom_calle": "AV AGRACIADA", "cod_depto": 1, "cod_locali": 20, "gid": 106157032.0, "cod_nombre": 126, "tipo": "AVENIDA", "x": "574224.4483993328", "y": "6138899.282049808", "id_geom": "574224.4484_6138899.28205", "layer": "start_point_ejes", "path": "C:/Users/imm/Desktop/Magda/abril/start_point_ejes.gpkg", "id_vertice": 43055, "id_geom_num": null, "SOV_Costo Unitario": null, "SOV_Unidad de la Tarea": "m2", "SOV_Nombre Tarea": "BACHEO ASFALTICO SUPERFICIAL", "SOV_Codigo de Tarea": 2, "SOV_Codigo de Calle Ppal.": 2354, "SOV_Descripción Modalidad": "CONTRATO", "SOV_Nombre Proveedor": null, "SOV_Nombre Cuadrilla": null, "SOV_Nombre de Unidad": "MANTENIMIENTO VIAL", "SOV_Codigo de Unidad": 425, "SOV_Costo de la Tarea": null, "SOV_Cantidad de la Tarea": 18.28, "SOV_Agrupador Tarea": 1.02, "SOV_Fecha de la Tarea": "21/01/2026", "SOV_Observaciones": null, "SOV_Plan de Obra": null, "SOV_Fecha Recepcion Definitiva": null, "SOV_Fecha Recepcion Provisoria": null, "SOV_Fecha de Fin": null, "SOV_Fecha de Inicio": "26/05/2025", "SOV_Proveedor": null, "SOV_Responsable": null, "SOV_Cuadrilla": null, "SOV_Unidad": 425, "SOV_Calle Principal": "AV DE LAS LEYES", "SOV_CCZ": 16, "SOV_Resolucion": null, "SOV_Contrato": 2077, "SOV_Proyecto": null, "SOV_Modalidad": 1, "SOV_Descripcion de la Obra": null, "SOV_Nro. de Obra (interno)": 91193, "SOV_codigo_esquina": 126, "SOV_nombre_cruce": "AV AGRACIADA" }, "geometry": { "type": "Point", "coordinates": [ -56.187695186992173, -34.889595594549412 ] } },
{ "type": "Feature", "properties": { "fid": 43133, "nom_calle": "JOANICO", "cod_depto": 1, "cod_locali": 20, "gid": 106157116.0, "cod_nombre": 3618, "tipo": "CALLE", "x": "577177.982203531", "y": "6139692.148954741", "id_geom": "577177.9822_6139692.14895", "layer": "start_point_ejes", "path": "C:/Users/imm/Desktop/Magda/abril/start_point_ejes.gpkg", "id_vertice": 43133, "id_geom_num": null, "SOV_Costo Unitario": null, "SOV_Unidad de la Tarea": "m2", "SOV_Nombre Tarea": "BACHEO ASFALTICO SUPERFICIAL", "SOV_Codigo de Tarea": 2, "SOV_Codigo de Calle Ppal.": 7038, "SOV_Descripción Modalidad": "CONTRATO", "SOV_Nombre Proveedor": null, "SOV_Nombre Cuadrilla": null, "SOV_Nombre de Unidad": "MANTENIMIENTO VIAL", "SOV_Codigo de Unidad": 425, "SOV_Costo de la Tarea": null, "SOV_Cantidad de la Tarea": 9.0, "SOV_Agrupador Tarea": 1.02, "SOV_Fecha de la Tarea": "12/01/2026", "SOV_Observaciones": null, "SOV_Plan de Obra": null, "SOV_Fecha Recepcion Definitiva": null, "SOV_Fecha Recepcion Provisoria": null, "SOV_Fecha de Fin": null, "SOV_Fecha de Inicio": "26/05/2025", "SOV_Proveedor": null, "SOV_Responsable": null, "SOV_Cuadrilla": null, "SOV_Unidad": 425, "SOV_Calle Principal": "GRAL URQUIZA", "SOV_CCZ": 4, "SOV_Resolucion": null, "SOV_Contrato": 2077, "SOV_Proyecto": null, "SOV_Modalidad": 1, "SOV_Descripcion de la Obra": null, "SOV_Nro. de Obra (interno)": 91107, "SOV_codigo_esquina": 4581, "SOV_nombre_cruce": "MARIANO MORENO" }, "geometry": { "type": "Point", "coordinates": [ -56.155448218896666, -34.882226334497481 ] } },
{ "type": "Feature", "properties": { "fid": 43276, "nom_calle": "MARCELINO SOSA", "cod_depto": 1, "cod_locali": 20, "gid": 106157276.0, "cod_nombre": 6639, "tipo": "CALLE", "x": "574224.4483993328", "y": "6138899.282049808", "id_geom": "574224.4484_6138899.28205", "layer": "start_point_ejes", "path": "C:/Users/imm/Desktop/Magda/abril/start_point_ejes.gpkg", "id_vertice": 43276, "id_geom_num": null, "SOV_Costo Unitario": null, "SOV_Unidad de la Tarea": "m2", "SOV_Nombre Tarea": "BACHEO ASFALTICO SUPERFICIAL", "SOV_Codigo de Tarea": 2, "SOV_Codigo de Calle Ppal.": 2354, "SOV_Descripción Modalidad": "CONTRATO", "SOV_Nombre Proveedor": null, "SOV_Nombre Cuadrilla": null, "SOV_Nombre de Unidad": "MANTENIMIENTO VIAL", "SOV_Codigo de Unidad": 425, "SOV_Costo de la Tarea": null, "SOV_Cantidad de la Tarea": 18.28, "SOV_Agrupador Tarea": 1.02, "SOV_Fecha de la Tarea": "21/01/2026", "SOV_Observaciones": null, "SOV_Plan de Obra": null, "SOV_Fecha Recepcion Definitiva": null, "SOV_Fecha Recepcion Provisoria": null, "SOV_Fecha de Fin": null, "SOV_Fecha de Inicio": "26/05/2025", "SOV_Proveedor": null, "SOV_Responsable": null, "SOV_Cuadrilla": null, "SOV_Unidad": 425, "SOV_Calle Principal": "AV DE LAS LEYES", "SOV_CCZ": 16, "SOV_Resolucion": null, "SOV_Contrato": 2077, "SOV_Proyecto": null, "SOV_Modalidad": 1, "SOV_Descripcion de la Obra": null, "SOV_Nro. de Obra (interno)": 91193, "SOV_codigo_esquina": 126, "SOV_nombre_cruce": "AV AGRACIADA" }, "geometry": { "type": "Point", "coordinates": [ -56.187695186992173, -34.889595594549412 ] } },
{ "type": "Feature", "properties": { "fid": 43313, "nom_calle": "AV GRAL GARIBALDI", "cod_depto": 1, "cod_locali": 20, "gid": 106157316.0, "cod_nombre": 2949, "tipo": "AVENIDA", "x": "576520.4418438991", "y": "6139133.421546737", "id_geom": "576520.44184_6139133.42155", "layer": "start_point_ejes", "path": "C:/Users/imm/Desktop/Magda/abril/start_point_ejes.gpkg", "id_vertice": 43313, "id_geom_num": null, "SOV_Costo Unitario": null, "SOV_Unidad de la Tarea": "m2", "SOV_Nombre Tarea": "BACHEO ASFALTICO SUPERFICIAL", "SOV_Codigo de Tarea": 2, "SOV_Codigo de Calle Ppal.": 333, "SOV_Descripción Modalidad": "CONTRATO", "SOV_Nombre Proveedor": null, "SOV_Nombre Cuadrilla": null, "SOV_Nombre de Unidad": "MANTENIMIENTO VIAL", "SOV_Codigo de Unidad": 425, "SOV_Costo de la Tarea": null, "SOV_Cantidad de la Tarea": 5.77, "SOV_Agrupador Tarea": 1.02, "SOV_Fecha de la Tarea": "12/01/2026", "SOV_Observaciones": null, "SOV_Plan de Obra": null, "SOV_Fecha Recepcion Definitiva": null, "SOV_Fecha Recepcion Provisoria": null, "SOV_Fecha de Fin": null, "SOV_Fecha de Inicio": "26/05/2025", "SOV_Proveedor": null, "SOV_Responsable": null, "SOV_Cuadrilla": null, "SOV_Unidad": 425, "SOV_Calle Principal": "CARLOS ANAYA", "SOV_CCZ": 4, "SOV_Resolucion": null, "SOV_Contrato": 2077, "SOV_Proyecto": null, "SOV_Modalidad": 1, "SOV_Descripcion de la Obra": null, "SOV_Nro. de Obra (interno)": 91108, "SOV_codigo_esquina": 2949, "SOV_nombre_cruce": "AV GRAL GARIBALDI" }, "geometry": { "type": "Point", "coordinates": [ -56.162591833253252, -34.88731395171245 ] } },
{ "type": "Feature", "properties": { "fid": 43473, "nom_calle": "AV DR AMERICO RICALDONI", "cod_depto": 1, "cod_locali": 20, "gid": 106157470.0, "cod_nombre": 5973, "tipo": "AVENIDA", "x": "577265.4936058108", "y": "6137851.380752664", "id_geom": "577265.49361_6137851.38075", "layer": "start_point_ejes", "path": "C:/Users/imm/Desktop/Magda/abril/start_point_ejes.gpkg", "id_vertice": 43473, "id_geom_num": null, "SOV_Costo Unitario": null, "SOV_Unidad de la Tarea": "m2", "SOV_Nombre Tarea": "BACHEO ASFALTICO SUPERFICIAL", "SOV_Codigo de Tarea": 2, "SOV_Codigo de Calle Ppal.": 5973, "SOV_Descripción Modalidad": "CONTRATO", "SOV_Nombre Proveedor": null, "SOV_Nombre Cuadrilla": null, "SOV_Nombre de Unidad": "MANTENIMIENTO VIAL", "SOV_Codigo de Unidad": 425, "SOV_Costo de la Tarea": null, "SOV_Cantidad de la Tarea": 61.78, "SOV_Agrupador Tarea": 1.02, "SOV_Fecha de la Tarea": "22/01/2026", "SOV_Observaciones": null, "SOV_Plan de Obra": null, "SOV_Fecha Recepcion Definitiva": null, "SOV_Fecha Recepcion Provisoria": null, "SOV_Fecha de Fin": null, "SOV_Fecha de Inicio": "26/05/2025", "SOV_Proveedor": null, "SOV_Responsable": null, "SOV_Cuadrilla": null, "SOV_Unidad": 425, "SOV_Calle Principal": "RICALDONI AVENIDA DR. AMERICO", "SOV_CCZ": 5, "SOV_Resolucion": null, "SOV_Contrato": 2077, "SOV_Proyecto": null, "SOV_Modalidad": 1, "SOV_Descripcion de la Obra": null, "SOV_Nro. de Obra (interno)": 91207, "SOV_codigo_esquina": 186, "SOV_nombre_cruce": "PEDRO DE ALARCON" }, "geometry": { "type": "Point", "coordinates": [ -56.15432061930008, -34.898817185042283 ] } },
{ "type": "Feature", "properties": { "fid": 43767, "nom_calle": "BV JOSE BATLLE Y ORDOÑEZ", "cod_depto": 1, "cod_locali": 20, "gid": 106157811.0, "cod_nombre": 4956, "tipo": "BULEVAR", "x": "574799.8143085464", "y": "6142921.032756421", "id_geom": "574799.81431_6142921.03276", "layer": "start_point_ejes", "path": "C:/Users/imm/Desktop/Magda/abril/start_point_ejes.gpkg", "id_vertice": 43767, "id_geom_num": null, "SOV_Costo Unitario": null, "SOV_Unidad de la Tarea": "m2", "SOV_Nombre Tarea": "BACHEO ASFALTICO SUPERFICIAL", "SOV_Codigo de Tarea": 2, "SOV_Codigo de Calle Ppal.": 1179, "SOV_Descripción Modalidad": "CONTRATO", "SOV_Nombre Proveedor": null, "SOV_Nombre Cuadrilla": null, "SOV_Nombre de Unidad": "MANTENIMIENTO VIAL", "SOV_Codigo de Unidad": 425, "SOV_Costo de la Tarea": null, "SOV_Cantidad de la Tarea": 3.1, "SOV_Agrupador Tarea": 1.02, "SOV_Fecha de la Tarea": "13/01/2026", "SOV_Observaciones": null, "SOV_Plan de Obra": null, "SOV_Fecha Recepcion Definitiva": null, "SOV_Fecha Recepcion Provisoria": null, "SOV_Fecha de Fin": null, "SOV_Fecha de Inicio": "26/05/2025", "SOV_Proveedor": null, "SOV_Responsable": null, "SOV_Cuadrilla": null, "SOV_Unidad": 425, "SOV_Calle Principal": "BURGUES AVENIDA", "SOV_CCZ": 11, "SOV_Resolucion": null, "SOV_Contrato": 2077, "SOV_Proyecto": null, "SOV_Modalidad": 1, "SOV_Descripcion de la Obra": null, "SOV_Nro. de Obra (interno)": 91125, "SOV_codigo_esquina": 4956, "SOV_nombre_cruce": "BATLLE Y ORDOÑEZ BULEVAR JOSE" }, "geometry": { "type": "Point", "coordinates": [ -56.181758370985953, -34.853290397455979 ] } },
{ "type": "Feature", "properties": { "fid": 43874, "nom_calle": "AV BURGUES", "cod_depto": 1, "cod_locali": 20, "gid": 106157884.0, "cod_nombre": 1179, "tipo": "AVENIDA", "x": "574799.8143085464", "y": "6142921.032756421", "id_geom": "574799.81431_6142921.03276", "layer": "start_point_ejes", "path": "C:/Users/imm/Desktop/Magda/abril/start_point_ejes.gpkg", "id_vertice": 43874, "id_geom_num": null, "SOV_Costo Unitario": null, "SOV_Unidad de la Tarea": "m2", "SOV_Nombre Tarea": "BACHEO ASFALTICO SUPERFICIAL", "SOV_Codigo de Tarea": 2, "SOV_Codigo de Calle Ppal.": 1179, "SOV_Descripción Modalidad": "CONTRATO", "SOV_Nombre Proveedor": null, "SOV_Nombre Cuadrilla": null, "SOV_Nombre de Unidad": "MANTENIMIENTO VIAL", "SOV_Codigo de Unidad": 425, "SOV_Costo de la Tarea": null, "SOV_Cantidad de la Tarea": 3.1, "SOV_Agrupador Tarea": 1.02, "SOV_Fecha de la Tarea": "13/01/2026", "SOV_Observaciones": null, "SOV_Plan de Obra": null, "SOV_Fecha Recepcion Definitiva": null, "SOV_Fecha Recepcion Provisoria": null, "SOV_Fecha de Fin": null, "SOV_Fecha de Inicio": "26/05/2025", "SOV_Proveedor": null, "SOV_Responsable": null, "SOV_Cuadrilla": null, "SOV_Unidad": 425, "SOV_Calle Principal": "BURGUES AVENIDA", "SOV_CCZ": 11, "SOV_Resolucion": null, "SOV_Contrato": 2077, "SOV_Proyecto": null, "SOV_Modalidad": 1, "SOV_Descripcion de la Obra": null, "SOV_Nro. de Obra (interno)": 91125, "SOV_codigo_esquina": 4956, "SOV_nombre_cruce": "BATLLE Y ORDOÑEZ BULEVAR JOSE" }, "geometry": { "type": "Point", "coordinates": [ -56.181758370985953, -34.853290397455979 ] } },
{ "type": "Feature", "properties": { "fid": 44007, "nom_calle": "PEDRO TRAPANI", "cod_depto": 1, "cod_locali": 20, "gid": 106158017.0, "cod_nombre": 6936, "tipo": "CALLE", "x": "574125.8748466293", "y": "6142866.143478995", "id_geom": "574125.87485_6142866.14348", "layer": "start_point_ejes", "path": "C:/Users/imm/Desktop/Magda/abril/start_point_ejes.gpkg", "id_vertice": 44007, "id_geom_num": null, "SOV_Costo Unitario": null, "SOV_Unidad de la Tarea": "m2", "SOV_Nombre Tarea": "BACHEO ASFALTICO SUPERFICIAL", "SOV_Codigo de Tarea": 2, "SOV_Codigo de Calle Ppal.": 858, "SOV_Descripción Modalidad": "CONTRATO", "SOV_Nombre Proveedor": null, "SOV_Nombre Cuadrilla": null, "SOV_Nombre de Unidad": "MANTENIMIENTO VIAL", "SOV_Codigo de Unidad": 425, "SOV_Costo de la Tarea": null, "SOV_Cantidad de la Tarea": 30.19, "SOV_Agrupador Tarea": 1.02, "SOV_Fecha de la Tarea": "13/01/2026", "SOV_Observaciones": null, "SOV_Plan de Obra": null, "SOV_Fecha Recepcion Definitiva": null, "SOV_Fecha Recepcion Provisoria": null, "SOV_Fecha de Fin": null, "SOV_Fecha de Inicio": "26/05/2025", "SOV_Proveedor": null, "SOV_Responsable": null, "SOV_Cuadrilla": null, "SOV_Unidad": 425, "SOV_Calle Principal": "BAYONA", "SOV_CCZ": 15, "SOV_Resolucion": null, "SOV_Contrato": 2077, "SOV_Proyecto": null, "SOV_Modalidad": 1, "SOV_Descripcion de la Obra": null, "SOV_Nro. de Obra (interno)": 91123, "SOV_codigo_esquina": 6936, "SOV_nombre_cruce": "PEDRO TRAPANI" }, "geometry": { "type": "Point", "coordinates": [ -56.18912513938831, -34.853834694455145 ] } },
{ "type": "Feature", "properties": { "fid": 44008, "nom_calle": "PEDRO TRAPANI", "cod_depto": 1, "cod_locali": 20, "gid": 106158018.0, "cod_nombre": 6936, "tipo": "CALLE", "x": "574125.8748466293", "y": "6142866.143478995", "id_geom": "574125.87485_6142866.14348", "layer": "start_point_ejes", "path": "C:/Users/imm/Desktop/Magda/abril/start_point_ejes.gpkg", "id_vertice": 44008, "id_geom_num": null, "SOV_Costo Unitario": null, "SOV_Unidad de la Tarea": "m2", "SOV_Nombre Tarea": "BACHEO ASFALTICO SUPERFICIAL", "SOV_Codigo de Tarea": 2, "SOV_Codigo de Calle Ppal.": 858, "SOV_Descripción Modalidad": "CONTRATO", "SOV_Nombre Proveedor": null, "SOV_Nombre Cuadrilla": null, "SOV_Nombre de Unidad": "MANTENIMIENTO VIAL", "SOV_Codigo de Unidad": 425, "SOV_Costo de la Tarea": null, "SOV_Cantidad de la Tarea": 30.19, "SOV_Agrupador Tarea": 1.02, "SOV_Fecha de la Tarea": "13/01/2026", "SOV_Observaciones": null, "SOV_Plan de Obra": null, "SOV_Fecha Recepcion Definitiva": null, "SOV_Fecha Recepcion Provisoria": null, "SOV_Fecha de Fin": null, "SOV_Fecha de Inicio": "26/05/2025", "SOV_Proveedor": null, "SOV_Responsable": null, "SOV_Cuadrilla": null, "SOV_Unidad": 425, "SOV_Calle Principal": "BAYONA", "SOV_CCZ": 15, "SOV_Resolucion": null, "SOV_Contrato": 2077, "SOV_Proyecto": null, "SOV_Modalidad": 1, "SOV_Descripcion de la Obra": null, "SOV_Nro. de Obra (interno)": 91123, "SOV_codigo_esquina": 6936, "SOV_nombre_cruce": "PEDRO TRAPANI" }, "geometry": { "type": "Point", "coordinates": [ -56.18912513938831, -34.853834694455145 ] } },
{ "type": "Feature", "properties": { "fid": 44009, "nom_calle": "BAYONA", "cod_depto": 1, "cod_locali": 20, "gid": 106158019.0, "cod_nombre": 858, "tipo": "CALLE", "x": "574125.8748466293", "y": "6142866.143478995", "id_geom": "574125.87485_6142866.14348", "layer": "start_point_ejes", "path": "C:/Users/imm/Desktop/Magda/abril/start_point_ejes.gpkg", "id_vertice": 44009, "id_geom_num": null, "SOV_Costo Unitario": null, "SOV_Unidad de la Tarea": "m2", "SOV_Nombre Tarea": "BACHEO ASFALTICO SUPERFICIAL", "SOV_Codigo de Tarea": 2, "SOV_Codigo de Calle Ppal.": 858, "SOV_Descripción Modalidad": "CONTRATO", "SOV_Nombre Proveedor": null, "SOV_Nombre Cuadrilla": null, "SOV_Nombre de Unidad": "MANTENIMIENTO VIAL", "SOV_Codigo de Unidad": 425, "SOV_Costo de la Tarea": null, "SOV_Cantidad de la Tarea": 30.19, "SOV_Agrupador Tarea": 1.02, "SOV_Fecha de la Tarea": "13/01/2026", "SOV_Observaciones": null, "SOV_Plan de Obra": null, "SOV_Fecha Recepcion Definitiva": null, "SOV_Fecha Recepcion Provisoria": null, "SOV_Fecha de Fin": null, "SOV_Fecha de Inicio": "26/05/2025", "SOV_Proveedor": null, "SOV_Responsable": null, "SOV_Cuadrilla": null, "SOV_Unidad": 425, "SOV_Calle Principal": "BAYONA", "SOV_CCZ": 15, "SOV_Resolucion": null, "SOV_Contrato": 2077, "SOV_Proyecto": null, "SOV_Modalidad": 1, "SOV_Descripcion de la Obra": null, "SOV_Nro. de Obra (interno)": 91123, "SOV_codigo_esquina": 6936, "SOV_nombre_cruce": "PEDRO TRAPANI" }, "geometry": { "type": "Point", "coordinates": [ -56.18912513938831, -34.853834694455145 ] } },
{ "type": "Feature", "properties": { "fid": 44016, "nom_calle": "BV JOSE BATLLE Y ORDOÑEZ", "cod_depto": 1, "cod_locali": 20, "gid": 106158054.0, "cod_nombre": 4956, "tipo": "BULEVAR", "x": "578597.0592022936", "y": "6139345.23299285", "id_geom": "578597.0592_6139345.23299", "layer": "start_point_ejes", "path": "C:/Users/imm/Desktop/Magda/abril/start_point_ejes.gpkg", "id_vertice": 44016, "id_geom_num": null, "SOV_Costo Unitario": null, "SOV_Unidad de la Tarea": "m2", "SOV_Nombre Tarea": "BACHEO ASFALTICO SUPERFICIAL", "SOV_Codigo de Tarea": 2, "SOV_Codigo de Calle Ppal.": 4956, "SOV_Descripción Modalidad": "CONTRATO", "SOV_Nombre Proveedor": null, "SOV_Nombre Cuadrilla": null, "SOV_Nombre de Unidad": "MANTENIMIENTO VIAL", "SOV_Codigo de Unidad": 425, "SOV_Costo de la Tarea": null, "SOV_Cantidad de la Tarea": 2.63, "SOV_Agrupador Tarea": 1.02, "SOV_Fecha de la Tarea": "26/01/2026", "SOV_Observaciones": null, "SOV_Plan de Obra": null, "SOV_Fecha Recepcion Definitiva": null, "SOV_Fecha Recepcion Provisoria": null, "SOV_Fecha de Fin": null, "SOV_Fecha de Inicio": "26/05/2025", "SOV_Proveedor": null, "SOV_Responsable": null, "SOV_Cuadrilla": null, "SOV_Unidad": 425, "SOV_Calle Principal": "BATLLE Y ORDOÑEZ BULEVAR JOSE", "SOV_CCZ": 6, "SOV_Resolucion": null, "SOV_Contrato": 2077, "SOV_Proyecto": null, "SOV_Modalidad": 1, "SOV_Descripcion de la Obra": null, "SOV_Nro. de Obra (interno)": 91240, "SOV_codigo_esquina": 702, "SOV_nombre_cruce": "AYUI" }, "geometry": { "type": "Point", "coordinates": [ -56.139888331473948, -34.885245474349162 ] } },
{ "type": "Feature", "properties": { "fid": 44117, "nom_calle": "BV GRAL ARTIGAS", "cod_depto": 1, "cod_locali": 20, "gid": 106158154.0, "cod_nombre": 597, "tipo": "BULEVAR", "x": "572914.2179599546", "y": "6140835.92178885", "id_geom": "572914.21796_6140835.92179", "layer": "start_point_ejes", "path": "C:/Users/imm/Desktop/Magda/abril/start_point_ejes.gpkg", "id_vertice": 44117, "id_geom_num": null, "SOV_Costo Unitario": null, "SOV_Unidad de la Tarea": "m2", "SOV_Nombre Tarea": "BACHEO ASFALTICO SUPERFICIAL", "SOV_Codigo de Tarea": 2, "SOV_Codigo de Calle Ppal.": 597, "SOV_Descripción Modalidad": "CONTRATO", "SOV_Nombre Proveedor": null, "SOV_Nombre Cuadrilla": null, "SOV_Nombre de Unidad": "MANTENIMIENTO VIAL", "SOV_Codigo de Unidad": 425, "SOV_Costo de la Tarea": null, "SOV_Cantidad de la Tarea": 13.54, "SOV_Agrupador Tarea": 1.02, "SOV_Fecha de la Tarea": "15/01/2026", "SOV_Observaciones": null, "SOV_Plan de Obra": null, "SOV_Fecha Recepcion Definitiva": null, "SOV_Fecha Recepcion Provisoria": null, "SOV_Fecha de Fin": null, "SOV_Fecha de Inicio": "26/05/2025", "SOV_Proveedor": null, "SOV_Responsable": null, "SOV_Cuadrilla": null, "SOV_Unidad": 425, "SOV_Calle Principal": "BV GRAL ARTIGAS", "SOV_CCZ": 16, "SOV_Resolucion": null, "SOV_Contrato": 2077, "SOV_Proyecto": null, "SOV_Modalidad": 1, "SOV_Descripcion de la Obra": null, "SOV_Nro. de Obra (interno)": 91143, "SOV_codigo_esquina": 126, "SOV_nombre_cruce": "AV AGRACIADA" }, "geometry": { "type": "Point", "coordinates": [ -56.202201736482323, -34.872228379705291 ] } },
{ "type": "Feature", "properties": { "fid": 44133, "nom_calle": "BV JOSE BATLLE Y ORDOÑEZ", "cod_depto": 1, "cod_locali": 20, "gid": 106158137.0, "cod_nombre": 4956, "tipo": "BULEVAR", "x": "576535.4964878305", "y": "6141264.4211996095", "id_geom": "576535.49649_6141264.4212", "layer": "start_point_ejes", "path": "C:/Users/imm/Desktop/Magda/abril/start_point_ejes.gpkg", "id_vertice": 44133, "id_geom_num": null, "SOV_Costo Unitario": null, "SOV_Unidad de la Tarea": "m2", "SOV_Nombre Tarea": "BACHEO ASFALTICO SUPERFICIAL", "SOV_Codigo de Tarea": 2, "SOV_Codigo de Calle Ppal.": 4956, "SOV_Descripción Modalidad": "CONTRATO", "SOV_Nombre Proveedor": null, "SOV_Nombre Cuadrilla": null, "SOV_Nombre de Unidad": "MANTENIMIENTO VIAL", "SOV_Codigo de Unidad": 425, "SOV_Costo de la Tarea": null, "SOV_Cantidad de la Tarea": 2.16, "SOV_Agrupador Tarea": 1.02, "SOV_Fecha de la Tarea": "20/01/2026", "SOV_Observaciones": null, "SOV_Plan de Obra": null, "SOV_Fecha Recepcion Definitiva": null, "SOV_Fecha Recepcion Provisoria": null, "SOV_Fecha de Fin": null, "SOV_Fecha de Inicio": "26/05/2025", "SOV_Proveedor": null, "SOV_Responsable": null, "SOV_Cuadrilla": null, "SOV_Unidad": 425, "SOV_Calle Principal": "BATLLE Y ORDOÑEZ BULEVAR JOSE", "SOV_CCZ": 3, "SOV_Resolucion": null, "SOV_Contrato": 2077, "SOV_Proyecto": null, "SOV_Modalidad": 1, "SOV_Descripcion de la Obra": null, "SOV_Nro. de Obra (interno)": 91214, "SOV_codigo_esquina": 7119, "SOV_nombre_cruce": "AV JOSE PEDRO VARELA" }, "geometry": { "type": "Point", "coordinates": [ -56.16262199017013, -34.868098323134596 ] } },
{ "type": "Feature", "properties": { "fid": 45145, "nom_calle": "VANGUARDIA", "cod_depto": 1, "cod_locali": 20, "gid": 106159156.0, "cod_nombre": 7104, "tipo": "CALLE", "x": "579395.4547951561", "y": "6137945.614400758", "id_geom": "579395.4548_6137945.6144", "layer": "start_point_ejes", "path": "C:/Users/imm/Desktop/Magda/abril/start_point_ejes.gpkg", "id_vertice": 45145, "id_geom_num": null, "SOV_Costo Unitario": null, "SOV_Unidad de la Tarea": "m2", "SOV_Nombre Tarea": "BACHEO ASFALTICO SUPERFICIAL", "SOV_Codigo de Tarea": 2, "SOV_Codigo de Calle Ppal.": 7104, "SOV_Descripción Modalidad": "CONTRATO", "SOV_Nombre Proveedor": null, "SOV_Nombre Cuadrilla": null, "SOV_Nombre de Unidad": "MANTENIMIENTO VIAL", "SOV_Codigo de Unidad": 425, "SOV_Costo de la Tarea": null, "SOV_Cantidad de la Tarea": 10.06, "SOV_Agrupador Tarea": 1.02, "SOV_Fecha de la Tarea": "26/01/2026", "SOV_Observaciones": null, "SOV_Plan de Obra": null, "SOV_Fecha Recepcion Definitiva": null, "SOV_Fecha Recepcion Provisoria": null, "SOV_Fecha de Fin": null, "SOV_Fecha de Inicio": "26/05/2025", "SOV_Proveedor": null, "SOV_Responsable": null, "SOV_Cuadrilla": null, "SOV_Unidad": 425, "SOV_Calle Principal": "VANGUARDIA", "SOV_CCZ": 5, "SOV_Resolucion": null, "SOV_Contrato": 2077, "SOV_Proyecto": null, "SOV_Modalidad": 1, "SOV_Descripcion de la Obra": null, "SOV_Nro. de Obra (interno)": 91243, "SOV_codigo_esquina": 5368, "SOV_nombre_cruce": "PEREZ CAP. ANTONIO" }, "geometry": { "type": "Point", "coordinates": [ -56.13101925380986, -34.897803097724946 ] } },
{ "type": "Feature", "properties": { "fid": 46103, "nom_calle": "FRANCISCO CALABUIG", "cod_depto": 1, "cod_locali": 20, "gid": 106160161.0, "cod_nombre": 1269, "tipo": "CALLE", "x": "571602.3918351126", "y": "6142093.247028302", "id_geom": "571602.39184_6142093.24703", "layer": "start_point_ejes", "path": "C:/Users/imm/Desktop/Magda/abril/start_point_ejes.gpkg", "id_vertice": 46103, "id_geom_num": null, "SOV_Costo Unitario": null, "SOV_Unidad de la Tarea": "m2", "SOV_Nombre Tarea": "BACHEO ASFALTICO SUPERFICIAL", "SOV_Codigo de Tarea": 2, "SOV_Codigo de Calle Ppal.": 7149, "SOV_Descripción Modalidad": "CONTRATO", "SOV_Nombre Proveedor": null, "SOV_Nombre Cuadrilla": null, "SOV_Nombre de Unidad": "MANTENIMIENTO VIAL", "SOV_Codigo de Unidad": 425, "SOV_Costo de la Tarea": null, "SOV_Cantidad de la Tarea": 1.89, "SOV_Agrupador Tarea": 1.02, "SOV_Fecha de la Tarea": "26/01/2026", "SOV_Observaciones": null, "SOV_Plan de Obra": null, "SOV_Fecha Recepcion Definitiva": null, "SOV_Fecha Recepcion Provisoria": null, "SOV_Fecha de Fin": null, "SOV_Fecha de Inicio": "26/05/2025", "SOV_Proveedor": null, "SOV_Responsable": null, "SOV_Cuadrilla": null, "SOV_Unidad": 425, "SOV_Calle Principal": "CARLOS DE LA VEGA", "SOV_CCZ": 14, "SOV_Resolucion": null, "SOV_Contrato": 2077, "SOV_Proyecto": null, "SOV_Modalidad": 1, "SOV_Descripcion de la Obra": null, "SOV_Nro. de Obra (interno)": 91220, "SOV_codigo_esquina": 1269, "SOV_nombre_cruce": "CALABUIG FRANCISCO" }, "geometry": { "type": "Point", "coordinates": [ -56.21666153416718, -34.860984663279154 ] } },
{ "type": "Feature", "properties": { "fid": 46105, "nom_calle": "PILAR COSTA", "cod_depto": 1, "cod_locali": 20, "gid": 106160163.0, "cod_nombre": 2211, "tipo": "CALLE", "x": "571522.7965551215", "y": "6142212.018702874", "id_geom": "571522.79656_6142212.0187", "layer": "start_point_ejes", "path": "C:/Users/imm/Desktop/Magda/abril/start_point_ejes.gpkg", "id_vertice": 46105, "id_geom_num": null, "SOV_Costo Unitario": null, "SOV_Unidad de la Tarea": "m2", "SOV_Nombre Tarea": "BACHEO ASFALTICO SUPERFICIAL", "SOV_Codigo de Tarea": 2, "SOV_Codigo de Calle Ppal.": 4635, "SOV_Descripción Modalidad": "CONTRATO", "SOV_Nombre Proveedor": null, "SOV_Nombre Cuadrilla": null, "SOV_Nombre de Unidad": "MANTENIMIENTO VIAL", "SOV_Codigo de Unidad": 425, "SOV_Costo de la Tarea": null, "SOV_Cantidad de la Tarea": 8.08, "SOV_Agrupador Tarea": 1.02, "SOV_Fecha de la Tarea": "26/01/2026", "SOV_Observaciones": null, "SOV_Plan de Obra": null, "SOV_Fecha Recepcion Definitiva": null, "SOV_Fecha Recepcion Provisoria": null, "SOV_Fecha de Fin": null, "SOV_Fecha de Inicio": "26/05/2025", "SOV_Proveedor": null, "SOV_Responsable": null, "SOV_Cuadrilla": null, "SOV_Unidad": 425, "SOV_Calle Principal": "INDIA MUERTA", "SOV_CCZ": 14, "SOV_Resolucion": null, "SOV_Contrato": 2077, "SOV_Proyecto": null, "SOV_Modalidad": 1, "SOV_Descripcion de la Obra": null, "SOV_Nro. de Obra (interno)": 91221, "SOV_codigo_esquina": 2211, "SOV_nombre_cruce": "PILAR COSTA" }, "geometry": { "type": "Point", "coordinates": [ -56.217542386139016, -34.859919327932587 ] } },
{ "type": "Feature", "properties": { "fid": 46187, "nom_calle": "FRATERNIDAD", "cod_depto": 1, "cod_locali": 20, "gid": 106160245.0, "cod_nombre": 2805, "tipo": "CALLE", "x": "571387.4008348259", "y": "6141655.819621199", "id_geom": "571387.40083_6141655.81962", "layer": "start_point_ejes", "path": "C:/Users/imm/Desktop/Magda/abril/start_point_ejes.gpkg", "id_vertice": 46187, "id_geom_num": null, "SOV_Costo Unitario": null, "SOV_Unidad de la Tarea": "m2", "SOV_Nombre Tarea": "BACHEO ASFALTICO SUPERFICIAL", "SOV_Codigo de Tarea": 2, "SOV_Codigo de Calle Ppal.": 2805, "SOV_Descripción Modalidad": "CONTRATO", "SOV_Nombre Proveedor": null, "SOV_Nombre Cuadrilla": null, "SOV_Nombre de Unidad": "MANTENIMIENTO VIAL", "SOV_Codigo de Unidad": 425, "SOV_Costo de la Tarea": null, "SOV_Cantidad de la Tarea": 1.53, "SOV_Agrupador Tarea": 1.02, "SOV_Fecha de la Tarea": "26/01/2026", "SOV_Observaciones": null, "SOV_Plan de Obra": null, "SOV_Fecha Recepcion Definitiva": null, "SOV_Fecha Recepcion Provisoria": null, "SOV_Fecha de Fin": null, "SOV_Fecha de Inicio": "26/05/2025", "SOV_Proveedor": null, "SOV_Responsable": null, "SOV_Cuadrilla": null, "SOV_Unidad": 425, "SOV_Calle Principal": "FRATERNIDAD", "SOV_CCZ": 14, "SOV_Resolucion": null, "SOV_Contrato": 2077, "SOV_Proyecto": null, "SOV_Modalidad": 1, "SOV_Descripcion de la Obra": null, "SOV_Nro. de Obra (interno)": 91216, "SOV_codigo_esquina": 6270, "SOV_nombre_cruce": "SALVO ANGEL" }, "geometry": { "type": "Point", "coordinates": [ -56.218976078961838, -34.864943988119578 ] } },
{ "type": "Feature", "properties": { "fid": 46188, "nom_calle": "CARLOS DE LA VEGA", "cod_depto": 1, "cod_locali": 20, "gid": 106160246.0, "cod_nombre": 7149, "tipo": "CALLE", "x": "571602.3918351126", "y": "6142093.247028302", "id_geom": "571602.39184_6142093.24703", "layer": "start_point_ejes", "path": "C:/Users/imm/Desktop/Magda/abril/start_point_ejes.gpkg", "id_vertice": 46188, "id_geom_num": null, "SOV_Costo Unitario": null, "SOV_Unidad de la Tarea": "m2", "SOV_Nombre Tarea": "BACHEO ASFALTICO SUPERFICIAL", "SOV_Codigo de Tarea": 2, "SOV_Codigo de Calle Ppal.": 7149, "SOV_Descripción Modalidad": "CONTRATO", "SOV_Nombre Proveedor": null, "SOV_Nombre Cuadrilla": null, "SOV_Nombre de Unidad": "MANTENIMIENTO VIAL", "SOV_Codigo de Unidad": 425, "SOV_Costo de la Tarea": null, "SOV_Cantidad de la Tarea": 1.89, "SOV_Agrupador Tarea": 1.02, "SOV_Fecha de la Tarea": "26/01/2026", "SOV_Observaciones": null, "SOV_Plan de Obra": null, "SOV_Fecha Recepcion Definitiva": null, "SOV_Fecha Recepcion Provisoria": null, "SOV_Fecha de Fin": null, "SOV_Fecha de Inicio": "26/05/2025", "SOV_Proveedor": null, "SOV_Responsable": null, "SOV_Cuadrilla": null, "SOV_Unidad": 425, "SOV_Calle Principal": "CARLOS DE LA VEGA", "SOV_CCZ": 14, "SOV_Resolucion": null, "SOV_Contrato": 2077, "SOV_Proyecto": null, "SOV_Modalidad": 1, "SOV_Descripcion de la Obra": null, "SOV_Nro. de Obra (interno)": 91220, "SOV_codigo_esquina": 1269, "SOV_nombre_cruce": "CALABUIG FRANCISCO" }, "geometry": { "type": "Point", "coordinates": [ -56.21666153416718, -34.860984663279154 ] } },
{ "type": "Feature", "properties": { "fid": 46192, "nom_calle": "ANGEL SALVO", "cod_depto": 1, "cod_locali": 20, "gid": 106160251.0, "cod_nombre": 6270, "tipo": "CALLE", "x": "571387.4008348259", "y": "6141655.819621199", "id_geom": "571387.40083_6141655.81962", "layer": "start_point_ejes", "path": "C:/Users/imm/Desktop/Magda/abril/start_point_ejes.gpkg", "id_vertice": 46192, "id_geom_num": null, "SOV_Costo Unitario": null, "SOV_Unidad de la Tarea": "m2", "SOV_Nombre Tarea": "BACHEO ASFALTICO SUPERFICIAL", "SOV_Codigo de Tarea": 2, "SOV_Codigo de Calle Ppal.": 2805, "SOV_Descripción Modalidad": "CONTRATO", "SOV_Nombre Proveedor": null, "SOV_Nombre Cuadrilla": null, "SOV_Nombre de Unidad": "MANTENIMIENTO VIAL", "SOV_Codigo de Unidad": 425, "SOV_Costo de la Tarea": null, "SOV_Cantidad de la Tarea": 1.53, "SOV_Agrupador Tarea": 1.02, "SOV_Fecha de la Tarea": "26/01/2026", "SOV_Observaciones": null, "SOV_Plan de Obra": null, "SOV_Fecha Recepcion Definitiva": null, "SOV_Fecha Recepcion Provisoria": null, "SOV_Fecha de Fin": null, "SOV_Fecha de Inicio": "26/05/2025", "SOV_Proveedor": null, "SOV_Responsable": null, "SOV_Cuadrilla": null, "SOV_Unidad": 425, "SOV_Calle Principal": "FRATERNIDAD", "SOV_CCZ": 14, "SOV_Resolucion": null, "SOV_Contrato": 2077, "SOV_Proyecto": null, "SOV_Modalidad": 1, "SOV_Descripcion de la Obra": null, "SOV_Nro. de Obra (interno)": 91216, "SOV_codigo_esquina": 6270, "SOV_nombre_cruce": "SALVO ANGEL" }, "geometry": { "type": "Point", "coordinates": [ -56.218976078961838, -34.864943988119578 ] } },
{ "type": "Feature", "properties": { "fid": 46199, "nom_calle": "INDIA MUERTA", "cod_depto": 1, "cod_locali": 20, "gid": 106160258.0, "cod_nombre": 4635, "tipo": "CALLE", "x": "571522.7965551215", "y": "6142212.018702874", "id_geom": "571522.79656_6142212.0187", "layer": "start_point_ejes", "path": "C:/Users/imm/Desktop/Magda/abril/start_point_ejes.gpkg", "id_vertice": 46199, "id_geom_num": null, "SOV_Costo Unitario": null, "SOV_Unidad de la Tarea": "m2", "SOV_Nombre Tarea": "BACHEO ASFALTICO SUPERFICIAL", "SOV_Codigo de Tarea": 2, "SOV_Codigo de Calle Ppal.": 4635, "SOV_Descripción Modalidad": "CONTRATO", "SOV_Nombre Proveedor": null, "SOV_Nombre Cuadrilla": null, "SOV_Nombre de Unidad": "MANTENIMIENTO VIAL", "SOV_Codigo de Unidad": 425, "SOV_Costo de la Tarea": null, "SOV_Cantidad de la Tarea": 8.08, "SOV_Agrupador Tarea": 1.02, "SOV_Fecha de la Tarea": "26/01/2026", "SOV_Observaciones": null, "SOV_Plan de Obra": null, "SOV_Fecha Recepcion Definitiva": null, "SOV_Fecha Recepcion Provisoria": null, "SOV_Fecha de Fin": null, "SOV_Fecha de Inicio": "26/05/2025", "SOV_Proveedor": null, "SOV_Responsable": null, "SOV_Cuadrilla": null, "SOV_Unidad": 425, "SOV_Calle Principal": "INDIA MUERTA", "SOV_CCZ": 14, "SOV_Resolucion": null, "SOV_Contrato": 2077, "SOV_Proyecto": null, "SOV_Modalidad": 1, "SOV_Descripcion de la Obra": null, "SOV_Nro. de Obra (interno)": 91221, "SOV_codigo_esquina": 2211, "SOV_nombre_cruce": "PILAR COSTA" }, "geometry": { "type": "Point", "coordinates": [ -56.217542386139016, -34.859919327932587 ] } },
{ "type": "Feature", "properties": { "fid": 46710, "nom_calle": "FRANCISCO PLA", "cod_depto": 1, "cod_locali": 20, "gid": 106160807.0, "cod_nombre": 5568, "tipo": "CALLE", "x": "575095.3977381595", "y": "6143285.876982436", "id_geom": "575095.39774_6143285.87698", "layer": "start_point_ejes", "path": "C:/Users/imm/Desktop/Magda/abril/start_point_ejes.gpkg", "id_vertice": 46710, "id_geom_num": null, "SOV_Costo Unitario": null, "SOV_Unidad de la Tarea": "m2", "SOV_Nombre Tarea": "BACHEO ASFALTICO SUPERFICIAL", "SOV_Codigo de Tarea": 2, "SOV_Codigo de Calle Ppal.": 1179, "SOV_Descripción Modalidad": "CONTRATO", "SOV_Nombre Proveedor": null, "SOV_Nombre Cuadrilla": null, "SOV_Nombre de Unidad": "MANTENIMIENTO VIAL", "SOV_Codigo de Unidad": 425, "SOV_Costo de la Tarea": null, "SOV_Cantidad de la Tarea": 7.18, "SOV_Agrupador Tarea": 1.02, "SOV_Fecha de la Tarea": "14/01/2026", "SOV_Observaciones": null, "SOV_Plan de Obra": null, "SOV_Fecha Recepcion Definitiva": null, "SOV_Fecha Recepcion Provisoria": null, "SOV_Fecha de Fin": null, "SOV_Fecha de Inicio": "26/05/2025", "SOV_Proveedor": null, "SOV_Responsable": null, "SOV_Cuadrilla": null, "SOV_Unidad": 425, "SOV_Calle Principal": "BURGUES AVENIDA", "SOV_CCZ": 11, "SOV_Resolucion": null, "SOV_Contrato": 2077, "SOV_Proyecto": null, "SOV_Modalidad": 1, "SOV_Descripcion de la Obra": null, "SOV_Nro. de Obra (interno)": 91130, "SOV_codigo_esquina": 5568, "SOV_nombre_cruce": "PLA FRANCISCO" }, "geometry": { "type": "Point", "coordinates": [ -56.1785579497746, -34.849978898739039 ] } },
{ "type": "Feature", "properties": { "fid": 47225, "nom_calle": "CNO MOLINOS DE RAFFO", "cod_depto": 1, "cod_locali": 20, "gid": 106161353.0, "cod_nombre": 5838, "tipo": "AVENIDA", "x": "572072.1246054678", "y": "6142711.625844757", "id_geom": "572072.12461_6142711.62584", "layer": "start_point_ejes", "path": "C:/Users/imm/Desktop/Magda/abril/start_point_ejes.gpkg", "id_vertice": 47225, "id_geom_num": null, "SOV_Costo Unitario": null, "SOV_Unidad de la Tarea": "m2", "SOV_Nombre Tarea": "BACHEO ASFALTICO SUPERFICIAL", "SOV_Codigo de Tarea": 2, "SOV_Codigo de Calle Ppal.": 5838, "SOV_Descripción Modalidad": "CONTRATO", "SOV_Nombre Proveedor": null, "SOV_Nombre Cuadrilla": null, "SOV_Nombre de Unidad": "MANTENIMIENTO VIAL", "SOV_Codigo de Unidad": 425, "SOV_Costo de la Tarea": null, "SOV_Cantidad de la Tarea": 25.17, "SOV_Agrupador Tarea": 1.02, "SOV_Fecha de la Tarea": "26/01/2026", "SOV_Observaciones": null, "SOV_Plan de Obra": null, "SOV_Fecha Recepcion Definitiva": null, "SOV_Fecha Recepcion Provisoria": null, "SOV_Fecha de Fin": null, "SOV_Fecha de Inicio": "26/05/2025", "SOV_Proveedor": null, "SOV_Responsable": null, "SOV_Cuadrilla": null, "SOV_Unidad": 425, "SOV_Calle Principal": "MOLINOS DE RAFFO", "SOV_CCZ": 14, "SOV_Resolucion": null, "SOV_Contrato": 2077, "SOV_Proyecto": null, "SOV_Modalidad": 1, "SOV_Descripcion de la Obra": null, "SOV_Nro. de Obra (interno)": 91218, "SOV_codigo_esquina": 2514, "SOV_nombre_cruce": "EMANCIPACION" }, "geometry": { "type": "Point", "coordinates": [ -56.211576238675228, -34.855375658064325 ] } },
{ "type": "Feature", "properties": { "fid": 47413, "nom_calle": "IBIROCAHY", "cod_depto": 1, "cod_locali": 20, "gid": 106161561.0, "cod_nombre": 3450, "tipo": "CALLE", "x": "574863.4234280706", "y": "6143321.961955917", "id_geom": "574863.42343_6143321.96196", "layer": "start_point_ejes", "path": "C:/Users/imm/Desktop/Magda/abril/start_point_ejes.gpkg", "id_vertice": 47413, "id_geom_num": null, "SOV_Costo Unitario": null, "SOV_Unidad de la Tarea": "m2", "SOV_Nombre Tarea": "BACHEO ASFALTICO SUPERFICIAL", "SOV_Codigo de Tarea": 2, "SOV_Codigo de Calle Ppal.": 3450, "SOV_Descripción Modalidad": "CONTRATO", "SOV_Nombre Proveedor": null, "SOV_Nombre Cuadrilla": null, "SOV_Nombre de Unidad": "MANTENIMIENTO VIAL", "SOV_Codigo de Unidad": 425, "SOV_Costo de la Tarea": null, "SOV_Cantidad de la Tarea": 24.84, "SOV_Agrupador Tarea": 1.02, "SOV_Fecha de la Tarea": "14/01/2026", "SOV_Observaciones": null, "SOV_Plan de Obra": null, "SOV_Fecha Recepcion Definitiva": null, "SOV_Fecha Recepcion Provisoria": null, "SOV_Fecha de Fin": null, "SOV_Fecha de Inicio": "26/05/2025", "SOV_Proveedor": null, "SOV_Responsable": null, "SOV_Cuadrilla": null, "SOV_Unidad": 425, "SOV_Calle Principal": "IBIROCAHY", "SOV_CCZ": 11, "SOV_Resolucion": null, "SOV_Contrato": 2077, "SOV_Proyecto": null, "SOV_Modalidad": 1, "SOV_Descripcion de la Obra": null, "SOV_Nro. de Obra (interno)": 91131, "SOV_codigo_esquina": 6357, "SOV_nombre_cruce": "SANTA ANA" }, "geometry": { "type": "Point", "coordinates": [ -56.181098428459691, -34.849670640473384 ] } },
{ "type": "Feature", "properties": { "fid": 47518, "nom_calle": "AV BURGUES", "cod_depto": 1, "cod_locali": 20, "gid": 106161670.0, "cod_nombre": 1179, "tipo": "AVENIDA", "x": "575095.3977381595", "y": "6143285.876982436", "id_geom": "575095.39774_6143285.87698", "layer": "start_point_ejes", "path": "C:/Users/imm/Desktop/Magda/abril/start_point_ejes.gpkg", "id_vertice": 47518, "id_geom_num": null, "SOV_Costo Unitario": null, "SOV_Unidad de la Tarea": "m2", "SOV_Nombre Tarea": "BACHEO ASFALTICO SUPERFICIAL", "SOV_Codigo de Tarea": 2, "SOV_Codigo de Calle Ppal.": 1179, "SOV_Descripción Modalidad": "CONTRATO", "SOV_Nombre Proveedor": null, "SOV_Nombre Cuadrilla": null, "SOV_Nombre de Unidad": "MANTENIMIENTO VIAL", "SOV_Codigo de Unidad": 425, "SOV_Costo de la Tarea": null, "SOV_Cantidad de la Tarea": 7.18, "SOV_Agrupador Tarea": 1.02, "SOV_Fecha de la Tarea": "14/01/2026", "SOV_Observaciones": null, "SOV_Plan de Obra": null, "SOV_Fecha Recepcion Definitiva": null, "SOV_Fecha Recepcion Provisoria": null, "SOV_Fecha de Fin": null, "SOV_Fecha de Inicio": "26/05/2025", "SOV_Proveedor": null, "SOV_Responsable": null, "SOV_Cuadrilla": null, "SOV_Unidad": 425, "SOV_Calle Principal": "BURGUES AVENIDA", "SOV_CCZ": 11, "SOV_Resolucion": null, "SOV_Contrato": 2077, "SOV_Proyecto": null, "SOV_Modalidad": 1, "SOV_Descripcion de la Obra": null, "SOV_Nro. de Obra (interno)": 91130, "SOV_codigo_esquina": 5568, "SOV_nombre_cruce": "PLA FRANCISCO" }, "geometry": { "type": "Point", "coordinates": [ -56.1785579497746, -34.849978898739039 ] } },
{ "type": "Feature", "properties": { "fid": 47529, "nom_calle": "IBIROCAHY", "cod_depto": 1, "cod_locali": 20, "gid": 106161681.0, "cod_nombre": 3450, "tipo": "CALLE", "x": "574863.4234280706", "y": "6143321.961955917", "id_geom": "574863.42343_6143321.96196", "layer": "start_point_ejes", "path": "C:/Users/imm/Desktop/Magda/abril/start_point_ejes.gpkg", "id_vertice": 47529, "id_geom_num": null, "SOV_Costo Unitario": null, "SOV_Unidad de la Tarea": "m2", "SOV_Nombre Tarea": "BACHEO ASFALTICO SUPERFICIAL", "SOV_Codigo de Tarea": 2, "SOV_Codigo de Calle Ppal.": 3450, "SOV_Descripción Modalidad": "CONTRATO", "SOV_Nombre Proveedor": null, "SOV_Nombre Cuadrilla": null, "SOV_Nombre de Unidad": "MANTENIMIENTO VIAL", "SOV_Codigo de Unidad": 425, "SOV_Costo de la Tarea": null, "SOV_Cantidad de la Tarea": 24.84, "SOV_Agrupador Tarea": 1.02, "SOV_Fecha de la Tarea": "14/01/2026", "SOV_Observaciones": null, "SOV_Plan de Obra": null, "SOV_Fecha Recepcion Definitiva": null, "SOV_Fecha Recepcion Provisoria": null, "SOV_Fecha de Fin": null, "SOV_Fecha de Inicio": "26/05/2025", "SOV_Proveedor": null, "SOV_Responsable": null, "SOV_Cuadrilla": null, "SOV_Unidad": 425, "SOV_Calle Principal": "IBIROCAHY", "SOV_CCZ": 11, "SOV_Resolucion": null, "SOV_Contrato": 2077, "SOV_Proyecto": null, "SOV_Modalidad": 1, "SOV_Descripcion de la Obra": null, "SOV_Nro. de Obra (interno)": 91131, "SOV_codigo_esquina": 6357, "SOV_nombre_cruce": "SANTA ANA" }, "geometry": { "type": "Point", "coordinates": [ -56.181098428459691, -34.849670640473384 ] } },
{ "type": "Feature", "properties": { "fid": 47530, "nom_calle": "SANTA ANA", "cod_depto": 1, "cod_locali": 20, "gid": 106161682.0, "cod_nombre": 6357, "tipo": "CALLE", "x": "574863.4234280706", "y": "6143321.961955917", "id_geom": "574863.42343_6143321.96196", "layer": "start_point_ejes", "path": "C:/Users/imm/Desktop/Magda/abril/start_point_ejes.gpkg", "id_vertice": 47530, "id_geom_num": null, "SOV_Costo Unitario": null, "SOV_Unidad de la Tarea": "m2", "SOV_Nombre Tarea": "BACHEO ASFALTICO SUPERFICIAL", "SOV_Codigo de Tarea": 2, "SOV_Codigo de Calle Ppal.": 3450, "SOV_Descripción Modalidad": "CONTRATO", "SOV_Nombre Proveedor": null, "SOV_Nombre Cuadrilla": null, "SOV_Nombre de Unidad": "MANTENIMIENTO VIAL", "SOV_Codigo de Unidad": 425, "SOV_Costo de la Tarea": null, "SOV_Cantidad de la Tarea": 24.84, "SOV_Agrupador Tarea": 1.02, "SOV_Fecha de la Tarea": "14/01/2026", "SOV_Observaciones": null, "SOV_Plan de Obra": null, "SOV_Fecha Recepcion Definitiva": null, "SOV_Fecha Recepcion Provisoria": null, "SOV_Fecha de Fin": null, "SOV_Fecha de Inicio": "26/05/2025", "SOV_Proveedor": null, "SOV_Responsable": null, "SOV_Cuadrilla": null, "SOV_Unidad": 425, "SOV_Calle Principal": "IBIROCAHY", "SOV_CCZ": 11, "SOV_Resolucion": null, "SOV_Contrato": 2077, "SOV_Proyecto": null, "SOV_Modalidad": 1, "SOV_Descripcion de la Obra": null, "SOV_Nro. de Obra (interno)": 91131, "SOV_codigo_esquina": 6357, "SOV_nombre_cruce": "SANTA ANA" }, "geometry": { "type": "Point", "coordinates": [ -56.181098428459691, -34.849670640473384 ] } },
{ "type": "Feature", "properties": { "fid": 47750, "nom_calle": "GUENOAS", "cod_depto": 1, "cod_locali": 20, "gid": 106161918.0, "cod_nombre": 3240, "tipo": "CALLE", "x": "576183.7294273624", "y": "6143085.219661662", "id_geom": "576183.72943_6143085.21966", "layer": "start_point_ejes", "path": "C:/Users/imm/Desktop/Magda/abril/start_point_ejes.gpkg", "id_vertice": 47750, "id_geom_num": null, "SOV_Costo Unitario": null, "SOV_Unidad de la Tarea": "m2", "SOV_Nombre Tarea": "BACHEO ASFALTICO SUPERFICIAL", "SOV_Codigo de Tarea": 2, "SOV_Codigo de Calle Ppal.": 3240, "SOV_Descripción Modalidad": "CONTRATO", "SOV_Nombre Proveedor": null, "SOV_Nombre Cuadrilla": null, "SOV_Nombre de Unidad": "MANTENIMIENTO VIAL", "SOV_Codigo de Unidad": 425, "SOV_Costo de la Tarea": null, "SOV_Cantidad de la Tarea": 25.85, "SOV_Agrupador Tarea": 1.02, "SOV_Fecha de la Tarea": "16/01/2026", "SOV_Observaciones": null, "SOV_Plan de Obra": null, "SOV_Fecha Recepcion Definitiva": null, "SOV_Fecha Recepcion Provisoria": null, "SOV_Fecha de Fin": null, "SOV_Fecha de Inicio": "26/05/2025", "SOV_Proveedor": null, "SOV_Responsable": null, "SOV_Cuadrilla": null, "SOV_Unidad": 425, "SOV_Calle Principal": "GUENOAS", "SOV_CCZ": 11, "SOV_Resolucion": null, "SOV_Contrato": 2077, "SOV_Proyecto": null, "SOV_Modalidad": 1, "SOV_Descripcion de la Obra": null, "SOV_Nro. de Obra (interno)": 91171, "SOV_codigo_esquina": 105, "SOV_nombre_cruce": "JUAN ACOSTA" }, "geometry": { "type": "Point", "coordinates": [ -56.16663593892585, -34.851707184230264 ] } },
{ "type": "Feature", "properties": { "fid": 47756, "nom_calle": "JUAN ACOSTA", "cod_depto": 1, "cod_locali": 20, "gid": 106161924.0, "cod_nombre": 105, "tipo": "CALLE", "x": "576183.7294273624", "y": "6143085.219661662", "id_geom": "576183.72943_6143085.21966", "layer": "start_point_ejes", "path": "C:/Users/imm/Desktop/Magda/abril/start_point_ejes.gpkg", "id_vertice": 47756, "id_geom_num": null, "SOV_Costo Unitario": null, "SOV_Unidad de la Tarea": "m2", "SOV_Nombre Tarea": "BACHEO ASFALTICO SUPERFICIAL", "SOV_Codigo de Tarea": 2, "SOV_Codigo de Calle Ppal.": 3240, "SOV_Descripción Modalidad": "CONTRATO", "SOV_Nombre Proveedor": null, "SOV_Nombre Cuadrilla": null, "SOV_Nombre de Unidad": "MANTENIMIENTO VIAL", "SOV_Codigo de Unidad": 425, "SOV_Costo de la Tarea": null, "SOV_Cantidad de la Tarea": 25.85, "SOV_Agrupador Tarea": 1.02, "SOV_Fecha de la Tarea": "16/01/2026", "SOV_Observaciones": null, "SOV_Plan de Obra": null, "SOV_Fecha Recepcion Definitiva": null, "SOV_Fecha Recepcion Provisoria": null, "SOV_Fecha de Fin": null, "SOV_Fecha de Inicio": "26/05/2025", "SOV_Proveedor": null, "SOV_Responsable": null, "SOV_Cuadrilla": null, "SOV_Unidad": 425, "SOV_Calle Principal": "GUENOAS", "SOV_CCZ": 11, "SOV_Resolucion": null, "SOV_Contrato": 2077, "SOV_Proyecto": null, "SOV_Modalidad": 1, "SOV_Descripcion de la Obra": null, "SOV_Nro. de Obra (interno)": 91171, "SOV_codigo_esquina": 105, "SOV_nombre_cruce": "JUAN ACOSTA" }, "geometry": { "type": "Point", "coordinates": [ -56.16663593892585, -34.851707184230264 ] } },
{ "type": "Feature", "properties": { "fid": 47778, "nom_calle": "NICOLAS HERRERA", "cod_depto": 1, "cod_locali": 20, "gid": 106161946.0, "cod_nombre": 3354, "tipo": "CALLE", "x": "576511.74730417", "y": "6142789.290932299", "id_geom": "576511.7473_6142789.29093", "layer": "start_point_ejes", "path": "C:/Users/imm/Desktop/Magda/abril/start_point_ejes.gpkg", "id_vertice": 47778, "id_geom_num": null, "SOV_Costo Unitario": null, "SOV_Unidad de la Tarea": "m2", "SOV_Nombre Tarea": "BACHEO ASFALTICO SUPERFICIAL", "SOV_Codigo de Tarea": 2, "SOV_Codigo de Calle Ppal.": 6357, "SOV_Descripción Modalidad": "CONTRATO", "SOV_Nombre Proveedor": null, "SOV_Nombre Cuadrilla": null, "SOV_Nombre de Unidad": "MANTENIMIENTO VIAL", "SOV_Codigo de Unidad": 425, "SOV_Costo de la Tarea": null, "SOV_Cantidad de la Tarea": 0.93, "SOV_Agrupador Tarea": 1.02, "SOV_Fecha de la Tarea": "16/01/2026", "SOV_Observaciones": null, "SOV_Plan de Obra": null, "SOV_Fecha Recepcion Definitiva": null, "SOV_Fecha Recepcion Provisoria": null, "SOV_Fecha de Fin": null, "SOV_Fecha de Inicio": "26/05/2025", "SOV_Proveedor": null, "SOV_Responsable": null, "SOV_Cuadrilla": null, "SOV_Unidad": 425, "SOV_Calle Principal": "SANTA ANA", "SOV_CCZ": 11, "SOV_Resolucion": null, "SOV_Contrato": 2077, "SOV_Proyecto": null, "SOV_Modalidad": 1, "SOV_Descripcion de la Obra": null, "SOV_Nro. de Obra (interno)": 91173, "SOV_codigo_esquina": 3354, "SOV_nombre_cruce": "HERRERA NICOLAS" }, "geometry": { "type": "Point", "coordinates": [ -56.163021108750634, -34.854350845479168 ] } },
{ "type": "Feature", "properties": { "fid": 47779, "nom_calle": "SANTA ANA", "cod_depto": 1, "cod_locali": 20, "gid": 106161947.0, "cod_nombre": 6357, "tipo": "CALLE", "x": "576511.74730417", "y": "6142789.290932299", "id_geom": "576511.7473_6142789.29093", "layer": "start_point_ejes", "path": "C:/Users/imm/Desktop/Magda/abril/start_point_ejes.gpkg", "id_vertice": 47779, "id_geom_num": null, "SOV_Costo Unitario": null, "SOV_Unidad de la Tarea": "m2", "SOV_Nombre Tarea": "BACHEO ASFALTICO SUPERFICIAL", "SOV_Codigo de Tarea": 2, "SOV_Codigo de Calle Ppal.": 6357, "SOV_Descripción Modalidad": "CONTRATO", "SOV_Nombre Proveedor": null, "SOV_Nombre Cuadrilla": null, "SOV_Nombre de Unidad": "MANTENIMIENTO VIAL", "SOV_Codigo de Unidad": 425, "SOV_Costo de la Tarea": null, "SOV_Cantidad de la Tarea": 0.93, "SOV_Agrupador Tarea": 1.02, "SOV_Fecha de la Tarea": "16/01/2026", "SOV_Observaciones": null, "SOV_Plan de Obra": null, "SOV_Fecha Recepcion Definitiva": null, "SOV_Fecha Recepcion Provisoria": null, "SOV_Fecha de Fin": null, "SOV_Fecha de Inicio": "26/05/2025", "SOV_Proveedor": null, "SOV_Responsable": null, "SOV_Cuadrilla": null, "SOV_Unidad": 425, "SOV_Calle Principal": "SANTA ANA", "SOV_CCZ": 11, "SOV_Resolucion": null, "SOV_Contrato": 2077, "SOV_Proyecto": null, "SOV_Modalidad": 1, "SOV_Descripcion de la Obra": null, "SOV_Nro. de Obra (interno)": 91173, "SOV_codigo_esquina": 3354, "SOV_nombre_cruce": "HERRERA NICOLAS" }, "geometry": { "type": "Point", "coordinates": [ -56.163021108750634, -34.854350845479168 ] } },
{ "type": "Feature", "properties": { "fid": 47787, "nom_calle": "LEON PEREZ", "cod_depto": 1, "cod_locali": 20, "gid": 106161955.0, "cod_nombre": 5388, "tipo": "CALLE", "x": "576293.9007910999", "y": "6142744.89660092", "id_geom": "576293.90079_6142744.8966", "layer": "start_point_ejes", "path": "C:/Users/imm/Desktop/Magda/abril/start_point_ejes.gpkg", "id_vertice": 47787, "id_geom_num": null, "SOV_Costo Unitario": null, "SOV_Unidad de la Tarea": "m2", "SOV_Nombre Tarea": "BACHEO ASFALTICO SUPERFICIAL", "SOV_Codigo de Tarea": 2, "SOV_Codigo de Calle Ppal.": 6162, "SOV_Descripción Modalidad": "CONTRATO", "SOV_Nombre Proveedor": null, "SOV_Nombre Cuadrilla": null, "SOV_Nombre de Unidad": "MANTENIMIENTO VIAL", "SOV_Codigo de Unidad": 425, "SOV_Costo de la Tarea": null, "SOV_Cantidad de la Tarea": 9.7, "SOV_Agrupador Tarea": 1.02, "SOV_Fecha de la Tarea": "16/01/2026", "SOV_Observaciones": null, "SOV_Plan de Obra": null, "SOV_Fecha Recepcion Definitiva": null, "SOV_Fecha Recepcion Provisoria": null, "SOV_Fecha de Fin": null, "SOV_Fecha de Inicio": "26/05/2025", "SOV_Proveedor": null, "SOV_Responsable": null, "SOV_Cuadrilla": null, "SOV_Unidad": 425, "SOV_Calle Principal": "ROSAS JUAN", "SOV_CCZ": 11, "SOV_Resolucion": null, "SOV_Contrato": 2077, "SOV_Proyecto": null, "SOV_Modalidad": 1, "SOV_Descripcion de la Obra": null, "SOV_Nro. de Obra (interno)": 91175, "SOV_codigo_esquina": 5388, "SOV_nombre_cruce": "PEREZ LEON" }, "geometry": { "type": "Point", "coordinates": [ -56.165399912697616, -34.854767511959579 ] } },
{ "type": "Feature", "properties": { "fid": 47865, "nom_calle": "JUAN ACOSTA", "cod_depto": 1, "cod_locali": 20, "gid": 106162033.0, "cod_nombre": 105, "tipo": "CALLE", "x": "576183.7294273624", "y": "6143085.219661662", "id_geom": "576183.72943_6143085.21966", "layer": "start_point_ejes", "path": "C:/Users/imm/Desktop/Magda/abril/start_point_ejes.gpkg", "id_vertice": 47865, "id_geom_num": null, "SOV_Costo Unitario": null, "SOV_Unidad de la Tarea": "m2", "SOV_Nombre Tarea": "BACHEO ASFALTICO SUPERFICIAL", "SOV_Codigo de Tarea": 2, "SOV_Codigo de Calle Ppal.": 3240, "SOV_Descripción Modalidad": "CONTRATO", "SOV_Nombre Proveedor": null, "SOV_Nombre Cuadrilla": null, "SOV_Nombre de Unidad": "MANTENIMIENTO VIAL", "SOV_Codigo de Unidad": 425, "SOV_Costo de la Tarea": null, "SOV_Cantidad de la Tarea": 25.85, "SOV_Agrupador Tarea": 1.02, "SOV_Fecha de la Tarea": "16/01/2026", "SOV_Observaciones": null, "SOV_Plan de Obra": null, "SOV_Fecha Recepcion Definitiva": null, "SOV_Fecha Recepcion Provisoria": null, "SOV_Fecha de Fin": null, "SOV_Fecha de Inicio": "26/05/2025", "SOV_Proveedor": null, "SOV_Responsable": null, "SOV_Cuadrilla": null, "SOV_Unidad": 425, "SOV_Calle Principal": "GUENOAS", "SOV_CCZ": 11, "SOV_Resolucion": null, "SOV_Contrato": 2077, "SOV_Proyecto": null, "SOV_Modalidad": 1, "SOV_Descripcion de la Obra": null, "SOV_Nro. de Obra (interno)": 91171, "SOV_codigo_esquina": 105, "SOV_nombre_cruce": "JUAN ACOSTA" }, "geometry": { "type": "Point", "coordinates": [ -56.16663593892585, -34.851707184230264 ] } },
{ "type": "Feature", "properties": { "fid": 47894, "nom_calle": "JUAN ROSAS", "cod_depto": 1, "cod_locali": 20, "gid": 106162062.0, "cod_nombre": 6162, "tipo": "CALLE", "x": "576293.9007910999", "y": "6142744.89660092", "id_geom": "576293.90079_6142744.8966", "layer": "start_point_ejes", "path": "C:/Users/imm/Desktop/Magda/abril/start_point_ejes.gpkg", "id_vertice": 47894, "id_geom_num": null, "SOV_Costo Unitario": null, "SOV_Unidad de la Tarea": "m2", "SOV_Nombre Tarea": "BACHEO ASFALTICO SUPERFICIAL", "SOV_Codigo de Tarea": 2, "SOV_Codigo de Calle Ppal.": 6162, "SOV_Descripción Modalidad": "CONTRATO", "SOV_Nombre Proveedor": null, "SOV_Nombre Cuadrilla": null, "SOV_Nombre de Unidad": "MANTENIMIENTO VIAL", "SOV_Codigo de Unidad": 425, "SOV_Costo de la Tarea": null, "SOV_Cantidad de la Tarea": 9.7, "SOV_Agrupador Tarea": 1.02, "SOV_Fecha de la Tarea": "16/01/2026", "SOV_Observaciones": null, "SOV_Plan de Obra": null, "SOV_Fecha Recepcion Definitiva": null, "SOV_Fecha Recepcion Provisoria": null, "SOV_Fecha de Fin": null, "SOV_Fecha de Inicio": "26/05/2025", "SOV_Proveedor": null, "SOV_Responsable": null, "SOV_Cuadrilla": null, "SOV_Unidad": 425, "SOV_Calle Principal": "ROSAS JUAN", "SOV_CCZ": 11, "SOV_Resolucion": null, "SOV_Contrato": 2077, "SOV_Proyecto": null, "SOV_Modalidad": 1, "SOV_Descripcion de la Obra": null, "SOV_Nro. de Obra (interno)": 91175, "SOV_codigo_esquina": 5388, "SOV_nombre_cruce": "PEREZ LEON" }, "geometry": { "type": "Point", "coordinates": [ -56.165399912697616, -34.854767511959579 ] } },
{ "type": "Feature", "properties": { "fid": 48226, "nom_calle": "AV GRAL SAN MARTIN", "cod_depto": 1, "cod_locali": 20, "gid": 106162417.0, "cod_nombre": 6315, "tipo": "AVENIDA", "x": "575938.504825223", "y": "6144012.492330015", "id_geom": "575938.50483_6144012.49233", "layer": "start_point_ejes", "path": "C:/Users/imm/Desktop/Magda/abril/start_point_ejes.gpkg", "id_vertice": 48226, "id_geom_num": null, "SOV_Costo Unitario": null, "SOV_Unidad de la Tarea": "m2", "SOV_Nombre Tarea": "BACHEO ASFALTICO SUPERFICIAL", "SOV_Codigo de Tarea": 2, "SOV_Codigo de Calle Ppal.": 6315, "SOV_Descripción Modalidad": "CONTRATO", "SOV_Nombre Proveedor": null, "SOV_Nombre Cuadrilla": null, "SOV_Nombre de Unidad": "MANTENIMIENTO VIAL", "SOV_Codigo de Unidad": 425, "SOV_Costo de la Tarea": null, "SOV_Cantidad de la Tarea": 51.35, "SOV_Agrupador Tarea": 1.02, "SOV_Fecha de la Tarea": "15/01/2026", "SOV_Observaciones": null, "SOV_Plan de Obra": null, "SOV_Fecha Recepcion Definitiva": null, "SOV_Fecha Recepcion Provisoria": null, "SOV_Fecha de Fin": null, "SOV_Fecha de Inicio": "26/05/2025", "SOV_Proveedor": null, "SOV_Responsable": null, "SOV_Cuadrilla": null, "SOV_Unidad": 425, "SOV_Calle Principal": "AV GRAL SAN MARTIN", "SOV_CCZ": 11, "SOV_Resolucion": null, "SOV_Contrato": 2077, "SOV_Proyecto": null, "SOV_Modalidad": 1, "SOV_Descripcion de la Obra": null, "SOV_Nro. de Obra (interno)": 91161, "SOV_codigo_esquina": 5877, "SOV_nombre_cruce": "RANCAGUA" }, "geometry": { "type": "Point", "coordinates": [ -56.169402187620243, -34.843364578268094 ] } },
{ "type": "Feature", "properties": { "fid": 48239, "nom_calle": "RANCAGUA", "cod_depto": 1, "cod_locali": 20, "gid": 106162429.0, "cod_nombre": 5877, "tipo": "CALLE", "x": "575938.504825223", "y": "6144012.492330015", "id_geom": "575938.50483_6144012.49233", "layer": "start_point_ejes", "path": "C:/Users/imm/Desktop/Magda/abril/start_point_ejes.gpkg", "id_vertice": 48239, "id_geom_num": null, "SOV_Costo Unitario": null, "SOV_Unidad de la Tarea": "m2", "SOV_Nombre Tarea": "BACHEO ASFALTICO SUPERFICIAL", "SOV_Codigo de Tarea": 2, "SOV_Codigo de Calle Ppal.": 6315, "SOV_Descripción Modalidad": "CONTRATO", "SOV_Nombre Proveedor": null, "SOV_Nombre Cuadrilla": null, "SOV_Nombre de Unidad": "MANTENIMIENTO VIAL", "SOV_Codigo de Unidad": 425, "SOV_Costo de la Tarea": null, "SOV_Cantidad de la Tarea": 51.35, "SOV_Agrupador Tarea": 1.02, "SOV_Fecha de la Tarea": "15/01/2026", "SOV_Observaciones": null, "SOV_Plan de Obra": null, "SOV_Fecha Recepcion Definitiva": null, "SOV_Fecha Recepcion Provisoria": null, "SOV_Fecha de Fin": null, "SOV_Fecha de Inicio": "26/05/2025", "SOV_Proveedor": null, "SOV_Responsable": null, "SOV_Cuadrilla": null, "SOV_Unidad": 425, "SOV_Calle Principal": "AV GRAL SAN MARTIN", "SOV_CCZ": 11, "SOV_Resolucion": null, "SOV_Contrato": 2077, "SOV_Proyecto": null, "SOV_Modalidad": 1, "SOV_Descripcion de la Obra": null, "SOV_Nro. de Obra (interno)": 91161, "SOV_codigo_esquina": 5877, "SOV_nombre_cruce": "RANCAGUA" }, "geometry": { "type": "Point", "coordinates": [ -56.169402187620243, -34.843364578268094 ] } },
{ "type": "Feature", "properties": { "fid": 48609, "nom_calle": "AV GRAL FLORES", "cod_depto": 1, "cod_locali": 20, "gid": 106162800.0, "cod_nombre": 2754, "tipo": "AVENIDA", "x": "576546.3137675555", "y": "6142678.949876956", "id_geom": "576546.31377_6142678.94988", "layer": "start_point_ejes", "path": "C:/Users/imm/Desktop/Magda/abril/start_point_ejes.gpkg", "id_vertice": 48609, "id_geom_num": null, "SOV_Costo Unitario": null, "SOV_Unidad de la Tarea": "m2", "SOV_Nombre Tarea": "BACHEO ASFALTICO SUPERFICIAL", "SOV_Codigo de Tarea": 2, "SOV_Codigo de Calle Ppal.": 2754, "SOV_Descripción Modalidad": "CONTRATO", "SOV_Nombre Proveedor": null, "SOV_Nombre Cuadrilla": null, "SOV_Nombre de Unidad": "MANTENIMIENTO VIAL", "SOV_Codigo de Unidad": 425, "SOV_Costo de la Tarea": null, "SOV_Cantidad de la Tarea": 0.66, "SOV_Agrupador Tarea": 1.02, "SOV_Fecha de la Tarea": "16/01/2026", "SOV_Observaciones": null, "SOV_Plan de Obra": null, "SOV_Fecha Recepcion Definitiva": null, "SOV_Fecha Recepcion Provisoria": null, "SOV_Fecha de Fin": null, "SOV_Fecha de Inicio": "26/05/2025", "SOV_Proveedor": null, "SOV_Responsable": null, "SOV_Cuadrilla": null, "SOV_Unidad": 425, "SOV_Calle Principal": "AV GRAL FLORES", "SOV_CCZ": 11, "SOV_Resolucion": null, "SOV_Contrato": 2077, "SOV_Proyecto": null, "SOV_Modalidad": 1, "SOV_Descripcion de la Obra": null, "SOV_Nro. de Obra (interno)": 91174, "SOV_codigo_esquina": 576, "SOV_nombre_cruce": "MANUEL ARROTEA" }, "geometry": { "type": "Point", "coordinates": [ -56.162632932926357, -34.855343153983 ] } },
{ "type": "Feature", "properties": { "fid": 50967, "nom_calle": "SANTA ANA", "cod_depto": 1, "cod_locali": 20, "gid": 106165283.0, "cod_nombre": 6357, "tipo": "CALLE", "x": "576511.74730417", "y": "6142789.290932299", "id_geom": "576511.7473_6142789.29093", "layer": "start_point_ejes", "path": "C:/Users/imm/Desktop/Magda/abril/start_point_ejes.gpkg", "id_vertice": 50967, "id_geom_num": null, "SOV_Costo Unitario": null, "SOV_Unidad de la Tarea": "m2", "SOV_Nombre Tarea": "BACHEO ASFALTICO SUPERFICIAL", "SOV_Codigo de Tarea": 2, "SOV_Codigo de Calle Ppal.": 6357, "SOV_Descripción Modalidad": "CONTRATO", "SOV_Nombre Proveedor": null, "SOV_Nombre Cuadrilla": null, "SOV_Nombre de Unidad": "MANTENIMIENTO VIAL", "SOV_Codigo de Unidad": 425, "SOV_Costo de la Tarea": null, "SOV_Cantidad de la Tarea": 0.93, "SOV_Agrupador Tarea": 1.02, "SOV_Fecha de la Tarea": "16/01/2026", "SOV_Observaciones": null, "SOV_Plan de Obra": null, "SOV_Fecha Recepcion Definitiva": null, "SOV_Fecha Recepcion Provisoria": null, "SOV_Fecha de Fin": null, "SOV_Fecha de Inicio": "26/05/2025", "SOV_Proveedor": null, "SOV_Responsable": null, "SOV_Cuadrilla": null, "SOV_Unidad": 425, "SOV_Calle Principal": "SANTA ANA", "SOV_CCZ": 11, "SOV_Resolucion": null, "SOV_Contrato": 2077, "SOV_Proyecto": null, "SOV_Modalidad": 1, "SOV_Descripcion de la Obra": null, "SOV_Nro. de Obra (interno)": 91173, "SOV_codigo_esquina": 3354, "SOV_nombre_cruce": "HERRERA NICOLAS" }, "geometry": { "type": "Point", "coordinates": [ -56.163021108750634, -34.854350845479168 ] } },
{ "type": "Feature", "properties": { "fid": 51614, "nom_calle": "GRAL MAXIMO TAJES", "cod_depto": 1, "cod_locali": 20, "gid": 106165966.0, "cod_nombre": 6762, "tipo": "CALLE", "x": "584181.0418651724", "y": "6140207.849394751", "id_geom": "584181.04187_6140207.84939", "layer": "start_point_ejes", "path": "C:/Users/imm/Desktop/Magda/abril/start_point_ejes.gpkg", "id_vertice": 51614, "id_geom_num": null, "SOV_Costo Unitario": null, "SOV_Unidad de la Tarea": "m2", "SOV_Nombre Tarea": "BACHEO ASFALTICO SUPERFICIAL", "SOV_Codigo de Tarea": 2, "SOV_Codigo de Calle Ppal.": 7647, "SOV_Descripción Modalidad": "CONTRATO", "SOV_Nombre Proveedor": null, "SOV_Nombre Cuadrilla": null, "SOV_Nombre de Unidad": "MANTENIMIENTO VIAL", "SOV_Codigo de Unidad": 425, "SOV_Costo de la Tarea": null, "SOV_Cantidad de la Tarea": 25.17, "SOV_Agrupador Tarea": 1.02, "SOV_Fecha de la Tarea": "13/01/2026", "SOV_Observaciones": null, "SOV_Plan de Obra": null, "SOV_Fecha Recepcion Definitiva": null, "SOV_Fecha Recepcion Provisoria": null, "SOV_Fecha de Fin": null, "SOV_Fecha de Inicio": "26/05/2025", "SOV_Proveedor": null, "SOV_Responsable": null, "SOV_Cuadrilla": null, "SOV_Unidad": 425, "SOV_Calle Principal": "AV DRA MA LUISA SALDUN DE RODRIGUEZ", "SOV_CCZ": 8, "SOV_Resolucion": null, "SOV_Contrato": 2077, "SOV_Proyecto": null, "SOV_Modalidad": 1, "SOV_Descripcion de la Obra": null, "SOV_Nro. de Obra (interno)": 91122, "SOV_codigo_esquina": 6762, "SOV_nombre_cruce": "GRAL MAXIMO TAJES" }, "geometry": { "type": "Point", "coordinates": [ -56.078874657680686, -34.877020072456659 ] } },
{ "type": "Feature", "properties": { "fid": 51708, "nom_calle": "CONSTANCIO C VIGIL", "cod_depto": 1, "cod_locali": 20, "gid": 106166073.0, "cod_nombre": 7292, "tipo": "CALLE", "x": "585783.7654132849", "y": "6140942.785335152", "id_geom": "585783.76541_6140942.78534", "layer": "start_point_ejes", "path": "C:/Users/imm/Desktop/Magda/abril/start_point_ejes.gpkg", "id_vertice": 51708, "id_geom_num": null, "SOV_Costo Unitario": null, "SOV_Unidad de la Tarea": "m2", "SOV_Nombre Tarea": "BACHEO ASFALTICO SUPERFICIAL", "SOV_Codigo de Tarea": 2, "SOV_Codigo de Calle Ppal.": 7292, "SOV_Descripción Modalidad": "CONTRATO", "SOV_Nombre Proveedor": null, "SOV_Nombre Cuadrilla": null, "SOV_Nombre de Unidad": "MANTENIMIENTO VIAL", "SOV_Codigo de Unidad": 425, "SOV_Costo de la Tarea": null, "SOV_Cantidad de la Tarea": 18.32, "SOV_Agrupador Tarea": 1.02, "SOV_Fecha de la Tarea": "22/01/2026", "SOV_Observaciones": null, "SOV_Plan de Obra": null, "SOV_Fecha Recepcion Definitiva": null, "SOV_Fecha Recepcion Provisoria": null, "SOV_Fecha de Fin": null, "SOV_Fecha de Inicio": "26/05/2025", "SOV_Proveedor": null, "SOV_Responsable": null, "SOV_Cuadrilla": null, "SOV_Unidad": 425, "SOV_Calle Principal": "CONSTANCIO C VIGIL", "SOV_CCZ": 8, "SOV_Resolucion": null, "SOV_Contrato": 2077, "SOV_Proyecto": null, "SOV_Modalidad": 1, "SOV_Descripcion de la Obra": null, "SOV_Nro. de Obra (interno)": 91268, "SOV_codigo_esquina": 3255, "SOV_nombre_cruce": "DR ALVARO VARGAS GUILLEMETTE" }, "geometry": { "type": "Point", "coordinates": [ -56.061414732125996, -34.870259462776374 ] } },
{ "type": "Feature", "properties": { "fid": 53902, "nom_calle": "RUTA NAL 8 BRIG GRAL J A LAVALLEJA", "cod_depto": 1, "cod_locali": 20, "gid": 106168364.0, "cod_nombre": 9819, "tipo": "RUTA NACIONAL", "x": "586699.0766005463", "y": "6151376.264866895", "id_geom": "586699.0766_6151376.26487", "layer": "start_point_ejes", "path": "C:/Users/imm/Desktop/Magda/abril/start_point_ejes.gpkg", "id_vertice": 53902, "id_geom_num": null, "SOV_Costo Unitario": null, "SOV_Unidad de la Tarea": "m2", "SOV_Nombre Tarea": "BACHEO ASFALTICO SUPERFICIAL", "SOV_Codigo de Tarea": 2, "SOV_Codigo de Calle Ppal.": 2384, "SOV_Descripción Modalidad": "CONTRATO", "SOV_Nombre Proveedor": null, "SOV_Nombre Cuadrilla": null, "SOV_Nombre de Unidad": "MANTENIMIENTO VIAL", "SOV_Codigo de Unidad": 425, "SOV_Costo de la Tarea": null, "SOV_Cantidad de la Tarea": 3.43, "SOV_Agrupador Tarea": 1.02, "SOV_Fecha de la Tarea": "15/01/2026", "SOV_Observaciones": null, "SOV_Plan de Obra": null, "SOV_Fecha Recepcion Definitiva": null, "SOV_Fecha Recepcion Provisoria": null, "SOV_Fecha de Fin": null, "SOV_Fecha de Inicio": "26/05/2025", "SOV_Proveedor": null, "SOV_Responsable": null, "SOV_Cuadrilla": null, "SOV_Unidad": 425, "SOV_Calle Principal": "CNO MELCHOR DE VIANA", "SOV_CCZ": 9, "SOV_Resolucion": null, "SOV_Contrato": 2077, "SOV_Proyecto": null, "SOV_Modalidad": 1, "SOV_Descripcion de la Obra": null, "SOV_Nro. de Obra (interno)": 91141, "SOV_codigo_esquina": 9819, "SOV_nombre_cruce": "RUTA 8 BRIG GRAL JUAN A LAVALLEJA" }, "geometry": { "type": "Point", "coordinates": [ -56.052479261047132, -34.776108634011301 ] } },
{ "type": "Feature", "properties": { "fid": 56436, "nom_calle": "CNO CARLOS A LOPEZ", "cod_depto": 1, "cod_locali": 20, "gid": 106171048.0, "cod_nombre": 4014, "tipo": "CAMINO", "x": "570966.4031033249", "y": "6149523.828679684", "id_geom": "570966.4031_6149523.82868", "layer": "start_point_ejes", "path": "C:/Users/imm/Desktop/Magda/abril/start_point_ejes.gpkg", "id_vertice": 56436, "id_geom_num": null, "SOV_Costo Unitario": null, "SOV_Unidad de la Tarea": "m2", "SOV_Nombre Tarea": "BACHEO ASFALTICO SUPERFICIAL", "SOV_Codigo de Tarea": 2, "SOV_Codigo de Calle Ppal.": 3270, "SOV_Descripción Modalidad": "CONTRATO", "SOV_Nombre Proveedor": null, "SOV_Nombre Cuadrilla": null, "SOV_Nombre de Unidad": "MANTENIMIENTO VIAL", "SOV_Codigo de Unidad": 425, "SOV_Costo de la Tarea": null, "SOV_Cantidad de la Tarea": 3.58, "SOV_Agrupador Tarea": 1.02, "SOV_Fecha de la Tarea": "19/01/2026", "SOV_Observaciones": null, "SOV_Plan de Obra": null, "SOV_Fecha Recepcion Definitiva": null, "SOV_Fecha Recepcion Provisoria": null, "SOV_Fecha de Fin": null, "SOV_Fecha de Inicio": "26/05/2025", "SOV_Proveedor": null, "SOV_Responsable": null, "SOV_Cuadrilla": null, "SOV_Unidad": 425, "SOV_Calle Principal": "AV CESAR MAYO GUTIERREZ", "SOV_CCZ": 12, "SOV_Resolucion": null, "SOV_Contrato": 2077, "SOV_Proyecto": null, "SOV_Modalidad": 1, "SOV_Descripcion de la Obra": null, "SOV_Nro. de Obra (interno)": 91186, "SOV_codigo_esquina": 4014, "SOV_nombre_cruce": "CNO CARLOS A LOPEZ" }, "geometry": { "type": "Point", "coordinates": [ -56.224247328398178, -34.794028704330117 ] } },
{ "type": "Feature", "properties": { "fid": 56752, "nom_calle": "ISIDRO FYNN", "cod_depto": 1, "cod_locali": 20, "gid": 106171382.0, "cod_nombre": 2847, "tipo": "CALLE", "x": "571597.200162707", "y": "6147570.948220833", "id_geom": "571597.20016_6147570.94822", "layer": "start_point_ejes", "path": "C:/Users/imm/Desktop/Magda/abril/start_point_ejes.gpkg", "id_vertice": 56752, "id_geom_num": null, "SOV_Costo Unitario": null, "SOV_Unidad de la Tarea": "m2", "SOV_Nombre Tarea": "BACHEO ASFALTICO SUPERFICIAL", "SOV_Codigo de Tarea": 2, "SOV_Codigo de Calle Ppal.": 2847, "SOV_Descripción Modalidad": "CONTRATO", "SOV_Nombre Proveedor": null, "SOV_Nombre Cuadrilla": null, "SOV_Nombre de Unidad": "MANTENIMIENTO VIAL", "SOV_Codigo de Unidad": 425, "SOV_Costo de la Tarea": null, "SOV_Cantidad de la Tarea": 24.52, "SOV_Agrupador Tarea": 1.02, "SOV_Fecha de la Tarea": "20/01/2026", "SOV_Observaciones": null, "SOV_Plan de Obra": null, "SOV_Fecha Recepcion Definitiva": null, "SOV_Fecha Recepcion Provisoria": null, "SOV_Fecha de Fin": null, "SOV_Fecha de Inicio": "26/05/2025", "SOV_Proveedor": null, "SOV_Responsable": null, "SOV_Cuadrilla": null, "SOV_Unidad": 425, "SOV_Calle Principal": "ISIDRO FYNN", "SOV_CCZ": 12, "SOV_Resolucion": null, "SOV_Contrato": 2077, "SOV_Proyecto": null, "SOV_Modalidad": 1, "SOV_Descripcion de la Obra": null, "SOV_Nro. de Obra (interno)": 91189, "SOV_codigo_esquina": 7458, "SOV_nombre_cruce": "YUTY" }, "geometry": { "type": "Point", "coordinates": [ -56.217186020352223, -34.811593471954964 ] } },
{ "type": "Feature", "properties": { "fid": 56757, "nom_calle": "ISIDRO FYNN", "cod_depto": 1, "cod_locali": 20, "gid": 106171387.0, "cod_nombre": 2847, "tipo": "CALLE", "x": "571597.200162707", "y": "6147570.948220833", "id_geom": "571597.20016_6147570.94822", "layer": "start_point_ejes", "path": "C:/Users/imm/Desktop/Magda/abril/start_point_ejes.gpkg", "id_vertice": 56757, "id_geom_num": null, "SOV_Costo Unitario": null, "SOV_Unidad de la Tarea": "m2", "SOV_Nombre Tarea": "BACHEO ASFALTICO SUPERFICIAL", "SOV_Codigo de Tarea": 2, "SOV_Codigo de Calle Ppal.": 2847, "SOV_Descripción Modalidad": "CONTRATO", "SOV_Nombre Proveedor": null, "SOV_Nombre Cuadrilla": null, "SOV_Nombre de Unidad": "MANTENIMIENTO VIAL", "SOV_Codigo de Unidad": 425, "SOV_Costo de la Tarea": null, "SOV_Cantidad de la Tarea": 24.52, "SOV_Agrupador Tarea": 1.02, "SOV_Fecha de la Tarea": "20/01/2026", "SOV_Observaciones": null, "SOV_Plan de Obra": null, "SOV_Fecha Recepcion Definitiva": null, "SOV_Fecha Recepcion Provisoria": null, "SOV_Fecha de Fin": null, "SOV_Fecha de Inicio": "26/05/2025", "SOV_Proveedor": null, "SOV_Responsable": null, "SOV_Cuadrilla": null, "SOV_Unidad": 425, "SOV_Calle Principal": "ISIDRO FYNN", "SOV_CCZ": 12, "SOV_Resolucion": null, "SOV_Contrato": 2077, "SOV_Proyecto": null, "SOV_Modalidad": 1, "SOV_Descripcion de la Obra": null, "SOV_Nro. de Obra (interno)": 91189, "SOV_codigo_esquina": 7458, "SOV_nombre_cruce": "YUTY" }, "geometry": { "type": "Point", "coordinates": [ -56.217186020352223, -34.811593471954964 ] } },
{ "type": "Feature", "properties": { "fid": 57058, "nom_calle": "AV DRA MA LUISA SALDUN DE RODRIGUEZ", "cod_depto": 1, "cod_locali": 20, "gid": 106171688.0, "cod_nombre": 7647, "tipo": "AVENIDA", "x": "584181.0418651724", "y": "6140207.849394751", "id_geom": "584181.04187_6140207.84939", "layer": "start_point_ejes", "path": "C:/Users/imm/Desktop/Magda/abril/start_point_ejes.gpkg", "id_vertice": 57058, "id_geom_num": null, "SOV_Costo Unitario": null, "SOV_Unidad de la Tarea": "m2", "SOV_Nombre Tarea": "BACHEO ASFALTICO SUPERFICIAL", "SOV_Codigo de Tarea": 2, "SOV_Codigo de Calle Ppal.": 7647, "SOV_Descripción Modalidad": "CONTRATO", "SOV_Nombre Proveedor": null, "SOV_Nombre Cuadrilla": null, "SOV_Nombre de Unidad": "MANTENIMIENTO VIAL", "SOV_Codigo de Unidad": 425, "SOV_Costo de la Tarea": null, "SOV_Cantidad de la Tarea": 25.17, "SOV_Agrupador Tarea": 1.02, "SOV_Fecha de la Tarea": "13/01/2026", "SOV_Observaciones": null, "SOV_Plan de Obra": null, "SOV_Fecha Recepcion Definitiva": null, "SOV_Fecha Recepcion Provisoria": null, "SOV_Fecha de Fin": null, "SOV_Fecha de Inicio": "26/05/2025", "SOV_Proveedor": null, "SOV_Responsable": null, "SOV_Cuadrilla": null, "SOV_Unidad": 425, "SOV_Calle Principal": "AV DRA MA LUISA SALDUN DE RODRIGUEZ", "SOV_CCZ": 8, "SOV_Resolucion": null, "SOV_Contrato": 2077, "SOV_Proyecto": null, "SOV_Modalidad": 1, "SOV_Descripcion de la Obra": null, "SOV_Nro. de Obra (interno)": 91122, "SOV_codigo_esquina": 6762, "SOV_nombre_cruce": "GRAL MAXIMO TAJES" }, "geometry": { "type": "Point", "coordinates": [ -56.078874657680686, -34.877020072456659 ] } },
{ "type": "Feature", "properties": { "fid": 57303, "nom_calle": "CNO A LA CUCHILLA PEREIRA", "cod_depto": 1, "cod_locali": 20, "gid": 106171954.0, "cod_nombre": 2269, "tipo": "CAMINO", "x": "575273.4364097632", "y": "6155396.4848286165", "id_geom": "575273.43641_6155396.48483", "layer": "start_point_ejes", "path": "C:/Users/imm/Desktop/Magda/abril/start_point_ejes.gpkg", "id_vertice": 57303, "id_geom_num": null, "SOV_Costo Unitario": null, "SOV_Unidad de la Tarea": "m2", "SOV_Nombre Tarea": "BACHEO ASFALTICO SUPERFICIAL", "SOV_Codigo de Tarea": 2, "SOV_Codigo de Calle Ppal.": 203, "SOV_Descripción Modalidad": "CONTRATO", "SOV_Nombre Proveedor": null, "SOV_Nombre Cuadrilla": null, "SOV_Nombre de Unidad": "MANTENIMIENTO VIAL", "SOV_Codigo de Unidad": 425, "SOV_Costo de la Tarea": null, "SOV_Cantidad de la Tarea": 8.95, "SOV_Agrupador Tarea": 1.02, "SOV_Fecha de la Tarea": "19/01/2026", "SOV_Observaciones": null, "SOV_Plan de Obra": null, "SOV_Fecha Recepcion Definitiva": null, "SOV_Fecha Recepcion Provisoria": null, "SOV_Fecha de Fin": null, "SOV_Fecha de Inicio": "26/05/2025", "SOV_Proveedor": null, "SOV_Responsable": null, "SOV_Cuadrilla": null, "SOV_Unidad": 425, "SOV_Calle Principal": "CNO AL OBELISCO", "SOV_CCZ": 12, "SOV_Resolucion": null, "SOV_Contrato": 2077, "SOV_Proyecto": null, "SOV_Modalidad": 1, "SOV_Descripcion de la Obra": null, "SOV_Nro. de Obra (interno)": 91184, "SOV_codigo_esquina": 2269, "SOV_nombre_cruce": "CNO  A LA CUCHILLA PEREIRA" }, "geometry": { "type": "Point", "coordinates": [ -56.177695545143123, -34.740766643702102 ] } },
{ "type": "Feature", "properties": { "fid": 57594, "nom_calle": "MARIA ORTICOCHEA", "cod_depto": 1, "cod_locali": 20, "gid": 106172268.0, "cod_nombre": 4992, "tipo": "CALLE", "x": "570176.0806971521", "y": "6145311.165760439", "id_geom": "570176.0807_6145311.16576", "layer": "start_point_ejes", "path": "C:/Users/imm/Desktop/Magda/abril/start_point_ejes.gpkg", "id_vertice": 57594, "id_geom_num": null, "SOV_Costo Unitario": null, "SOV_Unidad de la Tarea": "m2", "SOV_Nombre Tarea": "BACHEO ASFALTICO SUPERFICIAL", "SOV_Codigo de Tarea": 2, "SOV_Codigo de Calle Ppal.": 6200, "SOV_Descripción Modalidad": "ADMINISTRACION", "SOV_Nombre Proveedor": null, "SOV_Nombre Cuadrilla": "CUADRILLA 9", "SOV_Nombre de Unidad": "MANTENIMIENTO VIAL", "SOV_Codigo de Unidad": 425, "SOV_Costo de la Tarea": null, "SOV_Cantidad de la Tarea": 18.0, "SOV_Agrupador Tarea": 1.02, "SOV_Fecha de la Tarea": "22/01/2026", "SOV_Observaciones": null, "SOV_Plan de Obra": null, "SOV_Fecha Recepcion Definitiva": null, "SOV_Fecha Recepcion Provisoria": null, "SOV_Fecha de Fin": null, "SOV_Fecha de Inicio": "01/01/2025", "SOV_Proveedor": null, "SOV_Responsable": null, "SOV_Cuadrilla": 3.0, "SOV_Unidad": 425, "SOV_Calle Principal": "SAA JUAN BAUTISTA", "SOV_CCZ": 13, "SOV_Resolucion": null, "SOV_Contrato": null, "SOV_Proyecto": null, "SOV_Modalidad": 3, "SOV_Descripcion de la Obra": null, "SOV_Nro. de Obra (interno)": 91524, "SOV_codigo_esquina": 4992, "SOV_nombre_cruce": "ORTICOCHEA MARIA" }, "geometry": { "type": "Point", "coordinates": [ -56.23253372247266, -34.832068654650364 ] } },
{ "type": "Feature", "properties": { "fid": 57657, "nom_calle": "JUAN BAUTISTA SAA", "cod_depto": 1, "cod_locali": 20, "gid": 106172336.0, "cod_nombre": 6200, "tipo": "CALLE", "x": "570176.0806971521", "y": "6145311.165760439", "id_geom": "570176.0807_6145311.16576", "layer": "start_point_ejes", "path": "C:/Users/imm/Desktop/Magda/abril/start_point_ejes.gpkg", "id_vertice": 57657, "id_geom_num": null, "SOV_Costo Unitario": null, "SOV_Unidad de la Tarea": "m2", "SOV_Nombre Tarea": "BACHEO ASFALTICO SUPERFICIAL", "SOV_Codigo de Tarea": 2, "SOV_Codigo de Calle Ppal.": 6200, "SOV_Descripción Modalidad": "ADMINISTRACION", "SOV_Nombre Proveedor": null, "SOV_Nombre Cuadrilla": "CUADRILLA 9", "SOV_Nombre de Unidad": "MANTENIMIENTO VIAL", "SOV_Codigo de Unidad": 425, "SOV_Costo de la Tarea": null, "SOV_Cantidad de la Tarea": 18.0, "SOV_Agrupador Tarea": 1.02, "SOV_Fecha de la Tarea": "22/01/2026", "SOV_Observaciones": null, "SOV_Plan de Obra": null, "SOV_Fecha Recepcion Definitiva": null, "SOV_Fecha Recepcion Provisoria": null, "SOV_Fecha de Fin": null, "SOV_Fecha de Inicio": "01/01/2025", "SOV_Proveedor": null, "SOV_Responsable": null, "SOV_Cuadrilla": 3.0, "SOV_Unidad": 425, "SOV_Calle Principal": "SAA JUAN BAUTISTA", "SOV_CCZ": 13, "SOV_Resolucion": null, "SOV_Contrato": null, "SOV_Proyecto": null, "SOV_Modalidad": 3, "SOV_Descripcion de la Obra": null, "SOV_Nro. de Obra (interno)": 91524, "SOV_codigo_esquina": 4992, "SOV_nombre_cruce": "ORTICOCHEA MARIA" }, "geometry": { "type": "Point", "coordinates": [ -56.23253372247266, -34.832068654650364 ] } },
{ "type": "Feature", "properties": { "fid": 57719, "nom_calle": "DR ALVARO VARGAS GUILLEMETTE", "cod_depto": 1, "cod_locali": 20, "gid": 106172427.0, "cod_nombre": 3255, "tipo": "CALLE", "x": "585783.7654132849", "y": "6140942.785335152", "id_geom": "585783.76541_6140942.78534", "layer": "start_point_ejes", "path": "C:/Users/imm/Desktop/Magda/abril/start_point_ejes.gpkg", "id_vertice": 57719, "id_geom_num": null, "SOV_Costo Unitario": null, "SOV_Unidad de la Tarea": "m2", "SOV_Nombre Tarea": "BACHEO ASFALTICO SUPERFICIAL", "SOV_Codigo de Tarea": 2, "SOV_Codigo de Calle Ppal.": 7292, "SOV_Descripción Modalidad": "CONTRATO", "SOV_Nombre Proveedor": null, "SOV_Nombre Cuadrilla": null, "SOV_Nombre de Unidad": "MANTENIMIENTO VIAL", "SOV_Codigo de Unidad": 425, "SOV_Costo de la Tarea": null, "SOV_Cantidad de la Tarea": 18.32, "SOV_Agrupador Tarea": 1.02, "SOV_Fecha de la Tarea": "22/01/2026", "SOV_Observaciones": null, "SOV_Plan de Obra": null, "SOV_Fecha Recepcion Definitiva": null, "SOV_Fecha Recepcion Provisoria": null, "SOV_Fecha de Fin": null, "SOV_Fecha de Inicio": "26/05/2025", "SOV_Proveedor": null, "SOV_Responsable": null, "SOV_Cuadrilla": null, "SOV_Unidad": 425, "SOV_Calle Principal": "CONSTANCIO C VIGIL", "SOV_CCZ": 8, "SOV_Resolucion": null, "SOV_Contrato": 2077, "SOV_Proyecto": null, "SOV_Modalidad": 1, "SOV_Descripcion de la Obra": null, "SOV_Nro. de Obra (interno)": 91268, "SOV_codigo_esquina": 3255, "SOV_nombre_cruce": "DR ALVARO VARGAS GUILLEMETTE" }, "geometry": { "type": "Point", "coordinates": [ -56.061414732125996, -34.870259462776374 ] } },
{ "type": "Feature", "properties": { "fid": 58897, "nom_calle": "CARVE", "cod_depto": 1, "cod_locali": 20, "gid": 106173667.0, "cod_nombre": 1695, "tipo": "CALLE", "x": "569825.7399779884", "y": "6148255.237054868", "id_geom": "569825.73998_6148255.23705", "layer": "start_point_ejes", "path": "C:/Users/imm/Desktop/Magda/abril/start_point_ejes.gpkg", "id_vertice": 58897, "id_geom_num": null, "SOV_Costo Unitario": null, "SOV_Unidad de la Tarea": "m2", "SOV_Nombre Tarea": "BACHEO ASFALTICO SUPERFICIAL", "SOV_Codigo de Tarea": 2, "SOV_Codigo de Calle Ppal.": 1695, "SOV_Descripción Modalidad": "CONTRATO", "SOV_Nombre Proveedor": null, "SOV_Nombre Cuadrilla": null, "SOV_Nombre de Unidad": "MANTENIMIENTO VIAL", "SOV_Codigo de Unidad": 425, "SOV_Costo de la Tarea": null, "SOV_Cantidad de la Tarea": 3.89, "SOV_Agrupador Tarea": 1.02, "SOV_Fecha de la Tarea": "15/01/2026", "SOV_Observaciones": null, "SOV_Plan de Obra": null, "SOV_Fecha Recepcion Definitiva": null, "SOV_Fecha Recepcion Provisoria": null, "SOV_Fecha de Fin": null, "SOV_Fecha de Inicio": "26/05/2025", "SOV_Proveedor": null, "SOV_Responsable": null, "SOV_Cuadrilla": null, "SOV_Unidad": 425, "SOV_Calle Principal": "CARVE", "SOV_CCZ": 12, "SOV_Resolucion": null, "SOV_Contrato": 2077, "SOV_Proyecto": null, "SOV_Modalidad": 1, "SOV_Descripcion de la Obra": null, "SOV_Nro. de Obra (interno)": 91158, "SOV_codigo_esquina": 5340, "SOV_nombre_cruce": "OTT CARLOS" }, "geometry": { "type": "Point", "coordinates": [ -56.236609788299745, -34.80554634462387 ] } },
{ "type": "Feature", "properties": { "fid": 58898, "nom_calle": "CARLOS OTT", "cod_depto": 1, "cod_locali": 20, "gid": 106173668.0, "cod_nombre": 5340, "tipo": "CALLE", "x": "569825.7399779884", "y": "6148255.237054868", "id_geom": "569825.73998_6148255.23705", "layer": "start_point_ejes", "path": "C:/Users/imm/Desktop/Magda/abril/start_point_ejes.gpkg", "id_vertice": 58898, "id_geom_num": null, "SOV_Costo Unitario": null, "SOV_Unidad de la Tarea": "m2", "SOV_Nombre Tarea": "BACHEO ASFALTICO SUPERFICIAL", "SOV_Codigo de Tarea": 2, "SOV_Codigo de Calle Ppal.": 1695, "SOV_Descripción Modalidad": "CONTRATO", "SOV_Nombre Proveedor": null, "SOV_Nombre Cuadrilla": null, "SOV_Nombre de Unidad": "MANTENIMIENTO VIAL", "SOV_Codigo de Unidad": 425, "SOV_Costo de la Tarea": null, "SOV_Cantidad de la Tarea": 3.89, "SOV_Agrupador Tarea": 1.02, "SOV_Fecha de la Tarea": "15/01/2026", "SOV_Observaciones": null, "SOV_Plan de Obra": null, "SOV_Fecha Recepcion Definitiva": null, "SOV_Fecha Recepcion Provisoria": null, "SOV_Fecha de Fin": null, "SOV_Fecha de Inicio": "26/05/2025", "SOV_Proveedor": null, "SOV_Responsable": null, "SOV_Cuadrilla": null, "SOV_Unidad": 425, "SOV_Calle Principal": "CARVE", "SOV_CCZ": 12, "SOV_Resolucion": null, "SOV_Contrato": 2077, "SOV_Proyecto": null, "SOV_Modalidad": 1, "SOV_Descripcion de la Obra": null, "SOV_Nro. de Obra (interno)": 91158, "SOV_codigo_esquina": 5340, "SOV_nombre_cruce": "OTT CARLOS" }, "geometry": { "type": "Point", "coordinates": [ -56.236609788299745, -34.80554634462387 ] } },
{ "type": "Feature", "properties": { "fid": 59263, "nom_calle": "CNO FAUQUET", "cod_depto": 1, "cod_locali": 20, "gid": 106174103.0, "cod_nombre": 2670, "tipo": "CAMINO", "x": "569402.4810881226", "y": "6149596.499195575", "id_geom": "569402.48109_6149596.4992", "layer": "start_point_ejes", "path": "C:/Users/imm/Desktop/Magda/abril/start_point_ejes.gpkg", "id_vertice": 59263, "id_geom_num": null, "SOV_Costo Unitario": null, "SOV_Unidad de la Tarea": "m2", "SOV_Nombre Tarea": "BACHEO ASFALTICO SUPERFICIAL", "SOV_Codigo de Tarea": 2, "SOV_Codigo de Calle Ppal.": 2670, "SOV_Descripción Modalidad": "CONTRATO", "SOV_Nombre Proveedor": null, "SOV_Nombre Cuadrilla": null, "SOV_Nombre de Unidad": "MANTENIMIENTO VIAL", "SOV_Codigo de Unidad": 425, "SOV_Costo de la Tarea": null, "SOV_Cantidad de la Tarea": 0.98, "SOV_Agrupador Tarea": 1.02, "SOV_Fecha de la Tarea": "14/01/2026", "SOV_Observaciones": null, "SOV_Plan de Obra": null, "SOV_Fecha Recepcion Definitiva": null, "SOV_Fecha Recepcion Provisoria": null, "SOV_Fecha de Fin": null, "SOV_Fecha de Inicio": "26/05/2025", "SOV_Proveedor": null, "SOV_Responsable": null, "SOV_Cuadrilla": null, "SOV_Unidad": 425, "SOV_Calle Principal": "CNO FAUQUET", "SOV_CCZ": 12, "SOV_Resolucion": null, "SOV_Contrato": 2077, "SOV_Proyecto": null, "SOV_Modalidad": 1, "SOV_Descripcion de la Obra": null, "SOV_Nro. de Obra (interno)": 91154, "SOV_codigo_esquina": 5505, "SOV_nombre_cruce": "PINTA" }, "geometry": { "type": "Point", "coordinates": [ -56.241347636377519, -34.793481193938774 ] } },
{ "type": "Feature", "properties": { "fid": 59265, "nom_calle": "CNO FAUQUET", "cod_depto": 1, "cod_locali": 20, "gid": 106174105.0, "cod_nombre": 2670, "tipo": "CAMINO", "x": "569402.4810881226", "y": "6149596.499195575", "id_geom": "569402.48109_6149596.4992", "layer": "start_point_ejes", "path": "C:/Users/imm/Desktop/Magda/abril/start_point_ejes.gpkg", "id_vertice": 59265, "id_geom_num": null, "SOV_Costo Unitario": null, "SOV_Unidad de la Tarea": "m2", "SOV_Nombre Tarea": "BACHEO ASFALTICO SUPERFICIAL", "SOV_Codigo de Tarea": 2, "SOV_Codigo de Calle Ppal.": 2670, "SOV_Descripción Modalidad": "CONTRATO", "SOV_Nombre Proveedor": null, "SOV_Nombre Cuadrilla": null, "SOV_Nombre de Unidad": "MANTENIMIENTO VIAL", "SOV_Codigo de Unidad": 425, "SOV_Costo de la Tarea": null, "SOV_Cantidad de la Tarea": 0.98, "SOV_Agrupador Tarea": 1.02, "SOV_Fecha de la Tarea": "14/01/2026", "SOV_Observaciones": null, "SOV_Plan de Obra": null, "SOV_Fecha Recepcion Definitiva": null, "SOV_Fecha Recepcion Provisoria": null, "SOV_Fecha de Fin": null, "SOV_Fecha de Inicio": "26/05/2025", "SOV_Proveedor": null, "SOV_Responsable": null, "SOV_Cuadrilla": null, "SOV_Unidad": 425, "SOV_Calle Principal": "CNO FAUQUET", "SOV_CCZ": 12, "SOV_Resolucion": null, "SOV_Contrato": 2077, "SOV_Proyecto": null, "SOV_Modalidad": 1, "SOV_Descripcion de la Obra": null, "SOV_Nro. de Obra (interno)": 91154, "SOV_codigo_esquina": 5505, "SOV_nombre_cruce": "PINTA" }, "geometry": { "type": "Point", "coordinates": [ -56.241347636377519, -34.793481193938774 ] } },
{ "type": "Feature", "properties": { "fid": 59273, "nom_calle": "GIOIA", "cod_depto": 1, "cod_locali": 20, "gid": 106174113.0, "cod_nombre": 3003, "tipo": "CALLE", "x": "569199.1705309554", "y": "6149407.290646158", "id_geom": "569199.17053_6149407.29065", "layer": "start_point_ejes", "path": "C:/Users/imm/Desktop/Magda/abril/start_point_ejes.gpkg", "id_vertice": 59273, "id_geom_num": null, "SOV_Costo Unitario": null, "SOV_Unidad de la Tarea": "m2", "SOV_Nombre Tarea": "BACHEO ASFALTICO SUPERFICIAL", "SOV_Codigo de Tarea": 2, "SOV_Codigo de Calle Ppal.": 5505, "SOV_Descripción Modalidad": "CONTRATO", "SOV_Nombre Proveedor": null, "SOV_Nombre Cuadrilla": null, "SOV_Nombre de Unidad": "MANTENIMIENTO VIAL", "SOV_Codigo de Unidad": 425, "SOV_Costo de la Tarea": null, "SOV_Cantidad de la Tarea": 22.14, "SOV_Agrupador Tarea": 1.02, "SOV_Fecha de la Tarea": "14/01/2026", "SOV_Observaciones": null, "SOV_Plan de Obra": null, "SOV_Fecha Recepcion Definitiva": null, "SOV_Fecha Recepcion Provisoria": null, "SOV_Fecha de Fin": null, "SOV_Fecha de Inicio": "26/05/2025", "SOV_Proveedor": null, "SOV_Responsable": null, "SOV_Cuadrilla": null, "SOV_Unidad": 425, "SOV_Calle Principal": "PINTA", "SOV_CCZ": 12, "SOV_Resolucion": null, "SOV_Contrato": 2077, "SOV_Proyecto": null, "SOV_Modalidad": 1, "SOV_Descripcion de la Obra": null, "SOV_Nro. de Obra (interno)": 91152, "SOV_codigo_esquina": 3003, "SOV_nombre_cruce": "GIOIA" }, "geometry": { "type": "Point", "coordinates": [ -56.24355431120906, -34.79520111140662 ] } },
{ "type": "Feature", "properties": { "fid": 59282, "nom_calle": "PINTA", "cod_depto": 1, "cod_locali": 20, "gid": 106174120.0, "cod_nombre": 5505, "tipo": "CALLE", "x": "569199.1705309554", "y": "6149407.290646158", "id_geom": "569199.17053_6149407.29065", "layer": "start_point_ejes", "path": "C:/Users/imm/Desktop/Magda/abril/start_point_ejes.gpkg", "id_vertice": 59282, "id_geom_num": null, "SOV_Costo Unitario": null, "SOV_Unidad de la Tarea": "m2", "SOV_Nombre Tarea": "BACHEO ASFALTICO SUPERFICIAL", "SOV_Codigo de Tarea": 2, "SOV_Codigo de Calle Ppal.": 5505, "SOV_Descripción Modalidad": "CONTRATO", "SOV_Nombre Proveedor": null, "SOV_Nombre Cuadrilla": null, "SOV_Nombre de Unidad": "MANTENIMIENTO VIAL", "SOV_Codigo de Unidad": 425, "SOV_Costo de la Tarea": null, "SOV_Cantidad de la Tarea": 22.14, "SOV_Agrupador Tarea": 1.02, "SOV_Fecha de la Tarea": "14/01/2026", "SOV_Observaciones": null, "SOV_Plan de Obra": null, "SOV_Fecha Recepcion Definitiva": null, "SOV_Fecha Recepcion Provisoria": null, "SOV_Fecha de Fin": null, "SOV_Fecha de Inicio": "26/05/2025", "SOV_Proveedor": null, "SOV_Responsable": null, "SOV_Cuadrilla": null, "SOV_Unidad": 425, "SOV_Calle Principal": "PINTA", "SOV_CCZ": 12, "SOV_Resolucion": null, "SOV_Contrato": 2077, "SOV_Proyecto": null, "SOV_Modalidad": 1, "SOV_Descripcion de la Obra": null, "SOV_Nro. de Obra (interno)": 91152, "SOV_codigo_esquina": 3003, "SOV_nombre_cruce": "GIOIA" }, "geometry": { "type": "Point", "coordinates": [ -56.24355431120906, -34.79520111140662 ] } },
{ "type": "Feature", "properties": { "fid": 59363, "nom_calle": "CAACUPE", "cod_depto": 1, "cod_locali": 20, "gid": 106174354.0, "cod_nombre": 1209, "tipo": "CALLE", "x": "570078.9343447085", "y": "6148594.147661596", "id_geom": "570078.93434_6148594.14766", "layer": "start_point_ejes", "path": "C:/Users/imm/Desktop/Magda/abril/start_point_ejes.gpkg", "id_vertice": 59363, "id_geom_num": null, "SOV_Costo Unitario": null, "SOV_Unidad de la Tarea": "m2", "SOV_Nombre Tarea": "BACHEO ASFALTICO SUPERFICIAL", "SOV_Codigo de Tarea": 2, "SOV_Codigo de Calle Ppal.": 3918, "SOV_Descripción Modalidad": "CONTRATO", "SOV_Nombre Proveedor": null, "SOV_Nombre Cuadrilla": null, "SOV_Nombre de Unidad": "MANTENIMIENTO VIAL", "SOV_Codigo de Unidad": 425, "SOV_Costo de la Tarea": null, "SOV_Cantidad de la Tarea": 3.7, "SOV_Agrupador Tarea": 1.02, "SOV_Fecha de la Tarea": "13/01/2026", "SOV_Observaciones": null, "SOV_Plan de Obra": null, "SOV_Fecha Recepcion Definitiva": null, "SOV_Fecha Recepcion Provisoria": null, "SOV_Fecha de Fin": null, "SOV_Fecha de Inicio": "26/05/2025", "SOV_Proveedor": null, "SOV_Responsable": null, "SOV_Cuadrilla": null, "SOV_Unidad": 425, "SOV_Calle Principal": "AV LEZICA", "SOV_CCZ": 12, "SOV_Resolucion": null, "SOV_Contrato": 2077, "SOV_Proyecto": null, "SOV_Modalidad": 1, "SOV_Descripcion de la Obra": null, "SOV_Nro. de Obra (interno)": 91136, "SOV_codigo_esquina": 1209, "SOV_nombre_cruce": "CAACUPE" }, "geometry": { "type": "Point", "coordinates": [ -56.233870164139361, -34.802473018184791 ] } },
{ "type": "Feature", "properties": { "fid": 59367, "nom_calle": "AV LEZICA", "cod_depto": 1, "cod_locali": 20, "gid": 106174358.0, "cod_nombre": 3918, "tipo": "AVENIDA", "x": "570078.9343447085", "y": "6148594.147661596", "id_geom": "570078.93434_6148594.14766", "layer": "start_point_ejes", "path": "C:/Users/imm/Desktop/Magda/abril/start_point_ejes.gpkg", "id_vertice": 59367, "id_geom_num": null, "SOV_Costo Unitario": null, "SOV_Unidad de la Tarea": "m2", "SOV_Nombre Tarea": "BACHEO ASFALTICO SUPERFICIAL", "SOV_Codigo de Tarea": 2, "SOV_Codigo de Calle Ppal.": 3918, "SOV_Descripción Modalidad": "CONTRATO", "SOV_Nombre Proveedor": null, "SOV_Nombre Cuadrilla": null, "SOV_Nombre de Unidad": "MANTENIMIENTO VIAL", "SOV_Codigo de Unidad": 425, "SOV_Costo de la Tarea": null, "SOV_Cantidad de la Tarea": 3.7, "SOV_Agrupador Tarea": 1.02, "SOV_Fecha de la Tarea": "13/01/2026", "SOV_Observaciones": null, "SOV_Plan de Obra": null, "SOV_Fecha Recepcion Definitiva": null, "SOV_Fecha Recepcion Provisoria": null, "SOV_Fecha de Fin": null, "SOV_Fecha de Inicio": "26/05/2025", "SOV_Proveedor": null, "SOV_Responsable": null, "SOV_Cuadrilla": null, "SOV_Unidad": 425, "SOV_Calle Principal": "AV LEZICA", "SOV_CCZ": 12, "SOV_Resolucion": null, "SOV_Contrato": 2077, "SOV_Proyecto": null, "SOV_Modalidad": 1, "SOV_Descripcion de la Obra": null, "SOV_Nro. de Obra (interno)": 91136, "SOV_codigo_esquina": 1209, "SOV_nombre_cruce": "CAACUPE" }, "geometry": { "type": "Point", "coordinates": [ -56.233870164139361, -34.802473018184791 ] } },
{ "type": "Feature", "properties": { "fid": 59375, "nom_calle": "PSJE 1 (8191)", "cod_depto": 1, "cod_locali": 20, "gid": 106174366.0, "cod_nombre": 8191, "tipo": "PASAJE VEHICULAR", "x": "569852.4316336078", "y": "6148526.367122503", "id_geom": "569852.43163_6148526.36712", "layer": "start_point_ejes", "path": "C:/Users/imm/Desktop/Magda/abril/start_point_ejes.gpkg", "id_vertice": 59375, "id_geom_num": null, "SOV_Costo Unitario": null, "SOV_Unidad de la Tarea": "m2", "SOV_Nombre Tarea": "BACHEO ASFALTICO SUPERFICIAL", "SOV_Codigo de Tarea": 2, "SOV_Codigo de Calle Ppal.": 5340, "SOV_Descripción Modalidad": "CONTRATO", "SOV_Nombre Proveedor": null, "SOV_Nombre Cuadrilla": null, "SOV_Nombre de Unidad": "MANTENIMIENTO VIAL", "SOV_Codigo de Unidad": 425, "SOV_Costo de la Tarea": null, "SOV_Cantidad de la Tarea": 8.64, "SOV_Agrupador Tarea": 1.02, "SOV_Fecha de la Tarea": "15/01/2026", "SOV_Observaciones": null, "SOV_Plan de Obra": null, "SOV_Fecha Recepcion Definitiva": null, "SOV_Fecha Recepcion Provisoria": null, "SOV_Fecha de Fin": null, "SOV_Fecha de Inicio": "26/05/2025", "SOV_Proveedor": null, "SOV_Responsable": null, "SOV_Cuadrilla": null, "SOV_Unidad": 425, "SOV_Calle Principal": "OTT CARLOS", "SOV_CCZ": 12, "SOV_Resolucion": null, "SOV_Contrato": 2077, "SOV_Proyecto": null, "SOV_Modalidad": 1, "SOV_Descripcion de la Obra": null, "SOV_Nro. de Obra (interno)": 91159, "SOV_codigo_esquina": 8191, "SOV_nombre_cruce": "PSJE 1 (8191)" }, "geometry": { "type": "Point", "coordinates": [ -56.236340546782486, -34.803099753205714 ] } },
{ "type": "Feature", "properties": { "fid": 59379, "nom_calle": "PSJE 1 (8191)", "cod_depto": 1, "cod_locali": 20, "gid": 106174370.0, "cod_nombre": 8191, "tipo": "PASAJE VEHICULAR", "x": "569790.4288550046", "y": "6148541.787280353", "id_geom": "569790.42886_6148541.78728", "layer": "start_point_ejes", "path": "C:/Users/imm/Desktop/Magda/abril/start_point_ejes.gpkg", "id_vertice": 59379, "id_geom_num": null, "SOV_Costo Unitario": null, "SOV_Unidad de la Tarea": "m2", "SOV_Nombre Tarea": "BACHEO ASFALTICO SUPERFICIAL", "SOV_Codigo de Tarea": 2, "SOV_Codigo de Calle Ppal.": 8191, "SOV_Descripción Modalidad": "CONTRATO", "SOV_Nombre Proveedor": null, "SOV_Nombre Cuadrilla": null, "SOV_Nombre de Unidad": "MANTENIMIENTO VIAL", "SOV_Codigo de Unidad": 425, "SOV_Costo de la Tarea": null, "SOV_Cantidad de la Tarea": 8.17, "SOV_Agrupador Tarea": 1.02, "SOV_Fecha de la Tarea": "14/01/2026", "SOV_Observaciones": null, "SOV_Plan de Obra": null, "SOV_Fecha Recepcion Definitiva": null, "SOV_Fecha Recepcion Provisoria": null, "SOV_Fecha de Fin": null, "SOV_Fecha de Inicio": "26/05/2025", "SOV_Proveedor": null, "SOV_Responsable": null, "SOV_Cuadrilla": null, "SOV_Unidad": 425, "SOV_Calle Principal": "PSJE 1 (8191)", "SOV_CCZ": 12, "SOV_Resolucion": null, "SOV_Contrato": 2077, "SOV_Proyecto": null, "SOV_Modalidad": 1, "SOV_Descripcion de la Obra": null, "SOV_Nro. de Obra (interno)": 91195, "SOV_codigo_esquina": 8192, "SOV_nombre_cruce": "PSJE 3 (8192)" }, "geometry": { "type": "Point", "coordinates": [ -56.237019618161717, -34.802964962086151 ] } },
{ "type": "Feature", "properties": { "fid": 59385, "nom_calle": "PSJE 3 (8192)", "cod_depto": 1, "cod_locali": 20, "gid": 106174371.0, "cod_nombre": 8192, "tipo": "PASAJE VEHICULAR", "x": "569790.4288550046", "y": "6148541.787280353", "id_geom": "569790.42886_6148541.78728", "layer": "start_point_ejes", "path": "C:/Users/imm/Desktop/Magda/abril/start_point_ejes.gpkg", "id_vertice": 59385, "id_geom_num": null, "SOV_Costo Unitario": null, "SOV_Unidad de la Tarea": "m2", "SOV_Nombre Tarea": "BACHEO ASFALTICO SUPERFICIAL", "SOV_Codigo de Tarea": 2, "SOV_Codigo de Calle Ppal.": 8191, "SOV_Descripción Modalidad": "CONTRATO", "SOV_Nombre Proveedor": null, "SOV_Nombre Cuadrilla": null, "SOV_Nombre de Unidad": "MANTENIMIENTO VIAL", "SOV_Codigo de Unidad": 425, "SOV_Costo de la Tarea": null, "SOV_Cantidad de la Tarea": 8.17, "SOV_Agrupador Tarea": 1.02, "SOV_Fecha de la Tarea": "14/01/2026", "SOV_Observaciones": null, "SOV_Plan de Obra": null, "SOV_Fecha Recepcion Definitiva": null, "SOV_Fecha Recepcion Provisoria": null, "SOV_Fecha de Fin": null, "SOV_Fecha de Inicio": "26/05/2025", "SOV_Proveedor": null, "SOV_Responsable": null, "SOV_Cuadrilla": null, "SOV_Unidad": 425, "SOV_Calle Principal": "PSJE 1 (8191)", "SOV_CCZ": 12, "SOV_Resolucion": null, "SOV_Contrato": 2077, "SOV_Proyecto": null, "SOV_Modalidad": 1, "SOV_Descripcion de la Obra": null, "SOV_Nro. de Obra (interno)": 91195, "SOV_codigo_esquina": 8192, "SOV_nombre_cruce": "PSJE 3 (8192)" }, "geometry": { "type": "Point", "coordinates": [ -56.237019618161717, -34.802964962086151 ] } },
{ "type": "Feature", "properties": { "fid": 59388, "nom_calle": "CARLOS OTT", "cod_depto": 1, "cod_locali": 20, "gid": 106174374.0, "cod_nombre": 5340, "tipo": "PASAJE VEHICULAR", "x": "569852.4316336078", "y": "6148526.367122503", "id_geom": "569852.43163_6148526.36712", "layer": "start_point_ejes", "path": "C:/Users/imm/Desktop/Magda/abril/start_point_ejes.gpkg", "id_vertice": 59388, "id_geom_num": null, "SOV_Costo Unitario": null, "SOV_Unidad de la Tarea": "m2", "SOV_Nombre Tarea": "BACHEO ASFALTICO SUPERFICIAL", "SOV_Codigo de Tarea": 2, "SOV_Codigo de Calle Ppal.": 5340, "SOV_Descripción Modalidad": "CONTRATO", "SOV_Nombre Proveedor": null, "SOV_Nombre Cuadrilla": null, "SOV_Nombre de Unidad": "MANTENIMIENTO VIAL", "SOV_Codigo de Unidad": 425, "SOV_Costo de la Tarea": null, "SOV_Cantidad de la Tarea": 8.64, "SOV_Agrupador Tarea": 1.02, "SOV_Fecha de la Tarea": "15/01/2026", "SOV_Observaciones": null, "SOV_Plan de Obra": null, "SOV_Fecha Recepcion Definitiva": null, "SOV_Fecha Recepcion Provisoria": null, "SOV_Fecha de Fin": null, "SOV_Fecha de Inicio": "26/05/2025", "SOV_Proveedor": null, "SOV_Responsable": null, "SOV_Cuadrilla": null, "SOV_Unidad": 425, "SOV_Calle Principal": "OTT CARLOS", "SOV_CCZ": 12, "SOV_Resolucion": null, "SOV_Contrato": 2077, "SOV_Proyecto": null, "SOV_Modalidad": 1, "SOV_Descripcion de la Obra": null, "SOV_Nro. de Obra (interno)": 91159, "SOV_codigo_esquina": 8191, "SOV_nombre_cruce": "PSJE 1 (8191)" }, "geometry": { "type": "Point", "coordinates": [ -56.236340546782486, -34.803099753205714 ] } },
{ "type": "Feature", "properties": { "fid": 59392, "nom_calle": "CARLOS OTT", "cod_depto": 1, "cod_locali": 20, "gid": 106174378.0, "cod_nombre": 5340, "tipo": "PASAJE VEHICULAR", "x": "569814.2831839414", "y": "6148661.940383654", "id_geom": "569814.28318_6148661.94038", "layer": "start_point_ejes", "path": "C:/Users/imm/Desktop/Magda/abril/start_point_ejes.gpkg", "id_vertice": 59392, "id_geom_num": null, "SOV_Costo Unitario": null, "SOV_Unidad de la Tarea": "m2", "SOV_Nombre Tarea": "BACHEO ASFALTICO SUPERFICIAL", "SOV_Codigo de Tarea": 2, "SOV_Codigo de Calle Ppal.": 3918, "SOV_Descripción Modalidad": "CONTRATO", "SOV_Nombre Proveedor": null, "SOV_Nombre Cuadrilla": null, "SOV_Nombre de Unidad": "MANTENIMIENTO VIAL", "SOV_Codigo de Unidad": 425, "SOV_Costo de la Tarea": null, "SOV_Cantidad de la Tarea": 8.07, "SOV_Agrupador Tarea": 1.02, "SOV_Fecha de la Tarea": "13/01/2026", "SOV_Observaciones": null, "SOV_Plan de Obra": null, "SOV_Fecha Recepcion Definitiva": null, "SOV_Fecha Recepcion Provisoria": null, "SOV_Fecha de Fin": null, "SOV_Fecha de Inicio": "26/05/2025", "SOV_Proveedor": null, "SOV_Responsable": null, "SOV_Cuadrilla": null, "SOV_Unidad": 425, "SOV_Calle Principal": "AV LEZICA", "SOV_CCZ": 12, "SOV_Resolucion": null, "SOV_Contrato": 2077, "SOV_Proyecto": null, "SOV_Modalidad": 1, "SOV_Descripcion de la Obra": null, "SOV_Nro. de Obra (interno)": 91135, "SOV_codigo_esquina": 5340, "SOV_nombre_cruce": "OTT CARLOS" }, "geometry": { "type": "Point", "coordinates": [ -56.236768839102837, -34.801879914436235 ] } },
{ "type": "Feature", "properties": { "fid": 59400, "nom_calle": "CNO DEL APERO", "cod_depto": 1, "cod_locali": 20, "gid": 106174390.0, "cod_nombre": 2390, "tipo": "CALLE", "x": "569814.2831839414", "y": "6148661.940383654", "id_geom": "569814.28318_6148661.94038", "layer": "start_point_ejes", "path": "C:/Users/imm/Desktop/Magda/abril/start_point_ejes.gpkg", "id_vertice": 59400, "id_geom_num": null, "SOV_Costo Unitario": null, "SOV_Unidad de la Tarea": "m2", "SOV_Nombre Tarea": "BACHEO ASFALTICO SUPERFICIAL", "SOV_Codigo de Tarea": 2, "SOV_Codigo de Calle Ppal.": 3918, "SOV_Descripción Modalidad": "CONTRATO", "SOV_Nombre Proveedor": null, "SOV_Nombre Cuadrilla": null, "SOV_Nombre de Unidad": "MANTENIMIENTO VIAL", "SOV_Codigo de Unidad": 425, "SOV_Costo de la Tarea": null, "SOV_Cantidad de la Tarea": 8.07, "SOV_Agrupador Tarea": 1.02, "SOV_Fecha de la Tarea": "13/01/2026", "SOV_Observaciones": null, "SOV_Plan de Obra": null, "SOV_Fecha Recepcion Definitiva": null, "SOV_Fecha Recepcion Provisoria": null, "SOV_Fecha de Fin": null, "SOV_Fecha de Inicio": "26/05/2025", "SOV_Proveedor": null, "SOV_Responsable": null, "SOV_Cuadrilla": null, "SOV_Unidad": 425, "SOV_Calle Principal": "AV LEZICA", "SOV_CCZ": 12, "SOV_Resolucion": null, "SOV_Contrato": 2077, "SOV_Proyecto": null, "SOV_Modalidad": 1, "SOV_Descripcion de la Obra": null, "SOV_Nro. de Obra (interno)": 91135, "SOV_codigo_esquina": 5340, "SOV_nombre_cruce": "OTT CARLOS" }, "geometry": { "type": "Point", "coordinates": [ -56.236768839102837, -34.801879914436235 ] } },
{ "type": "Feature", "properties": { "fid": 59713, "nom_calle": "CNO FAUQUET", "cod_depto": 1, "cod_locali": 20, "gid": 106174753.0, "cod_nombre": 2670, "tipo": "CAMINO", "x": "569031.8113781045", "y": "6150025.95976449", "id_geom": "569031.81138_6150025.95976", "layer": "start_point_ejes", "path": "C:/Users/imm/Desktop/Magda/abril/start_point_ejes.gpkg", "id_vertice": 59713, "id_geom_num": null, "SOV_Costo Unitario": null, "SOV_Unidad de la Tarea": "m2", "SOV_Nombre Tarea": "BACHEO ASFALTICO SUPERFICIAL", "SOV_Codigo de Tarea": 2, "SOV_Codigo de Calle Ppal.": 2670, "SOV_Descripción Modalidad": "CONTRATO", "SOV_Nombre Proveedor": null, "SOV_Nombre Cuadrilla": null, "SOV_Nombre de Unidad": "MANTENIMIENTO VIAL", "SOV_Codigo de Unidad": 425, "SOV_Costo de la Tarea": null, "SOV_Cantidad de la Tarea": 72.97, "SOV_Agrupador Tarea": 1.02, "SOV_Fecha de la Tarea": "22/01/2026", "SOV_Observaciones": null, "SOV_Plan de Obra": null, "SOV_Fecha Recepcion Definitiva": null, "SOV_Fecha Recepcion Provisoria": null, "SOV_Fecha de Fin": null, "SOV_Fecha de Inicio": "26/05/2025", "SOV_Proveedor": null, "SOV_Responsable": null, "SOV_Cuadrilla": null, "SOV_Unidad": 425, "SOV_Calle Principal": "CNO FAUQUET", "SOV_CCZ": 12, "SOV_Resolucion": null, "SOV_Contrato": 2077, "SOV_Proyecto": null, "SOV_Modalidad": 1, "SOV_Descripcion de la Obra": "CALLES INTERNAS HOSP SAINT BOIS", "SOV_Nro. de Obra (interno)": 91266, "SOV_codigo_esquina": 5337, "SOV_nombre_cruce": "PEABODY" }, "geometry": { "type": "Point", "coordinates": [ -56.245434465169225, -34.789633949287285 ] } },
{ "type": "Feature", "properties": { "fid": 59750, "nom_calle": "AV LEZICA", "cod_depto": 1, "cod_locali": 20, "gid": 106174746.0, "cod_nombre": 3918, "tipo": "AVENIDA", "x": "568789.6375621202", "y": "6149283.558358638", "id_geom": "568789.63756_6149283.55836", "layer": "start_point_ejes", "path": "C:/Users/imm/Desktop/Magda/abril/start_point_ejes.gpkg", "id_vertice": 59750, "id_geom_num": null, "SOV_Costo Unitario": null, "SOV_Unidad de la Tarea": "m2", "SOV_Nombre Tarea": "BACHEO ASFALTICO SUPERFICIAL", "SOV_Codigo de Tarea": 2, "SOV_Codigo de Calle Ppal.": 3186, "SOV_Descripción Modalidad": "CONTRATO", "SOV_Nombre Proveedor": null, "SOV_Nombre Cuadrilla": null, "SOV_Nombre de Unidad": "MANTENIMIENTO VIAL", "SOV_Codigo de Unidad": 425, "SOV_Costo de la Tarea": null, "SOV_Cantidad de la Tarea": 8.91, "SOV_Agrupador Tarea": 1.02, "SOV_Fecha de la Tarea": "21/01/2026", "SOV_Observaciones": null, "SOV_Plan de Obra": null, "SOV_Fecha Recepcion Definitiva": null, "SOV_Fecha Recepcion Provisoria": null, "SOV_Fecha de Fin": null, "SOV_Fecha de Inicio": "26/05/2025", "SOV_Proveedor": null, "SOV_Responsable": null, "SOV_Cuadrilla": null, "SOV_Unidad": 425, "SOV_Calle Principal": "GUANAHANY", "SOV_CCZ": 12, "SOV_Resolucion": null, "SOV_Contrato": 2077, "SOV_Proyecto": null, "SOV_Modalidad": 1, "SOV_Descripcion de la Obra": null, "SOV_Nro. de Obra (interno)": 91229, "SOV_codigo_esquina": 3918, "SOV_nombre_cruce": "AV LEZICA" }, "geometry": { "type": "Point", "coordinates": [ -56.24802061850373, -34.796344541400721 ] } },
{ "type": "Feature", "properties": { "fid": 61586, "nom_calle": "CNO SANFUENTES", "cod_depto": 1, "cod_locali": 20, "gid": 106176713.0, "cod_nombre": 2829, "tipo": "CAMINO", "x": "566731.21058968", "y": "6140830.828461871", "id_geom": "566731.21059_6140830.82846", "layer": "start_point_ejes", "path": "C:/Users/imm/Desktop/Magda/abril/start_point_ejes.gpkg", "id_vertice": 61586, "id_geom_num": null, "SOV_Costo Unitario": null, "SOV_Unidad de la Tarea": "m2", "SOV_Nombre Tarea": "BACHEO ASFALTICO PROFUNDO", "SOV_Codigo de Tarea": 1, "SOV_Codigo de Calle Ppal.": 6595, "SOV_Descripción Modalidad": "CONTRATO", "SOV_Nombre Proveedor": null, "SOV_Nombre Cuadrilla": null, "SOV_Nombre de Unidad": "MANTENIMIENTO VIAL", "SOV_Codigo de Unidad": 425, "SOV_Costo de la Tarea": null, "SOV_Cantidad de la Tarea": 42.67, "SOV_Agrupador Tarea": 1.01, "SOV_Fecha de la Tarea": "23/01/2026", "SOV_Observaciones": null, "SOV_Plan de Obra": null, "SOV_Fecha Recepcion Definitiva": null, "SOV_Fecha Recepcion Provisoria": null, "SOV_Fecha de Fin": null, "SOV_Fecha de Inicio": "26/05/2025", "SOV_Proveedor": null, "SOV_Responsable": null, "SOV_Cuadrilla": null, "SOV_Unidad": 425, "SOV_Calle Principal": "SURINAM", "SOV_CCZ": 17, "SOV_Resolucion": null, "SOV_Contrato": 2077, "SOV_Proyecto": null, "SOV_Modalidad": 1, "SOV_Descripcion de la Obra": null, "SOV_Nro. de Obra (interno)": 91260, "SOV_codigo_esquina": 2829, "SOV_nombre_cruce": "CNO SANFUENTES" }, "geometry": { "type": "Point", "coordinates": [ -56.269848232495278, -34.872699358737002 ] } },
{ "type": "Feature", "properties": { "fid": 63309, "nom_calle": "BURDEOS", "cod_depto": 1, "cod_locali": 20, "gid": 106178547.0, "cod_nombre": 1173, "tipo": "CALLE", "x": "566608.5519046471", "y": "6139944.7616399815", "id_geom": "566608.5519_6139944.76164", "layer": "start_point_ejes", "path": "C:/Users/imm/Desktop/Magda/abril/start_point_ejes.gpkg", "id_vertice": 63309, "id_geom_num": null, "SOV_Costo Unitario": null, "SOV_Unidad de la Tarea": "m2", "SOV_Nombre Tarea": "BACHEO ASFALTICO SUPERFICIAL", "SOV_Codigo de Tarea": 2, "SOV_Codigo de Calle Ppal.": 3923, "SOV_Descripción Modalidad": "CONTRATO", "SOV_Nombre Proveedor": null, "SOV_Nombre Cuadrilla": null, "SOV_Nombre de Unidad": "MANTENIMIENTO VIAL", "SOV_Codigo de Unidad": 425, "SOV_Costo de la Tarea": null, "SOV_Cantidad de la Tarea": 44.36, "SOV_Agrupador Tarea": 1.02, "SOV_Fecha de la Tarea": "22/01/2026", "SOV_Observaciones": null, "SOV_Plan de Obra": null, "SOV_Fecha Recepcion Definitiva": null, "SOV_Fecha Recepcion Provisoria": null, "SOV_Fecha de Fin": null, "SOV_Fecha de Inicio": "26/05/2025", "SOV_Proveedor": null, "SOV_Responsable": null, "SOV_Cuadrilla": null, "SOV_Unidad": 425, "SOV_Calle Principal": "LIBERIA", "SOV_CCZ": 17, "SOV_Resolucion": null, "SOV_Contrato": 2077, "SOV_Proyecto": null, "SOV_Modalidad": 1, "SOV_Descripcion de la Obra": null, "SOV_Nro. de Obra (interno)": 91226, "SOV_codigo_esquina": 1173, "SOV_nombre_cruce": "BURDEOS" }, "geometry": { "type": "Point", "coordinates": [ -56.271119705701182, -34.880696980222972 ] } },
{ "type": "Feature", "properties": { "fid": 63781, "nom_calle": "GUINEA", "cod_depto": 1, "cod_locali": 20, "gid": 106179030.0, "cod_nombre": 3256, "tipo": "CALLE", "x": "566844.8049874487", "y": "6139189.495633151", "id_geom": "566844.80499_6139189.49563", "layer": "start_point_ejes", "path": "C:/Users/imm/Desktop/Magda/abril/start_point_ejes.gpkg", "id_vertice": 63781, "id_geom_num": null, "SOV_Costo Unitario": null, "SOV_Unidad de la Tarea": "m2", "SOV_Nombre Tarea": "BACHEO ASFALTICO SUPERFICIAL", "SOV_Codigo de Tarea": 2, "SOV_Codigo de Calle Ppal.": 2648, "SOV_Descripción Modalidad": "CONTRATO", "SOV_Nombre Proveedor": null, "SOV_Nombre Cuadrilla": null, "SOV_Nombre de Unidad": "MANTENIMIENTO VIAL", "SOV_Codigo de Unidad": 425, "SOV_Costo de la Tarea": null, "SOV_Cantidad de la Tarea": 54.21, "SOV_Agrupador Tarea": 1.02, "SOV_Fecha de la Tarea": "16/01/2026", "SOV_Observaciones": null, "SOV_Plan de Obra": null, "SOV_Fecha Recepcion Definitiva": null, "SOV_Fecha Recepcion Provisoria": null, "SOV_Fecha de Fin": null, "SOV_Fecha de Inicio": "26/05/2025", "SOV_Proveedor": null, "SOV_Responsable": null, "SOV_Cuadrilla": null, "SOV_Unidad": 425, "SOV_Calle Principal": "ETIOPIA", "SOV_CCZ": 17, "SOV_Resolucion": null, "SOV_Contrato": 2077, "SOV_Proyecto": null, "SOV_Modalidad": 1, "SOV_Descripcion de la Obra": null, "SOV_Nro. de Obra (interno)": 91168, "SOV_codigo_esquina": 3256, "SOV_nombre_cruce": "GUINEA" }, "geometry": { "type": "Point", "coordinates": [ -56.268474287816801, -34.887491594915431 ] } },
{ "type": "Feature", "properties": { "fid": 63798, "nom_calle": "CALLE 10 (LIBERIA)", "cod_depto": 1, "cod_locali": 20, "gid": 106179048.0, "cod_nombre": 1398, "tipo": "CALLE", "x": "566608.5519046471", "y": "6139944.7616399815", "id_geom": "566608.5519_6139944.76164", "layer": "start_point_ejes", "path": "C:/Users/imm/Desktop/Magda/abril/start_point_ejes.gpkg", "id_vertice": 63798, "id_geom_num": null, "SOV_Costo Unitario": null, "SOV_Unidad de la Tarea": "m2", "SOV_Nombre Tarea": "BACHEO ASFALTICO SUPERFICIAL", "SOV_Codigo de Tarea": 2, "SOV_Codigo de Calle Ppal.": 3923, "SOV_Descripción Modalidad": "CONTRATO", "SOV_Nombre Proveedor": null, "SOV_Nombre Cuadrilla": null, "SOV_Nombre de Unidad": "MANTENIMIENTO VIAL", "SOV_Codigo de Unidad": 425, "SOV_Costo de la Tarea": null, "SOV_Cantidad de la Tarea": 44.36, "SOV_Agrupador Tarea": 1.02, "SOV_Fecha de la Tarea": "22/01/2026", "SOV_Observaciones": null, "SOV_Plan de Obra": null, "SOV_Fecha Recepcion Definitiva": null, "SOV_Fecha Recepcion Provisoria": null, "SOV_Fecha de Fin": null, "SOV_Fecha de Inicio": "26/05/2025", "SOV_Proveedor": null, "SOV_Responsable": null, "SOV_Cuadrilla": null, "SOV_Unidad": 425, "SOV_Calle Principal": "LIBERIA", "SOV_CCZ": 17, "SOV_Resolucion": null, "SOV_Contrato": 2077, "SOV_Proyecto": null, "SOV_Modalidad": 1, "SOV_Descripcion de la Obra": null, "SOV_Nro. de Obra (interno)": 91226, "SOV_codigo_esquina": 1173, "SOV_nombre_cruce": "BURDEOS" }, "geometry": { "type": "Point", "coordinates": [ -56.271119705701182, -34.880696980222972 ] } },
{ "type": "Feature", "properties": { "fid": 63801, "nom_calle": "ETIOPIA", "cod_depto": 1, "cod_locali": 20, "gid": 106179051.0, "cod_nombre": 2648, "tipo": "CALLE", "x": "566844.8049874487", "y": "6139189.495633151", "id_geom": "566844.80499_6139189.49563", "layer": "start_point_ejes", "path": "C:/Users/imm/Desktop/Magda/abril/start_point_ejes.gpkg", "id_vertice": 63801, "id_geom_num": null, "SOV_Costo Unitario": null, "SOV_Unidad de la Tarea": "m2", "SOV_Nombre Tarea": "BACHEO ASFALTICO SUPERFICIAL", "SOV_Codigo de Tarea": 2, "SOV_Codigo de Calle Ppal.": 2648, "SOV_Descripción Modalidad": "CONTRATO", "SOV_Nombre Proveedor": null, "SOV_Nombre Cuadrilla": null, "SOV_Nombre de Unidad": "MANTENIMIENTO VIAL", "SOV_Codigo de Unidad": 425, "SOV_Costo de la Tarea": null, "SOV_Cantidad de la Tarea": 54.21, "SOV_Agrupador Tarea": 1.02, "SOV_Fecha de la Tarea": "16/01/2026", "SOV_Observaciones": null, "SOV_Plan de Obra": null, "SOV_Fecha Recepcion Definitiva": null, "SOV_Fecha Recepcion Provisoria": null, "SOV_Fecha de Fin": null, "SOV_Fecha de Inicio": "26/05/2025", "SOV_Proveedor": null, "SOV_Responsable": null, "SOV_Cuadrilla": null, "SOV_Unidad": 425, "SOV_Calle Principal": "ETIOPIA", "SOV_CCZ": 17, "SOV_Resolucion": null, "SOV_Contrato": 2077, "SOV_Proyecto": null, "SOV_Modalidad": 1, "SOV_Descripcion de la Obra": null, "SOV_Nro. de Obra (interno)": 91168, "SOV_codigo_esquina": 3256, "SOV_nombre_cruce": "GUINEA" }, "geometry": { "type": "Point", "coordinates": [ -56.268474287816801, -34.887491594915431 ] } },
{ "type": "Feature", "properties": { "fid": 63942, "nom_calle": "GUINEA", "cod_depto": 1, "cod_locali": 20, "gid": 106179193.0, "cod_nombre": 3256, "tipo": "CALLE", "x": "566844.8049874487", "y": "6139189.495633151", "id_geom": "566844.80499_6139189.49563", "layer": "start_point_ejes", "path": "C:/Users/imm/Desktop/Magda/abril/start_point_ejes.gpkg", "id_vertice": 63942, "id_geom_num": null, "SOV_Costo Unitario": null, "SOV_Unidad de la Tarea": "m2", "SOV_Nombre Tarea": "BACHEO ASFALTICO SUPERFICIAL", "SOV_Codigo de Tarea": 2, "SOV_Codigo de Calle Ppal.": 2648, "SOV_Descripción Modalidad": "CONTRATO", "SOV_Nombre Proveedor": null, "SOV_Nombre Cuadrilla": null, "SOV_Nombre de Unidad": "MANTENIMIENTO VIAL", "SOV_Codigo de Unidad": 425, "SOV_Costo de la Tarea": null, "SOV_Cantidad de la Tarea": 54.21, "SOV_Agrupador Tarea": 1.02, "SOV_Fecha de la Tarea": "16/01/2026", "SOV_Observaciones": null, "SOV_Plan de Obra": null, "SOV_Fecha Recepcion Definitiva": null, "SOV_Fecha Recepcion Provisoria": null, "SOV_Fecha de Fin": null, "SOV_Fecha de Inicio": "26/05/2025", "SOV_Proveedor": null, "SOV_Responsable": null, "SOV_Cuadrilla": null, "SOV_Unidad": 425, "SOV_Calle Principal": "ETIOPIA", "SOV_CCZ": 17, "SOV_Resolucion": null, "SOV_Contrato": 2077, "SOV_Proyecto": null, "SOV_Modalidad": 1, "SOV_Descripcion de la Obra": null, "SOV_Nro. de Obra (interno)": 91168, "SOV_codigo_esquina": 3256, "SOV_nombre_cruce": "GUINEA" }, "geometry": { "type": "Point", "coordinates": [ -56.268474287816801, -34.887491594915431 ] } },
{ "type": "Feature", "properties": { "fid": 63985, "nom_calle": "MADAGASCAR", "cod_depto": 1, "cod_locali": 20, "gid": 106179237.0, "cod_nombre": 1422, "tipo": "CALLE", "x": "566000.26513857", "y": "6139048.6009919355", "id_geom": "566000.26514_6139048.60099", "layer": "start_point_ejes", "path": "C:/Users/imm/Desktop/Magda/abril/start_point_ejes.gpkg", "id_vertice": 63985, "id_geom_num": null, "SOV_Costo Unitario": null, "SOV_Unidad de la Tarea": "m2", "SOV_Nombre Tarea": "BACHEO ASFALTICO SUPERFICIAL", "SOV_Codigo de Tarea": 2, "SOV_Codigo de Calle Ppal.": 2648, "SOV_Descripción Modalidad": "CONTRATO", "SOV_Nombre Proveedor": null, "SOV_Nombre Cuadrilla": null, "SOV_Nombre de Unidad": "MANTENIMIENTO VIAL", "SOV_Codigo de Unidad": 425, "SOV_Costo de la Tarea": null, "SOV_Cantidad de la Tarea": 14.12, "SOV_Agrupador Tarea": 1.02, "SOV_Fecha de la Tarea": "16/01/2026", "SOV_Observaciones": null, "SOV_Plan de Obra": null, "SOV_Fecha Recepcion Definitiva": null, "SOV_Fecha Recepcion Provisoria": null, "SOV_Fecha de Fin": null, "SOV_Fecha de Inicio": "26/05/2025", "SOV_Proveedor": null, "SOV_Responsable": null, "SOV_Cuadrilla": null, "SOV_Unidad": 425, "SOV_Calle Principal": "ETIOPIA", "SOV_CCZ": 17, "SOV_Resolucion": null, "SOV_Contrato": 2077, "SOV_Proyecto": null, "SOV_Modalidad": 1, "SOV_Descripcion de la Obra": null, "SOV_Nro. de Obra (interno)": 91169, "SOV_codigo_esquina": 1422, "SOV_nombre_cruce": "MADAGASCAR" }, "geometry": { "type": "Point", "coordinates": [ -56.277704857560046, -34.888817288227322 ] } },
{ "type": "Feature", "properties": { "fid": 63986, "nom_calle": "ETIOPIA", "cod_depto": 1, "cod_locali": 20, "gid": 106179238.0, "cod_nombre": 2648, "tipo": "CALLE", "x": "566000.26513857", "y": "6139048.6009919355", "id_geom": "566000.26514_6139048.60099", "layer": "start_point_ejes", "path": "C:/Users/imm/Desktop/Magda/abril/start_point_ejes.gpkg", "id_vertice": 63986, "id_geom_num": null, "SOV_Costo Unitario": null, "SOV_Unidad de la Tarea": "m2", "SOV_Nombre Tarea": "BACHEO ASFALTICO SUPERFICIAL", "SOV_Codigo de Tarea": 2, "SOV_Codigo de Calle Ppal.": 2648, "SOV_Descripción Modalidad": "CONTRATO", "SOV_Nombre Proveedor": null, "SOV_Nombre Cuadrilla": null, "SOV_Nombre de Unidad": "MANTENIMIENTO VIAL", "SOV_Codigo de Unidad": 425, "SOV_Costo de la Tarea": null, "SOV_Cantidad de la Tarea": 14.12, "SOV_Agrupador Tarea": 1.02, "SOV_Fecha de la Tarea": "16/01/2026", "SOV_Observaciones": null, "SOV_Plan de Obra": null, "SOV_Fecha Recepcion Definitiva": null, "SOV_Fecha Recepcion Provisoria": null, "SOV_Fecha de Fin": null, "SOV_Fecha de Inicio": "26/05/2025", "SOV_Proveedor": null, "SOV_Responsable": null, "SOV_Cuadrilla": null, "SOV_Unidad": 425, "SOV_Calle Principal": "ETIOPIA", "SOV_CCZ": 17, "SOV_Resolucion": null, "SOV_Contrato": 2077, "SOV_Proyecto": null, "SOV_Modalidad": 1, "SOV_Descripcion de la Obra": null, "SOV_Nro. de Obra (interno)": 91169, "SOV_codigo_esquina": 1422, "SOV_nombre_cruce": "MADAGASCAR" }, "geometry": { "type": "Point", "coordinates": [ -56.277704857560046, -34.888817288227322 ] } },
{ "type": "Feature", "properties": { "fid": 63987, "nom_calle": "ETIOPIA", "cod_depto": 1, "cod_locali": 20, "gid": 106179239.0, "cod_nombre": 2648, "tipo": "CALLE", "x": "566000.26513857", "y": "6139048.6009919355", "id_geom": "566000.26514_6139048.60099", "layer": "start_point_ejes", "path": "C:/Users/imm/Desktop/Magda/abril/start_point_ejes.gpkg", "id_vertice": 63987, "id_geom_num": null, "SOV_Costo Unitario": null, "SOV_Unidad de la Tarea": "m2", "SOV_Nombre Tarea": "BACHEO ASFALTICO SUPERFICIAL", "SOV_Codigo de Tarea": 2, "SOV_Codigo de Calle Ppal.": 2648, "SOV_Descripción Modalidad": "CONTRATO", "SOV_Nombre Proveedor": null, "SOV_Nombre Cuadrilla": null, "SOV_Nombre de Unidad": "MANTENIMIENTO VIAL", "SOV_Codigo de Unidad": 425, "SOV_Costo de la Tarea": null, "SOV_Cantidad de la Tarea": 14.12, "SOV_Agrupador Tarea": 1.02, "SOV_Fecha de la Tarea": "16/01/2026", "SOV_Observaciones": null, "SOV_Plan de Obra": null, "SOV_Fecha Recepcion Definitiva": null, "SOV_Fecha Recepcion Provisoria": null, "SOV_Fecha de Fin": null, "SOV_Fecha de Inicio": "26/05/2025", "SOV_Proveedor": null, "SOV_Responsable": null, "SOV_Cuadrilla": null, "SOV_Unidad": 425, "SOV_Calle Principal": "ETIOPIA", "SOV_CCZ": 17, "SOV_Resolucion": null, "SOV_Contrato": 2077, "SOV_Proyecto": null, "SOV_Modalidad": 1, "SOV_Descripcion de la Obra": null, "SOV_Nro. de Obra (interno)": 91169, "SOV_codigo_esquina": 1422, "SOV_nombre_cruce": "MADAGASCAR" }, "geometry": { "type": "Point", "coordinates": [ -56.277704857560046, -34.888817288227322 ] } },
{ "type": "Feature", "properties": { "fid": 63988, "nom_calle": "MADAGASCAR", "cod_depto": 1, "cod_locali": 20, "gid": 106179240.0, "cod_nombre": 1422, "tipo": "CALLE", "x": "566000.26513857", "y": "6139048.6009919355", "id_geom": "566000.26514_6139048.60099", "layer": "start_point_ejes", "path": "C:/Users/imm/Desktop/Magda/abril/start_point_ejes.gpkg", "id_vertice": 63988, "id_geom_num": null, "SOV_Costo Unitario": null, "SOV_Unidad de la Tarea": "m2", "SOV_Nombre Tarea": "BACHEO ASFALTICO SUPERFICIAL", "SOV_Codigo de Tarea": 2, "SOV_Codigo de Calle Ppal.": 2648, "SOV_Descripción Modalidad": "CONTRATO", "SOV_Nombre Proveedor": null, "SOV_Nombre Cuadrilla": null, "SOV_Nombre de Unidad": "MANTENIMIENTO VIAL", "SOV_Codigo de Unidad": 425, "SOV_Costo de la Tarea": null, "SOV_Cantidad de la Tarea": 14.12, "SOV_Agrupador Tarea": 1.02, "SOV_Fecha de la Tarea": "16/01/2026", "SOV_Observaciones": null, "SOV_Plan de Obra": null, "SOV_Fecha Recepcion Definitiva": null, "SOV_Fecha Recepcion Provisoria": null, "SOV_Fecha de Fin": null, "SOV_Fecha de Inicio": "26/05/2025", "SOV_Proveedor": null, "SOV_Responsable": null, "SOV_Cuadrilla": null, "SOV_Unidad": 425, "SOV_Calle Principal": "ETIOPIA", "SOV_CCZ": 17, "SOV_Resolucion": null, "SOV_Contrato": 2077, "SOV_Proyecto": null, "SOV_Modalidad": 1, "SOV_Descripcion de la Obra": null, "SOV_Nro. de Obra (interno)": 91169, "SOV_codigo_esquina": 1422, "SOV_nombre_cruce": "MADAGASCAR" }, "geometry": { "type": "Point", "coordinates": [ -56.277704857560046, -34.888817288227322 ] } },
{ "type": "Feature", "properties": { "fid": 64046, "nom_calle": "UCRANIA", "cod_depto": 1, "cod_locali": 20, "gid": 106179298.0, "cod_nombre": 7021, "tipo": "CALLE", "x": "567028.7265725565", "y": "6139220.436391262", "id_geom": "567028.72657_6139220.43639", "layer": "start_point_ejes", "path": "C:/Users/imm/Desktop/Magda/abril/start_point_ejes.gpkg", "id_vertice": 64046, "id_geom_num": null, "SOV_Costo Unitario": null, "SOV_Unidad de la Tarea": "m2", "SOV_Nombre Tarea": "BACHEOS EN HORMIGON VISTO", "SOV_Codigo de Tarea": 4, "SOV_Codigo de Calle Ppal.": 7021, "SOV_Descripción Modalidad": "ADMINISTRACION", "SOV_Nombre Proveedor": null, "SOV_Nombre Cuadrilla": "CUADRILLA 8", "SOV_Nombre de Unidad": "MANTENIMIENTO VIAL", "SOV_Codigo de Unidad": 425, "SOV_Costo de la Tarea": null, "SOV_Cantidad de la Tarea": 480.0, "SOV_Agrupador Tarea": 1.04, "SOV_Fecha de la Tarea": "26/01/2026", "SOV_Observaciones": null, "SOV_Plan de Obra": null, "SOV_Fecha Recepcion Definitiva": null, "SOV_Fecha Recepcion Provisoria": null, "SOV_Fecha de Fin": "31/01/2026", "SOV_Fecha de Inicio": "01/01/2026", "SOV_Proveedor": null, "SOV_Responsable": null, "SOV_Cuadrilla": 2.0, "SOV_Unidad": 425, "SOV_Calle Principal": "UCRANIA", "SOV_CCZ": 17, "SOV_Resolucion": null, "SOV_Contrato": null, "SOV_Proyecto": null, "SOV_Modalidad": 3, "SOV_Descripcion de la Obra": null, "SOV_Nro. de Obra (interno)": 91389, "SOV_codigo_esquina": 2648, "SOV_nombre_cruce": "ETIOPIA" }, "geometry": { "type": "Point", "coordinates": [ -56.266464141084839, -34.887200478242491 ] } },
{ "type": "Feature", "properties": { "fid": 64757, "nom_calle": "CNO FAUQUET", "cod_depto": 1, "cod_locali": 20, "gid": 106180068.0, "cod_nombre": 2670, "tipo": "CAMINO", "x": "569031.8113781045", "y": "6150025.95976449", "id_geom": "569031.81138_6150025.95976", "layer": "start_point_ejes", "path": "C:/Users/imm/Desktop/Magda/abril/start_point_ejes.gpkg", "id_vertice": 64757, "id_geom_num": null, "SOV_Costo Unitario": null, "SOV_Unidad de la Tarea": "m2", "SOV_Nombre Tarea": "BACHEO ASFALTICO SUPERFICIAL", "SOV_Codigo de Tarea": 2, "SOV_Codigo de Calle Ppal.": 2670, "SOV_Descripción Modalidad": "CONTRATO", "SOV_Nombre Proveedor": null, "SOV_Nombre Cuadrilla": null, "SOV_Nombre de Unidad": "MANTENIMIENTO VIAL", "SOV_Codigo de Unidad": 425, "SOV_Costo de la Tarea": null, "SOV_Cantidad de la Tarea": 72.97, "SOV_Agrupador Tarea": 1.02, "SOV_Fecha de la Tarea": "22/01/2026", "SOV_Observaciones": null, "SOV_Plan de Obra": null, "SOV_Fecha Recepcion Definitiva": null, "SOV_Fecha Recepcion Provisoria": null, "SOV_Fecha de Fin": null, "SOV_Fecha de Inicio": "26/05/2025", "SOV_Proveedor": null, "SOV_Responsable": null, "SOV_Cuadrilla": null, "SOV_Unidad": 425, "SOV_Calle Principal": "CNO FAUQUET", "SOV_CCZ": 12, "SOV_Resolucion": null, "SOV_Contrato": 2077, "SOV_Proyecto": null, "SOV_Modalidad": 1, "SOV_Descripcion de la Obra": "CALLES INTERNAS HOSP SAINT BOIS", "SOV_Nro. de Obra (interno)": 91266, "SOV_codigo_esquina": 5337, "SOV_nombre_cruce": "PEABODY" }, "geometry": { "type": "Point", "coordinates": [ -56.245434465169225, -34.789633949287285 ] } },
{ "type": "Feature", "properties": { "fid": 64872, "nom_calle": "CNO A LA CUCHILLA PEREIRA", "cod_depto": 1, "cod_locali": 20, "gid": 106180195.0, "cod_nombre": 2269, "tipo": "CAMINO", "x": "570847.0862927776", "y": "6151465.692554377", "id_geom": "570847.08629_6151465.69255", "layer": "start_point_ejes", "path": "C:/Users/imm/Desktop/Magda/abril/start_point_ejes.gpkg", "id_vertice": 64872, "id_geom_num": null, "SOV_Costo Unitario": null, "SOV_Unidad de la Tarea": "m2", "SOV_Nombre Tarea": "BACHEO ASFALTICO SUPERFICIAL", "SOV_Codigo de Tarea": 2, "SOV_Codigo de Calle Ppal.": 3270, "SOV_Descripción Modalidad": "CONTRATO", "SOV_Nombre Proveedor": null, "SOV_Nombre Cuadrilla": null, "SOV_Nombre de Unidad": "MANTENIMIENTO VIAL", "SOV_Codigo de Unidad": 425, "SOV_Costo de la Tarea": null, "SOV_Cantidad de la Tarea": 11.69, "SOV_Agrupador Tarea": 1.02, "SOV_Fecha de la Tarea": "19/01/2026", "SOV_Observaciones": null, "SOV_Plan de Obra": null, "SOV_Fecha Recepcion Definitiva": null, "SOV_Fecha Recepcion Provisoria": null, "SOV_Fecha de Fin": null, "SOV_Fecha de Inicio": "26/05/2025", "SOV_Proveedor": null, "SOV_Responsable": null, "SOV_Cuadrilla": null, "SOV_Unidad": 425, "SOV_Calle Principal": "AV CESAR MAYO GUTIERREZ", "SOV_CCZ": 12, "SOV_Resolucion": null, "SOV_Contrato": 2077, "SOV_Proyecto": null, "SOV_Modalidad": 1, "SOV_Descripcion de la Obra": null, "SOV_Nro. de Obra (interno)": 91185, "SOV_codigo_esquina": 2269, "SOV_nombre_cruce": "CNO  A LA CUCHILLA PEREIRA" }, "geometry": { "type": "Point", "coordinates": [ -56.225715156876682, -34.77652735025378 ] } },
{ "type": "Feature", "properties": { "fid": 64873, "nom_calle": "AV CESAR MAYO GUTIERREZ", "cod_depto": 1, "cod_locali": 20, "gid": 106180196.0, "cod_nombre": 3270, "tipo": "AVENIDA", "x": "570847.0862927776", "y": "6151465.692554377", "id_geom": "570847.08629_6151465.69255", "layer": "start_point_ejes", "path": "C:/Users/imm/Desktop/Magda/abril/start_point_ejes.gpkg", "id_vertice": 64873, "id_geom_num": null, "SOV_Costo Unitario": null, "SOV_Unidad de la Tarea": "m2", "SOV_Nombre Tarea": "BACHEO ASFALTICO SUPERFICIAL", "SOV_Codigo de Tarea": 2, "SOV_Codigo de Calle Ppal.": 3270, "SOV_Descripción Modalidad": "CONTRATO", "SOV_Nombre Proveedor": null, "SOV_Nombre Cuadrilla": null, "SOV_Nombre de Unidad": "MANTENIMIENTO VIAL", "SOV_Codigo de Unidad": 425, "SOV_Costo de la Tarea": null, "SOV_Cantidad de la Tarea": 11.69, "SOV_Agrupador Tarea": 1.02, "SOV_Fecha de la Tarea": "19/01/2026", "SOV_Observaciones": null, "SOV_Plan de Obra": null, "SOV_Fecha Recepcion Definitiva": null, "SOV_Fecha Recepcion Provisoria": null, "SOV_Fecha de Fin": null, "SOV_Fecha de Inicio": "26/05/2025", "SOV_Proveedor": null, "SOV_Responsable": null, "SOV_Cuadrilla": null, "SOV_Unidad": 425, "SOV_Calle Principal": "AV CESAR MAYO GUTIERREZ", "SOV_CCZ": 12, "SOV_Resolucion": null, "SOV_Contrato": 2077, "SOV_Proyecto": null, "SOV_Modalidad": 1, "SOV_Descripcion de la Obra": null, "SOV_Nro. de Obra (interno)": 91185, "SOV_codigo_esquina": 2269, "SOV_nombre_cruce": "CNO  A LA CUCHILLA PEREIRA" }, "geometry": { "type": "Point", "coordinates": [ -56.225715156876682, -34.77652735025378 ] } },
{ "type": "Feature", "properties": { "fid": 65857, "nom_calle": "CNO AL OBELISCO", "cod_depto": 1, "cod_locali": 20, "gid": 106181366.0, "cod_nombre": 203, "tipo": "CAMINO", "x": "575273.4364097632", "y": "6155396.4848286165", "id_geom": "575273.43641_6155396.48483", "layer": "start_point_ejes", "path": "C:/Users/imm/Desktop/Magda/abril/start_point_ejes.gpkg", "id_vertice": 65857, "id_geom_num": null, "SOV_Costo Unitario": null, "SOV_Unidad de la Tarea": "m2", "SOV_Nombre Tarea": "BACHEO ASFALTICO SUPERFICIAL", "SOV_Codigo de Tarea": 2, "SOV_Codigo de Calle Ppal.": 203, "SOV_Descripción Modalidad": "CONTRATO", "SOV_Nombre Proveedor": null, "SOV_Nombre Cuadrilla": null, "SOV_Nombre de Unidad": "MANTENIMIENTO VIAL", "SOV_Codigo de Unidad": 425, "SOV_Costo de la Tarea": null, "SOV_Cantidad de la Tarea": 8.95, "SOV_Agrupador Tarea": 1.02, "SOV_Fecha de la Tarea": "19/01/2026", "SOV_Observaciones": null, "SOV_Plan de Obra": null, "SOV_Fecha Recepcion Definitiva": null, "SOV_Fecha Recepcion Provisoria": null, "SOV_Fecha de Fin": null, "SOV_Fecha de Inicio": "26/05/2025", "SOV_Proveedor": null, "SOV_Responsable": null, "SOV_Cuadrilla": null, "SOV_Unidad": 425, "SOV_Calle Principal": "CNO AL OBELISCO", "SOV_CCZ": 12, "SOV_Resolucion": null, "SOV_Contrato": 2077, "SOV_Proyecto": null, "SOV_Modalidad": 1, "SOV_Descripcion de la Obra": null, "SOV_Nro. de Obra (interno)": 91184, "SOV_codigo_esquina": 2269, "SOV_nombre_cruce": "CNO  A LA CUCHILLA PEREIRA" }, "geometry": { "type": "Point", "coordinates": [ -56.177695545143123, -34.740766643702102 ] } },
{ "type": "Feature", "properties": { "fid": 66113, "nom_calle": "PILAR COSTA", "cod_depto": 1, "cod_locali": 20, "gid": 106159770.0, "cod_nombre": 2211, "tipo": "CALLE", "x": "571588.37073963", "y": "6142331.516201231", "id_geom": "571588.37074_6142331.5162", "layer": "start_point_ejes", "path": "C:/Users/imm/Desktop/Magda/abril/start_point_ejes.gpkg", "id_vertice": 66113, "id_geom_num": null, "SOV_Costo Unitario": null, "SOV_Unidad de la Tarea": "m2", "SOV_Nombre Tarea": "BACHEO ASFALTICO SUPERFICIAL", "SOV_Codigo de Tarea": 2, "SOV_Codigo de Calle Ppal.": 126, "SOV_Descripción Modalidad": "CONTRATO", "SOV_Nombre Proveedor": null, "SOV_Nombre Cuadrilla": null, "SOV_Nombre de Unidad": "MANTENIMIENTO VIAL", "SOV_Codigo de Unidad": 425, "SOV_Costo de la Tarea": null, "SOV_Cantidad de la Tarea": 6.27, "SOV_Agrupador Tarea": 1.02, "SOV_Fecha de la Tarea": "26/01/2026", "SOV_Observaciones": null, "SOV_Plan de Obra": null, "SOV_Fecha Recepcion Definitiva": null, "SOV_Fecha Recepcion Provisoria": null, "SOV_Fecha de Fin": null, "SOV_Fecha de Inicio": "26/05/2025", "SOV_Proveedor": null, "SOV_Responsable": null, "SOV_Cuadrilla": null, "SOV_Unidad": 425, "SOV_Calle Principal": "AV AGRACIADA", "SOV_CCZ": 14, "SOV_Resolucion": null, "SOV_Contrato": 2077, "SOV_Proyecto": null, "SOV_Modalidad": 1, "SOV_Descripcion de la Obra": null, "SOV_Nro. de Obra (interno)": 91219, "SOV_codigo_esquina": 2211, "SOV_nombre_cruce": "PILAR COSTA" }, "geometry": { "type": "Point", "coordinates": [ -56.216835278780124, -34.858837224545809 ] } },
{ "type": "Feature", "properties": { "fid": 66552, "nom_calle": "CNO SANFUENTES", "cod_depto": 1, "cod_locali": 20, "gid": 106178695.0, "cod_nombre": 2829, "tipo": "CAMINO", "x": "566731.21058968", "y": "6140830.828461871", "id_geom": "566731.21059_6140830.82846", "layer": "start_point_ejes", "path": "C:/Users/imm/Desktop/Magda/abril/start_point_ejes.gpkg", "id_vertice": 66552, "id_geom_num": null, "SOV_Costo Unitario": null, "SOV_Unidad de la Tarea": "m2", "SOV_Nombre Tarea": "BACHEO ASFALTICO PROFUNDO", "SOV_Codigo de Tarea": 1, "SOV_Codigo de Calle Ppal.": 6595, "SOV_Descripción Modalidad": "CONTRATO", "SOV_Nombre Proveedor": null, "SOV_Nombre Cuadrilla": null, "SOV_Nombre de Unidad": "MANTENIMIENTO VIAL", "SOV_Codigo de Unidad": 425, "SOV_Costo de la Tarea": null, "SOV_Cantidad de la Tarea": 42.67, "SOV_Agrupador Tarea": 1.01, "SOV_Fecha de la Tarea": "23/01/2026", "SOV_Observaciones": null, "SOV_Plan de Obra": null, "SOV_Fecha Recepcion Definitiva": null, "SOV_Fecha Recepcion Provisoria": null, "SOV_Fecha de Fin": null, "SOV_Fecha de Inicio": "26/05/2025", "SOV_Proveedor": null, "SOV_Responsable": null, "SOV_Cuadrilla": null, "SOV_Unidad": 425, "SOV_Calle Principal": "SURINAM", "SOV_CCZ": 17, "SOV_Resolucion": null, "SOV_Contrato": 2077, "SOV_Proyecto": null, "SOV_Modalidad": 1, "SOV_Descripcion de la Obra": null, "SOV_Nro. de Obra (interno)": 91260, "SOV_codigo_esquina": 2829, "SOV_nombre_cruce": "CNO SANFUENTES" }, "geometry": { "type": "Point", "coordinates": [ -56.269848232495278, -34.872699358737002 ] } },
{ "type": "Feature", "properties": { "fid": 66591, "nom_calle": "CNO A LA CUCHILLA PEREIRA", "cod_depto": 1, "cod_locali": 20, "gid": 106171952.0, "cod_nombre": 2269, "tipo": "CAMINO", "x": "575273.43640976", "y": "6155396.484828621", "id_geom": "575273.43641_6155396.48483", "layer": "start_point_ejes", "path": "C:/Users/imm/Desktop/Magda/abril/start_point_ejes.gpkg", "id_vertice": 66591, "id_geom_num": null, "SOV_Costo Unitario": null, "SOV_Unidad de la Tarea": "m2", "SOV_Nombre Tarea": "BACHEO ASFALTICO SUPERFICIAL", "SOV_Codigo de Tarea": 2, "SOV_Codigo de Calle Ppal.": 203, "SOV_Descripción Modalidad": "CONTRATO", "SOV_Nombre Proveedor": null, "SOV_Nombre Cuadrilla": null, "SOV_Nombre de Unidad": "MANTENIMIENTO VIAL", "SOV_Codigo de Unidad": 425, "SOV_Costo de la Tarea": null, "SOV_Cantidad de la Tarea": 8.95, "SOV_Agrupador Tarea": 1.02, "SOV_Fecha de la Tarea": "19/01/2026", "SOV_Observaciones": null, "SOV_Plan de Obra": null, "SOV_Fecha Recepcion Definitiva": null, "SOV_Fecha Recepcion Provisoria": null, "SOV_Fecha de Fin": null, "SOV_Fecha de Inicio": "26/05/2025", "SOV_Proveedor": null, "SOV_Responsable": null, "SOV_Cuadrilla": null, "SOV_Unidad": 425, "SOV_Calle Principal": "CNO AL OBELISCO", "SOV_CCZ": 12, "SOV_Resolucion": null, "SOV_Contrato": 2077, "SOV_Proyecto": null, "SOV_Modalidad": 1, "SOV_Descripcion de la Obra": null, "SOV_Nro. de Obra (interno)": 91184, "SOV_codigo_esquina": 2269, "SOV_nombre_cruce": "CNO  A LA CUCHILLA PEREIRA" }, "geometry": { "type": "Point", "coordinates": [ -56.177695545143159, -34.740766643702067 ] } }
]
}
