{
"type": "FeatureCollection",
"name": "enero_2026_obras_tramos",
"crs": { "type": "name", "properties": { "name": "urn:ogc:def:crs:OGC:1.3:CRS84" } },
"features": [
{ "type": "Feature", "properties": { "fid": 2047, "nom_calle": "GRAL JULIO AMADEO ROLETTI", "cod_depto": 1, "cod_locali": 20, "gid": 106149184.0, "cod_nombre": 6120, "tipo": "CALLE", "SOV_Costo Unitario": null, "SOV_Unidad de la Tarea": "m2", "SOV_Nombre Tarea": "BACHEO ASFALTICO SUPERFICIAL", "SOV_Codigo de Tarea": 2, "SOV_Codigo de Calle Ppal.": 6120, "SOV_Codigo de Calle Desde": 3777, "SOV_Codigo de Calle Hasta": 5796, "SOV_Descripción Modalidad": "CONTRATO", "SOV_Nombre Proveedor": null, "SOV_Nombre Cuadrilla": null, "SOV_Nombre de Unidad": "MANTENIMIENTO VIAL", "SOV_Codigo de Unidad": 425, "SOV_Costo de la Tarea": null, "SOV_Cantidad de la Tarea": 51.39, "SOV_Agrupador Tarea": 1.02, "SOV_Fecha de la Tarea": "16/01/2026", "SOV_Observaciones": null, "SOV_Plan de Obra": null, "SOV_Fecha Recepcion Definitiva": null, "SOV_Fecha Recepcion Provisoria": null, "SOV_Fecha de Fin": null, "SOV_Fecha de Inicio": "26/05/2025", "SOV_Proveedor": null, "SOV_Responsable": null, "SOV_Cuadrilla": null, "SOV_Unidad": 425, "SOV_Calle Hasta": "QUICHUAS", "SOV_Calle Desde": "LARRAÑAGA AVENIDA DAMASO ANTONIO", "SOV_Calle Principal": "ROLETTI GRAL. JULIO AMADEO", "SOV_CCZ": 6, "SOV_Resolucion": null, "SOV_Contrato": 2077, "SOV_Proyecto": null, "SOV_Modalidad": 1, "SOV_Descripcion de la Obra": null, "SOV_Nro. de Obra (interno)": 91166 }, "geometry": { "type": "MultiLineString", "coordinates": [ [ [ -56.151592668385014, -34.875451125240268 ], [ -56.151102026646903, -34.874953547584205 ] ] ] } },
{ "type": "Feature", "properties": { "fid": 2182, "nom_calle": "BV JOSE BATLLE Y ORDOÑEZ", "cod_depto": 1, "cod_locali": 20, "gid": 106149319.0, "cod_nombre": 4956, "tipo": "BULEVAR", "SOV_Costo Unitario": null, "SOV_Unidad de la Tarea": "m2", "SOV_Nombre Tarea": "BACHEO ASFALTICO SUPERFICIAL", "SOV_Codigo de Tarea": 2, "SOV_Codigo de Calle Ppal.": 4956, "SOV_Codigo de Calle Desde": 639, "SOV_Codigo de Calle Hasta": 7002, "SOV_Descripción Modalidad": "CONTRATO", "SOV_Nombre Proveedor": null, "SOV_Nombre Cuadrilla": null, "SOV_Nombre de Unidad": "MANTENIMIENTO VIAL", "SOV_Codigo de Unidad": 425, "SOV_Costo de la Tarea": null, "SOV_Cantidad de la Tarea": 7.25, "SOV_Agrupador Tarea": 1.02, "SOV_Fecha de la Tarea": "26/01/2026", "SOV_Observaciones": null, "SOV_Plan de Obra": null, "SOV_Fecha Recepcion Definitiva": null, "SOV_Fecha Recepcion Provisoria": null, "SOV_Fecha de Fin": null, "SOV_Fecha de Inicio": "26/05/2025", "SOV_Proveedor": null, "SOV_Responsable": null, "SOV_Cuadrilla": null, "SOV_Unidad": 425, "SOV_Calle Hasta": "DR AUGUSTO TURENNE", "SOV_Calle Desde": "ASILO", "SOV_Calle Principal": "BATLLE Y ORDOÑEZ BULEVAR JOSE", "SOV_CCZ": 6, "SOV_Resolucion": null, "SOV_Contrato": 2077, "SOV_Proyecto": null, "SOV_Modalidad": 1, "SOV_Descripcion de la Obra": null, "SOV_Nro. de Obra (interno)": 91237 }, "geometry": { "type": "MultiLineString", "coordinates": [ [ [ -56.14697595135447, -34.879886977948033 ], [ -56.146045950603479, -34.880570616305249 ] ] ] } },
{ "type": "Feature", "properties": { "fid": 2802, "nom_calle": "BV JOSE BATLLE Y ORDOÑEZ", "cod_depto": 1, "cod_locali": 20, "gid": 106149970.0, "cod_nombre": 4956, "tipo": "BULEVAR", "SOV_Costo Unitario": null, "SOV_Unidad de la Tarea": "m2", "SOV_Nombre Tarea": "BACHEO ASFALTICO SUPERFICIAL", "SOV_Codigo de Tarea": 2, "SOV_Codigo de Calle Ppal.": 4956, "SOV_Codigo de Calle Desde": 639, "SOV_Codigo de Calle Hasta": 7002, "SOV_Descripción Modalidad": "CONTRATO", "SOV_Nombre Proveedor": null, "SOV_Nombre Cuadrilla": null, "SOV_Nombre de Unidad": "MANTENIMIENTO VIAL", "SOV_Codigo de Unidad": 425, "SOV_Costo de la Tarea": null, "SOV_Cantidad de la Tarea": 7.25, "SOV_Agrupador Tarea": 1.02, "SOV_Fecha de la Tarea": "26/01/2026", "SOV_Observaciones": null, "SOV_Plan de Obra": null, "SOV_Fecha Recepcion Definitiva": null, "SOV_Fecha Recepcion Provisoria": null, "SOV_Fecha de Fin": null, "SOV_Fecha de Inicio": "26/05/2025", "SOV_Proveedor": null, "SOV_Responsable": null, "SOV_Cuadrilla": null, "SOV_Unidad": 425, "SOV_Calle Hasta": "DR AUGUSTO TURENNE", "SOV_Calle Desde": "ASILO", "SOV_Calle Principal": "BATLLE Y ORDOÑEZ BULEVAR JOSE", "SOV_CCZ": 6, "SOV_Resolucion": null, "SOV_Contrato": 2077, "SOV_Proyecto": null, "SOV_Modalidad": 1, "SOV_Descripcion de la Obra": null, "SOV_Nro. de Obra (interno)": 91237 }, "geometry": { "type": "MultiLineString", "coordinates": [ [ [ -56.145372516280212, -34.881226836745036 ], [ -56.145899694602626, -34.880839860986789 ] ] ] } },
{ "type": "Feature", "properties": { "fid": 2803, "nom_calle": "BV JOSE BATLLE Y ORDOÑEZ", "cod_depto": 1, "cod_locali": 20, "gid": 106149971.0, "cod_nombre": 4956, "tipo": "BULEVAR", "SOV_Costo Unitario": null, "SOV_Unidad de la Tarea": "m2", "SOV_Nombre Tarea": "BACHEO ASFALTICO SUPERFICIAL", "SOV_Codigo de Tarea": 2, "SOV_Codigo de Calle Ppal.": 4956, "SOV_Codigo de Calle Desde": 639, "SOV_Codigo de Calle Hasta": 7002, "SOV_Descripción Modalidad": "CONTRATO", "SOV_Nombre Proveedor": null, "SOV_Nombre Cuadrilla": null, "SOV_Nombre de Unidad": "MANTENIMIENTO VIAL", "SOV_Codigo de Unidad": 425, "SOV_Costo de la Tarea": null, "SOV_Cantidad de la Tarea": 7.25, "SOV_Agrupador Tarea": 1.02, "SOV_Fecha de la Tarea": "26/01/2026", "SOV_Observaciones": null, "SOV_Plan de Obra": null, "SOV_Fecha Recepcion Definitiva": null, "SOV_Fecha Recepcion Provisoria": null, "SOV_Fecha de Fin": null, "SOV_Fecha de Inicio": "26/05/2025", "SOV_Proveedor": null, "SOV_Responsable": null, "SOV_Cuadrilla": null, "SOV_Unidad": 425, "SOV_Calle Hasta": "DR AUGUSTO TURENNE", "SOV_Calle Desde": "ASILO", "SOV_Calle Principal": "BATLLE Y ORDOÑEZ BULEVAR JOSE", "SOV_CCZ": 6, "SOV_Resolucion": null, "SOV_Contrato": 2077, "SOV_Proyecto": null, "SOV_Modalidad": 1, "SOV_Descripcion de la Obra": null, "SOV_Nro. de Obra (interno)": 91237 }, "geometry": { "type": "MultiLineString", "coordinates": [ [ [ -56.145899694602626, -34.880839860986789 ], [ -56.146730338443312, -34.880243600214108 ] ] ] } },
{ "type": "Feature", "properties": { "fid": 3185, "nom_calle": "VIÑA DEL MAR", "cod_depto": 1, "cod_locali": 20, "gid": 106150365.0, "cod_nombre": 4182, "tipo": "CALLE", "SOV_Costo Unitario": null, "SOV_Unidad de la Tarea": "m2", "SOV_Nombre Tarea": "BACHEO ASFALTICO SUPERFICIAL", "SOV_Codigo de Tarea": 2, "SOV_Codigo de Calle Ppal.": 4182, "SOV_Codigo de Calle Desde": 3936, "SOV_Codigo de Calle Hasta": 6378, "SOV_Descripción Modalidad": "CONTRATO", "SOV_Nombre Proveedor": null, "SOV_Nombre Cuadrilla": null, "SOV_Nombre de Unidad": "MANTENIMIENTO VIAL", "SOV_Codigo de Unidad": 425, "SOV_Costo de la Tarea": null, "SOV_Cantidad de la Tarea": 30.63, "SOV_Agrupador Tarea": 1.02, "SOV_Fecha de la Tarea": "26/01/2026", "SOV_Observaciones": null, "SOV_Plan de Obra": null, "SOV_Fecha Recepcion Definitiva": null, "SOV_Fecha Recepcion Provisoria": null, "SOV_Fecha de Fin": null, "SOV_Fecha de Inicio": "26/05/2025", "SOV_Proveedor": null, "SOV_Responsable": null, "SOV_Cuadrilla": null, "SOV_Unidad": 425, "SOV_Calle Hasta": "SANTANDER GRAL.", "SOV_Calle Desde": "LIDO", "SOV_Calle Principal": "VIÑA DEL MAR", "SOV_CCZ": 8, "SOV_Resolucion": null, "SOV_Contrato": 2077, "SOV_Proyecto": null, "SOV_Modalidad": 1, "SOV_Descripcion de la Obra": null, "SOV_Nro. de Obra (interno)": 91249 }, "geometry": { "type": "MultiLineString", "coordinates": [ [ [ -56.044249410548822, -34.884078464774674 ], [ -56.0415604012911, -34.883137792478543 ] ] ] } },
{ "type": "Feature", "properties": { "fid": 3392, "nom_calle": "VIÑA DEL MAR", "cod_depto": 1, "cod_locali": 20, "gid": 106150574.0, "cod_nombre": 4182, "tipo": "CALLE", "SOV_Costo Unitario": null, "SOV_Unidad de la Tarea": "m2", "SOV_Nombre Tarea": "BACHEO ASFALTICO SUPERFICIAL", "SOV_Codigo de Tarea": 2, "SOV_Codigo de Calle Ppal.": 4182, "SOV_Codigo de Calle Desde": 3936, "SOV_Codigo de Calle Hasta": 6378, "SOV_Descripción Modalidad": "CONTRATO", "SOV_Nombre Proveedor": null, "SOV_Nombre Cuadrilla": null, "SOV_Nombre de Unidad": "MANTENIMIENTO VIAL", "SOV_Codigo de Unidad": 425, "SOV_Costo de la Tarea": null, "SOV_Cantidad de la Tarea": 30.63, "SOV_Agrupador Tarea": 1.02, "SOV_Fecha de la Tarea": "26/01/2026", "SOV_Observaciones": null, "SOV_Plan de Obra": null, "SOV_Fecha Recepcion Definitiva": null, "SOV_Fecha Recepcion Provisoria": null, "SOV_Fecha de Fin": null, "SOV_Fecha de Inicio": "26/05/2025", "SOV_Proveedor": null, "SOV_Responsable": null, "SOV_Cuadrilla": null, "SOV_Unidad": 425, "SOV_Calle Hasta": "SANTANDER GRAL.", "SOV_Calle Desde": "LIDO", "SOV_Calle Principal": "VIÑA DEL MAR", "SOV_CCZ": 8, "SOV_Resolucion": null, "SOV_Contrato": 2077, "SOV_Proyecto": null, "SOV_Modalidad": 1, "SOV_Descripcion de la Obra": null, "SOV_Nro. de Obra (interno)": 91249 }, "geometry": { "type": "MultiLineString", "coordinates": [ [ [ -56.046170345988166, -34.884737857396424 ], [ -56.046084757076237, -34.884706325195445 ], [ -56.044249410548822, -34.884078464774674 ] ] ] } },
{ "type": "Feature", "properties": { "fid": 4184, "nom_calle": "BV JOSE BATLLE Y ORDOÑEZ", "cod_depto": 1, "cod_locali": 20, "gid": 106151360.0, "cod_nombre": 4956, "tipo": "BULEVAR", "SOV_Costo Unitario": null, "SOV_Unidad de la Tarea": "m2", "SOV_Nombre Tarea": "BACHEO ASFALTICO SUPERFICIAL", "SOV_Codigo de Tarea": 2, "SOV_Codigo de Calle Ppal.": 4956, "SOV_Codigo de Calle Desde": 639, "SOV_Codigo de Calle Hasta": 7002, "SOV_Descripción Modalidad": "CONTRATO", "SOV_Nombre Proveedor": null, "SOV_Nombre Cuadrilla": null, "SOV_Nombre de Unidad": "MANTENIMIENTO VIAL", "SOV_Codigo de Unidad": 425, "SOV_Costo de la Tarea": null, "SOV_Cantidad de la Tarea": 7.25, "SOV_Agrupador Tarea": 1.02, "SOV_Fecha de la Tarea": "26/01/2026", "SOV_Observaciones": null, "SOV_Plan de Obra": null, "SOV_Fecha Recepcion Definitiva": null, "SOV_Fecha Recepcion Provisoria": null, "SOV_Fecha de Fin": null, "SOV_Fecha de Inicio": "26/05/2025", "SOV_Proveedor": null, "SOV_Responsable": null, "SOV_Cuadrilla": null, "SOV_Unidad": 425, "SOV_Calle Hasta": "DR AUGUSTO TURENNE", "SOV_Calle Desde": "ASILO", "SOV_Calle Principal": "BATLLE Y ORDOÑEZ BULEVAR JOSE", "SOV_CCZ": 6, "SOV_Resolucion": null, "SOV_Contrato": 2077, "SOV_Proyecto": null, "SOV_Modalidad": 1, "SOV_Descripcion de la Obra": null, "SOV_Nro. de Obra (interno)": 91237 }, "geometry": { "type": "MultiLineString", "coordinates": [ [ [ -56.146730338443312, -34.880243600214108 ], [ -56.146722794307621, -34.880246459747497 ], [ -56.146716189735017, -34.880248816170976 ], [ -56.146709538048171, -34.880251080812457 ], [ -56.146702841125141, -34.880253253032556 ], [ -56.146696100856744, -34.880255332217992 ], [ -56.146689319146041, -34.880257317781684 ], [ -56.146682497907797, -34.880259209163043 ], [ -56.146675639067922, -34.880261005828061 ], [ -56.14666874456298, -34.880262707269424 ], [ -56.146661816339545, -34.880264313006784 ], [ -56.146654856353777, -34.880265822586779 ], [ -56.146647866570753, -34.880267235583148 ], [ -56.146640848963997, -34.88026855159697 ], [ -56.146633805514867, -34.880269770256689 ], [ -56.146628005986905, -34.880271016677149 ], [ -56.14662223365405, -34.880272346065368 ], [ -56.14661649026398, -34.880273758018845 ], [ -56.146610777555601, -34.880275252110103 ], [ -56.146605097258565, -34.880276827886767 ], [ -56.146599451092669, -34.880278484871731 ], [ -56.146593840767409, -34.880280222563322 ], [ -56.1465882679814, -34.880282040435432 ], [ -56.146582734421919, -34.880283937937655 ], [ -56.146577241764362, -34.880285914495495 ], [ -56.146571791671718, -34.880287969510498 ], [ -56.146566385794117, -34.880290102360476 ], [ -56.146566385198035, -34.880290102606253 ], [ -56.146565198880964, -34.880290572712958 ], [ -56.146564022427732, -34.880291059361902 ], [ -56.146562856177987, -34.880291562412602 ], [ -56.146561700468411, -34.880292081719794 ], [ -56.146560555632668, -34.880292617133584 ], [ -56.146559422001268, -34.880293168499385 ], [ -56.146558299901493, -34.880293735658014 ], [ -56.146557189657294, -34.880294318445756 ], [ -56.146556091589197, -34.880294916694325 ], [ -56.146555006014211, -34.880295530231031 ], [ -56.146553933245741, -34.880296158878735 ], [ -56.1465528735935, -34.880296802455966 ], [ -56.14655182736341, -34.880297460776895 ], [ -56.146550794857518, -34.880298133651486 ], [ -56.146549778452602, -34.880298819482832 ], [ -56.146186731296609, -34.880556995360102 ], [ -56.146176967799207, -34.880563549876861 ], [ -56.146175531309311, -34.8805645526284 ], [ -56.14617407402546, -34.880565534793384 ], [ -56.146172596382051, -34.880566496079048 ], [ -56.146171098819551, -34.880567436198831 ], [ -56.146169581784356, -34.88056835487253 ], [ -56.146168045728679, -34.880569251826266 ], [ -56.146166491110385, -34.880570126792684 ], [ -56.146164918392898, -34.880570979510971 ], [ -56.146163328045006, -34.880571809726952 ], [ -56.146161720540782, -34.880572617193131 ], [ -56.146160096359395, -34.880573401668819 ], [ -56.146158455984988, -34.880574162920176 ], [ -56.146156799906542, -34.880574900720305 ], [ -56.1461551286177, -34.880575614849256 ], [ -56.146153442616658, -34.880576305094138 ], [ -56.146151742405983, -34.880576971249248 ], [ -56.146150028492492, -34.880577613115982 ], [ -56.146148301387065, -34.880578230503019 ], [ -56.146146561604539, -34.880578823226301 ], [ -56.146144809663504, -34.880579391109173 ], [ -56.146143046086216, -34.880579933982368 ], [ -56.146141271398356, -34.880580451684018 ], [ -56.146139486128931, -34.880580944059851 ], [ -56.1461376908101, -34.88058141096306 ], [ -56.146135885977039, -34.880581852254494 ], [ -56.14613407216774, -34.880582267802581 ], [ -56.146132249922864, -34.880582657483487 ], [ -56.146130419785599, -34.880583021181032 ], [ -56.1461285823015, -34.880583358786808 ], [ -56.146126738018275, -34.880583670200181 ], [ -56.146124887485684, -34.880583955328312 ], [ -56.14612303125535, -34.880584214086205 ], [ -56.146121169880587, -34.880584446396753 ], [ -56.146119303916251, -34.880584652190691 ], [ -56.146117433918548, -34.880584831406686 ], [ -56.146115560444912, -34.880584983991305 ], [ -56.14611368405378, -34.880585109899073 ], [ -56.1461118053045, -34.880585209092438 ], [ -56.146109924757098, -34.880585281541855 ], [ -56.146108042972131, -34.880585327225731 ], [ -56.146106160510527, -34.880585346130403 ], [ -56.146104277933432, -34.880585338250299 ], [ -56.146102395802025, -34.880585303587736 ], [ -56.146100514677322, -34.880585242153046 ], [ -56.146098635120069, -34.880585153964546 ], [ -56.146096757690543, -34.880585039048526 ], [ -56.146094882948368, -34.880584897439221 ], [ -56.1460930114524, -34.880584729178885 ], [ -56.146091143760479, -34.880584534317641 ], [ -56.146089280429358, -34.880584312913577 ], [ -56.14608742201446, -34.880584065032686 ], [ -56.146085569069754, -34.880583790748894 ], [ -56.14608372214758, -34.88058349014392 ], [ -56.14608188179848, -34.880583163307392 ], [ -56.146080048571029, -34.880582810336705 ], [ -56.146078223011699, -34.880582431337132 ], [ -56.146076405664651, -34.8805820264216 ], [ -56.146074597071625, -34.880581595710815 ], [ -56.146072797771723, -34.880581139333174 ], [ -56.146071008301298, -34.88058065742473 ], [ -56.14606922919377, -34.880580150129106 ], [ -56.146067460979459, -34.88057961759754 ], [ -56.146065704185446, -34.880579059988769 ], [ -56.146063959335407, -34.880578477469001 ], [ -56.146062226949468, -34.880577870211873 ], [ -56.146060507544007, -34.88057723839843 ], [ -56.146058801631582, -34.880576582216953 ], [ -56.14605710972068, -34.880575901863104 ], [ -56.146055432315634, -34.880575197539635 ], [ -56.14605376991647, -34.880574469456526 ], [ -56.146052123018713, -34.880573717830785 ], [ -56.146050492113289, -34.880572942886488 ], [ -56.146048877686347, -34.880572144854625 ], [ -56.146047280219108, -34.880571323973072 ], [ -56.146045950603479, -34.880570616305249 ] ] ] } },
{ "type": "Feature", "properties": { "fid": 5305, "nom_calle": "JUAN ARRIETA", "cod_depto": 1, "cod_locali": 20, "gid": 106152524.0, "cod_nombre": 570, "tipo": "CALLE", "SOV_Costo Unitario": null, "SOV_Unidad de la Tarea": "m2", "SOV_Nombre Tarea": "BACHEO ASFALTICO SUPERFICIAL", "SOV_Codigo de Tarea": 2, "SOV_Codigo de Calle Ppal.": 570, "SOV_Codigo de Calle Desde": 5130, "SOV_Codigo de Calle Hasta": 6945, "SOV_Descripción Modalidad": "CONTRATO", "SOV_Nombre Proveedor": null, "SOV_Nombre Cuadrilla": null, "SOV_Nombre de Unidad": "MANTENIMIENTO VIAL", "SOV_Codigo de Unidad": 425, "SOV_Costo de la Tarea": null, "SOV_Cantidad de la Tarea": 29.9, "SOV_Agrupador Tarea": 1.02, "SOV_Fecha de la Tarea": "16/01/2026", "SOV_Observaciones": null, "SOV_Plan de Obra": null, "SOV_Fecha Recepcion Definitiva": null, "SOV_Fecha Recepcion Provisoria": null, "SOV_Fecha de Fin": null, "SOV_Fecha de Inicio": "26/05/2025", "SOV_Proveedor": null, "SOV_Responsable": null, "SOV_Cuadrilla": null, "SOV_Unidad": 425, "SOV_Calle Hasta": "TRENTO", "SOV_Calle Desde": "PARMA", "SOV_Calle Principal": "JUAN ARRIETA", "SOV_CCZ": 11, "SOV_Resolucion": null, "SOV_Contrato": 2077, "SOV_Proyecto": null, "SOV_Modalidad": 1, "SOV_Descripcion de la Obra": null, "SOV_Nro. de Obra (interno)": 91164 }, "geometry": { "type": "MultiLineString", "coordinates": [ [ [ -56.158598297923199, -34.869562271828457 ], [ -56.157788747466711, -34.8688893167812 ], [ -56.15768719023616, -34.868810532140152 ] ] ] } },
{ "type": "Feature", "properties": { "fid": 5309, "nom_calle": "JUAN ARRIETA", "cod_depto": 1, "cod_locali": 20, "gid": 106152528.0, "cod_nombre": 570, "tipo": "CALLE", "SOV_Costo Unitario": null, "SOV_Unidad de la Tarea": "m2", "SOV_Nombre Tarea": "BACHEO ASFALTICO SUPERFICIAL", "SOV_Codigo de Tarea": 2, "SOV_Codigo de Calle Ppal.": 570, "SOV_Codigo de Calle Desde": 5130, "SOV_Codigo de Calle Hasta": 6945, "SOV_Descripción Modalidad": "CONTRATO", "SOV_Nombre Proveedor": null, "SOV_Nombre Cuadrilla": null, "SOV_Nombre de Unidad": "MANTENIMIENTO VIAL", "SOV_Codigo de Unidad": 425, "SOV_Costo de la Tarea": null, "SOV_Cantidad de la Tarea": 29.9, "SOV_Agrupador Tarea": 1.02, "SOV_Fecha de la Tarea": "16/01/2026", "SOV_Observaciones": null, "SOV_Plan de Obra": null, "SOV_Fecha Recepcion Definitiva": null, "SOV_Fecha Recepcion Provisoria": null, "SOV_Fecha de Fin": null, "SOV_Fecha de Inicio": "26/05/2025", "SOV_Proveedor": null, "SOV_Responsable": null, "SOV_Cuadrilla": null, "SOV_Unidad": 425, "SOV_Calle Hasta": "TRENTO", "SOV_Calle Desde": "PARMA", "SOV_Calle Principal": "JUAN ARRIETA", "SOV_CCZ": 11, "SOV_Resolucion": null, "SOV_Contrato": 2077, "SOV_Proyecto": null, "SOV_Modalidad": 1, "SOV_Descripcion de la Obra": null, "SOV_Nro. de Obra (interno)": 91164 }, "geometry": { "type": "MultiLineString", "coordinates": [ [ [ -56.156796748990715, -34.868059450478263 ], [ -56.155893012075992, -34.867312238902542 ] ] ] } },
{ "type": "Feature", "properties": { "fid": 5446, "nom_calle": "JUAN ARRIETA", "cod_depto": 1, "cod_locali": 20, "gid": 106152668.0, "cod_nombre": 570, "tipo": "CALLE", "SOV_Costo Unitario": null, "SOV_Unidad de la Tarea": "m2", "SOV_Nombre Tarea": "BACHEO ASFALTICO SUPERFICIAL", "SOV_Codigo de Tarea": 2, "SOV_Codigo de Calle Ppal.": 570, "SOV_Codigo de Calle Desde": 5130, "SOV_Codigo de Calle Hasta": 6945, "SOV_Descripción Modalidad": "CONTRATO", "SOV_Nombre Proveedor": null, "SOV_Nombre Cuadrilla": null, "SOV_Nombre de Unidad": "MANTENIMIENTO VIAL", "SOV_Codigo de Unidad": 425, "SOV_Costo de la Tarea": null, "SOV_Cantidad de la Tarea": 29.9, "SOV_Agrupador Tarea": 1.02, "SOV_Fecha de la Tarea": "16/01/2026", "SOV_Observaciones": null, "SOV_Plan de Obra": null, "SOV_Fecha Recepcion Definitiva": null, "SOV_Fecha Recepcion Provisoria": null, "SOV_Fecha de Fin": null, "SOV_Fecha de Inicio": "26/05/2025", "SOV_Proveedor": null, "SOV_Responsable": null, "SOV_Cuadrilla": null, "SOV_Unidad": 425, "SOV_Calle Hasta": "TRENTO", "SOV_Calle Desde": "PARMA", "SOV_Calle Principal": "JUAN ARRIETA", "SOV_CCZ": 11, "SOV_Resolucion": null, "SOV_Contrato": 2077, "SOV_Proyecto": null, "SOV_Modalidad": 1, "SOV_Descripcion de la Obra": null, "SOV_Nro. de Obra (interno)": 91164 }, "geometry": { "type": "MultiLineString", "coordinates": [ [ [ -56.15768719023616, -34.868810532140152 ], [ -56.157615631885491, -34.868743788577035 ], [ -56.156796748990715, -34.868059450478263 ] ] ] } },
{ "type": "Feature", "properties": { "fid": 6281, "nom_calle": "FLORIDA", "cod_depto": 1, "cod_locali": 20, "gid": 106153533.0, "cod_nombre": 2760, "tipo": "CALLE", "SOV_Costo Unitario": null, "SOV_Unidad de la Tarea": "m2", "SOV_Nombre Tarea": "BACHEO ASFALTICO SUPERFICIAL", "SOV_Codigo de Tarea": 2, "SOV_Codigo de Calle Ppal.": 2760, "SOV_Codigo de Calle Desde": 4140, "SOV_Codigo de Calle Hasta": 6300, "SOV_Descripción Modalidad": "CONTRATO", "SOV_Nombre Proveedor": null, "SOV_Nombre Cuadrilla": null, "SOV_Nombre de Unidad": "MANTENIMIENTO VIAL", "SOV_Codigo de Unidad": 425, "SOV_Costo de la Tarea": null, "SOV_Cantidad de la Tarea": 55.71, "SOV_Agrupador Tarea": 1.02, "SOV_Fecha de la Tarea": "21/01/2026", "SOV_Observaciones": null, "SOV_Plan de Obra": null, "SOV_Fecha Recepcion Definitiva": null, "SOV_Fecha Recepcion Provisoria": null, "SOV_Fecha de Fin": null, "SOV_Fecha de Inicio": "26/05/2025", "SOV_Proveedor": null, "SOV_Responsable": null, "SOV_Cuadrilla": null, "SOV_Unidad": 425, "SOV_Calle Hasta": "SAN JOSE", "SOV_Calle Desde": "MALDONADO", "SOV_Calle Principal": "FLORIDA", "SOV_CCZ": 1, "SOV_Resolucion": null, "SOV_Contrato": 2077, "SOV_Proyecto": null, "SOV_Modalidad": 1, "SOV_Descripcion de la Obra": null, "SOV_Nro. de Obra (interno)": 91192 }, "geometry": { "type": "MultiLineString", "coordinates": [ [ [ -56.199038288235805, -34.908357128575723 ], [ -56.199133923140764, -34.907433087946309 ] ] ] } },
{ "type": "Feature", "properties": { "fid": 6284, "nom_calle": "FLORIDA", "cod_depto": 1, "cod_locali": 20, "gid": 106153536.0, "cod_nombre": 2760, "tipo": "CALLE", "SOV_Costo Unitario": null, "SOV_Unidad de la Tarea": "m2", "SOV_Nombre Tarea": "BACHEO ASFALTICO SUPERFICIAL", "SOV_Codigo de Tarea": 2, "SOV_Codigo de Calle Ppal.": 2760, "SOV_Codigo de Calle Desde": 4140, "SOV_Codigo de Calle Hasta": 6300, "SOV_Descripción Modalidad": "CONTRATO", "SOV_Nombre Proveedor": null, "SOV_Nombre Cuadrilla": null, "SOV_Nombre de Unidad": "MANTENIMIENTO VIAL", "SOV_Codigo de Unidad": 425, "SOV_Costo de la Tarea": null, "SOV_Cantidad de la Tarea": 55.71, "SOV_Agrupador Tarea": 1.02, "SOV_Fecha de la Tarea": "21/01/2026", "SOV_Observaciones": null, "SOV_Plan de Obra": null, "SOV_Fecha Recepcion Definitiva": null, "SOV_Fecha Recepcion Provisoria": null, "SOV_Fecha de Fin": null, "SOV_Fecha de Inicio": "26/05/2025", "SOV_Proveedor": null, "SOV_Responsable": null, "SOV_Cuadrilla": null, "SOV_Unidad": 425, "SOV_Calle Hasta": "SAN JOSE", "SOV_Calle Desde": "MALDONADO", "SOV_Calle Principal": "FLORIDA", "SOV_CCZ": 1, "SOV_Resolucion": null, "SOV_Contrato": 2077, "SOV_Proyecto": null, "SOV_Modalidad": 1, "SOV_Descripcion de la Obra": null, "SOV_Nro. de Obra (interno)": 91192 }, "geometry": { "type": "MultiLineString", "coordinates": [ [ [ -56.198933371682841, -34.909291038925488 ], [ -56.199038288235805, -34.908357128575723 ] ] ] } },
{ "type": "Feature", "properties": { "fid": 6308, "nom_calle": "FLORIDA", "cod_depto": 1, "cod_locali": 20, "gid": 106153563.0, "cod_nombre": 2760, "tipo": "CALLE", "SOV_Costo Unitario": null, "SOV_Unidad de la Tarea": "m2", "SOV_Nombre Tarea": "BACHEO ASFALTICO SUPERFICIAL", "SOV_Codigo de Tarea": 2, "SOV_Codigo de Calle Ppal.": 2760, "SOV_Codigo de Calle Desde": 4140, "SOV_Codigo de Calle Hasta": 6300, "SOV_Descripción Modalidad": "CONTRATO", "SOV_Nombre Proveedor": null, "SOV_Nombre Cuadrilla": null, "SOV_Nombre de Unidad": "MANTENIMIENTO VIAL", "SOV_Codigo de Unidad": 425, "SOV_Costo de la Tarea": null, "SOV_Cantidad de la Tarea": 55.71, "SOV_Agrupador Tarea": 1.02, "SOV_Fecha de la Tarea": "21/01/2026", "SOV_Observaciones": null, "SOV_Plan de Obra": null, "SOV_Fecha Recepcion Definitiva": null, "SOV_Fecha Recepcion Provisoria": null, "SOV_Fecha de Fin": null, "SOV_Fecha de Inicio": "26/05/2025", "SOV_Proveedor": null, "SOV_Responsable": null, "SOV_Cuadrilla": null, "SOV_Unidad": 425, "SOV_Calle Hasta": "SAN JOSE", "SOV_Calle Desde": "MALDONADO", "SOV_Calle Principal": "FLORIDA", "SOV_CCZ": 1, "SOV_Resolucion": null, "SOV_Contrato": 2077, "SOV_Proyecto": null, "SOV_Modalidad": 1, "SOV_Descripcion de la Obra": null, "SOV_Nro. de Obra (interno)": 91192 }, "geometry": { "type": "MultiLineString", "coordinates": [ [ [ -56.198839000854811, -34.910209324464148 ], [ -56.198933371682841, -34.909291038925488 ] ] ] } },
{ "type": "Feature", "properties": { "fid": 6351, "nom_calle": "CARLOS QUIJANO", "cod_depto": 1, "cod_locali": 20, "gid": 106153658.0, "cod_nombre": 5806, "tipo": "CALLE", "SOV_Costo Unitario": null, "SOV_Unidad de la Tarea": "m2", "SOV_Nombre Tarea": "BACHEO ASFALTICO SUPERFICIAL", "SOV_Codigo de Tarea": 2, "SOV_Codigo de Calle Ppal.": 5806, "SOV_Codigo de Calle Desde": 6627, "SOV_Codigo de Calle Hasta": 7572, "SOV_Descripción Modalidad": "CONTRATO", "SOV_Nombre Proveedor": null, "SOV_Nombre Cuadrilla": null, "SOV_Nombre de Unidad": "MANTENIMIENTO VIAL", "SOV_Codigo de Unidad": 425, "SOV_Costo de la Tarea": null, "SOV_Cantidad de la Tarea": 36.54, "SOV_Agrupador Tarea": 1.02, "SOV_Fecha de la Tarea": "20/01/2026", "SOV_Observaciones": null, "SOV_Plan de Obra": null, "SOV_Fecha Recepcion Definitiva": null, "SOV_Fecha Recepcion Provisoria": null, "SOV_Fecha de Fin": null, "SOV_Fecha de Inicio": "26/05/2025", "SOV_Proveedor": null, "SOV_Responsable": null, "SOV_Cuadrilla": null, "SOV_Unidad": 425, "SOV_Calle Hasta": "AV 18 DE JULIO", "SOV_Calle Desde": "SORIANO", "SOV_Calle Principal": "QUIJANO CARLOS", "SOV_CCZ": 1, "SOV_Resolucion": null, "SOV_Contrato": 2077, "SOV_Proyecto": null, "SOV_Modalidad": 1, "SOV_Descripcion de la Obra": null, "SOV_Nro. de Obra (interno)": 91147 }, "geometry": { "type": "MultiLineString", "coordinates": [ [ [ -56.18901066536197, -34.906708268297777 ], [ -56.188911136448951, -34.907632191498486 ] ] ] } },
{ "type": "Feature", "properties": { "fid": 7034, "nom_calle": "AV GRAL RIVERA", "cod_depto": 1, "cod_locali": 20, "gid": 106154327.0, "cod_nombre": 6051, "tipo": "AVENIDA", "SOV_Costo Unitario": null, "SOV_Unidad de la Tarea": "m2", "SOV_Nombre Tarea": "BACHEO ASFALTICO SUPERFICIAL", "SOV_Codigo de Tarea": 2, "SOV_Codigo de Calle Ppal.": 6051, "SOV_Codigo de Calle Desde": 513, "SOV_Codigo de Calle Hasta": 4206, "SOV_Descripción Modalidad": "CONTRATO", "SOV_Nombre Proveedor": null, "SOV_Nombre Cuadrilla": null, "SOV_Nombre de Unidad": "MANTENIMIENTO VIAL", "SOV_Codigo de Unidad": 425, "SOV_Costo de la Tarea": null, "SOV_Cantidad de la Tarea": 48.61, "SOV_Agrupador Tarea": 1.02, "SOV_Fecha de la Tarea": "19/01/2026", "SOV_Observaciones": null, "SOV_Plan de Obra": null, "SOV_Fecha Recepcion Definitiva": null, "SOV_Fecha Recepcion Provisoria": null, "SOV_Fecha de Fin": null, "SOV_Fecha de Inicio": "26/05/2025", "SOV_Proveedor": null, "SOV_Responsable": null, "SOV_Cuadrilla": null, "SOV_Unidad": 425, "SOV_Calle Hasta": "DR PABLO DE MARIA", "SOV_Calle Desde": "ARENAL GRANDE", "SOV_Calle Principal": "AV GRAL RIVERA", "SOV_CCZ": 2, "SOV_Resolucion": null, "SOV_Contrato": 2077, "SOV_Proyecto": null, "SOV_Modalidad": 1, "SOV_Descripcion de la Obra": null, "SOV_Nro. de Obra (interno)": 91178 }, "geometry": { "type": "MultiLineString", "coordinates": [ [ [ -56.173429839651433, -34.902220941850793 ], [ -56.17178356970193, -34.902254949992404 ] ] ] } },
{ "type": "Feature", "properties": { "fid": 7389, "nom_calle": "YI", "cod_depto": 1, "cod_locali": 20, "gid": 106154677.0, "cod_nombre": 7431, "tipo": "CALLE", "SOV_Costo Unitario": null, "SOV_Unidad de la Tarea": "m2", "SOV_Nombre Tarea": "BACHEO ASFALTICO SUPERFICIAL", "SOV_Codigo de Tarea": 2, "SOV_Codigo de Calle Ppal.": 7431, "SOV_Codigo de Calle Desde": 7572, "SOV_Codigo de Calle Hasta": 4404, "SOV_Descripción Modalidad": "CONTRATO", "SOV_Nombre Proveedor": null, "SOV_Nombre Cuadrilla": null, "SOV_Nombre de Unidad": "MANTENIMIENTO VIAL", "SOV_Codigo de Unidad": 425, "SOV_Costo de la Tarea": null, "SOV_Cantidad de la Tarea": 18.15, "SOV_Agrupador Tarea": 1.02, "SOV_Fecha de la Tarea": "20/01/2026", "SOV_Observaciones": null, "SOV_Plan de Obra": null, "SOV_Fecha Recepcion Definitiva": null, "SOV_Fecha Recepcion Provisoria": null, "SOV_Fecha de Fin": null, "SOV_Fecha de Inicio": "26/05/2025", "SOV_Proveedor": null, "SOV_Responsable": null, "SOV_Cuadrilla": null, "SOV_Unidad": 425, "SOV_Calle Hasta": "MERCEDES", "SOV_Calle Desde": "AV 18 DE JULIO", "SOV_Calle Principal": "YI", "SOV_CCZ": 1, "SOV_Resolucion": null, "SOV_Contrato": 2077, "SOV_Proyecto": null, "SOV_Modalidad": 1, "SOV_Descripcion de la Obra": null, "SOV_Nro. de Obra (interno)": 91148 }, "geometry": { "type": "MultiLineString", "coordinates": [ [ [ -56.189212089242069, -34.904778560105356 ], [ -56.189316865046528, -34.903851871793812 ] ] ] } },
{ "type": "Feature", "properties": { "fid": 7390, "nom_calle": "YI", "cod_depto": 1, "cod_locali": 20, "gid": 106154678.0, "cod_nombre": 7431, "tipo": "CALLE", "SOV_Costo Unitario": null, "SOV_Unidad de la Tarea": "m2", "SOV_Nombre Tarea": "BACHEO ASFALTICO SUPERFICIAL", "SOV_Codigo de Tarea": 2, "SOV_Codigo de Calle Ppal.": 7431, "SOV_Codigo de Calle Desde": 7572, "SOV_Codigo de Calle Hasta": 4404, "SOV_Descripción Modalidad": "CONTRATO", "SOV_Nombre Proveedor": null, "SOV_Nombre Cuadrilla": null, "SOV_Nombre de Unidad": "MANTENIMIENTO VIAL", "SOV_Codigo de Unidad": 425, "SOV_Costo de la Tarea": null, "SOV_Cantidad de la Tarea": 18.15, "SOV_Agrupador Tarea": 1.02, "SOV_Fecha de la Tarea": "20/01/2026", "SOV_Observaciones": null, "SOV_Plan de Obra": null, "SOV_Fecha Recepcion Definitiva": null, "SOV_Fecha Recepcion Provisoria": null, "SOV_Fecha de Fin": null, "SOV_Fecha de Inicio": "26/05/2025", "SOV_Proveedor": null, "SOV_Responsable": null, "SOV_Cuadrilla": null, "SOV_Unidad": 425, "SOV_Calle Hasta": "MERCEDES", "SOV_Calle Desde": "AV 18 DE JULIO", "SOV_Calle Principal": "YI", "SOV_CCZ": 1, "SOV_Resolucion": null, "SOV_Contrato": 2077, "SOV_Proyecto": null, "SOV_Modalidad": 1, "SOV_Descripcion de la Obra": null, "SOV_Nro. de Obra (interno)": 91148 }, "geometry": { "type": "MultiLineString", "coordinates": [ [ [ -56.189098012946552, -34.90574364286384 ], [ -56.189098394272143, -34.905661527280046 ], [ -56.189185278396174, -34.904873009182829 ], [ -56.189212089242069, -34.904778560105356 ] ] ] } },
{ "type": "Feature", "properties": { "fid": 8411, "nom_calle": "GUADALUPE", "cod_depto": 1, "cod_locali": 20, "gid": 106155721.0, "cod_nombre": 3171, "tipo": "CALLE", "SOV_Costo Unitario": null, "SOV_Unidad de la Tarea": "m2", "SOV_Nombre Tarea": "BACHEO ASFALTICO SUPERFICIAL", "SOV_Codigo de Tarea": 2, "SOV_Codigo de Calle Ppal.": 3171, "SOV_Codigo de Calle Desde": 2754, "SOV_Codigo de Calle Hasta": 5625, "SOV_Descripción Modalidad": "CONTRATO", "SOV_Nombre Proveedor": null, "SOV_Nombre Cuadrilla": null, "SOV_Nombre de Unidad": "MANTENIMIENTO VIAL", "SOV_Codigo de Unidad": 425, "SOV_Costo de la Tarea": null, "SOV_Cantidad de la Tarea": 18.92, "SOV_Agrupador Tarea": 1.02, "SOV_Fecha de la Tarea": "15/01/2026", "SOV_Observaciones": null, "SOV_Plan de Obra": null, "SOV_Fecha Recepcion Definitiva": null, "SOV_Fecha Recepcion Provisoria": null, "SOV_Fecha de Fin": null, "SOV_Fecha de Inicio": "26/05/2025", "SOV_Proveedor": null, "SOV_Responsable": null, "SOV_Cuadrilla": null, "SOV_Unidad": 425, "SOV_Calle Hasta": "PORONGOS", "SOV_Calle Desde": "AV GRAL FLORES", "SOV_Calle Principal": "GUADALUPE", "SOV_CCZ": 3, "SOV_Resolucion": null, "SOV_Contrato": 2077, "SOV_Proyecto": null, "SOV_Modalidad": 1, "SOV_Descripcion de la Obra": null, "SOV_Nro. de Obra (interno)": 91144 }, "geometry": { "type": "MultiLineString", "coordinates": [ [ [ -56.179879672619883, -34.879399623257463 ], [ -56.178701506872983, -34.879798038065964 ] ] ] } },
{ "type": "Feature", "properties": { "fid": 8412, "nom_calle": "GUADALUPE", "cod_depto": 1, "cod_locali": 20, "gid": 106155722.0, "cod_nombre": 3171, "tipo": "CALLE", "SOV_Costo Unitario": null, "SOV_Unidad de la Tarea": "m2", "SOV_Nombre Tarea": "BACHEO ASFALTICO SUPERFICIAL", "SOV_Codigo de Tarea": 2, "SOV_Codigo de Calle Ppal.": 3171, "SOV_Codigo de Calle Desde": 2754, "SOV_Codigo de Calle Hasta": 5625, "SOV_Descripción Modalidad": "CONTRATO", "SOV_Nombre Proveedor": null, "SOV_Nombre Cuadrilla": null, "SOV_Nombre de Unidad": "MANTENIMIENTO VIAL", "SOV_Codigo de Unidad": 425, "SOV_Costo de la Tarea": null, "SOV_Cantidad de la Tarea": 18.92, "SOV_Agrupador Tarea": 1.02, "SOV_Fecha de la Tarea": "15/01/2026", "SOV_Observaciones": null, "SOV_Plan de Obra": null, "SOV_Fecha Recepcion Definitiva": null, "SOV_Fecha Recepcion Provisoria": null, "SOV_Fecha de Fin": null, "SOV_Fecha de Inicio": "26/05/2025", "SOV_Proveedor": null, "SOV_Responsable": null, "SOV_Cuadrilla": null, "SOV_Unidad": 425, "SOV_Calle Hasta": "PORONGOS", "SOV_Calle Desde": "AV GRAL FLORES", "SOV_Calle Principal": "GUADALUPE", "SOV_CCZ": 3, "SOV_Resolucion": null, "SOV_Contrato": 2077, "SOV_Proyecto": null, "SOV_Modalidad": 1, "SOV_Descripcion de la Obra": null, "SOV_Nro. de Obra (interno)": 91144 }, "geometry": { "type": "MultiLineString", "coordinates": [ [ [ -56.178701506872983, -34.879798038065964 ], [ -56.177661408731367, -34.880149396016485 ] ] ] } },
{ "type": "Feature", "properties": { "fid": 8425, "nom_calle": "GUADALUPE", "cod_depto": 1, "cod_locali": 20, "gid": 106155735.0, "cod_nombre": 3171, "tipo": "CALLE", "SOV_Costo Unitario": null, "SOV_Unidad de la Tarea": "m2", "SOV_Nombre Tarea": "BACHEO ASFALTICO SUPERFICIAL", "SOV_Codigo de Tarea": 2, "SOV_Codigo de Calle Ppal.": 3171, "SOV_Codigo de Calle Desde": 2754, "SOV_Codigo de Calle Hasta": 5625, "SOV_Descripción Modalidad": "CONTRATO", "SOV_Nombre Proveedor": null, "SOV_Nombre Cuadrilla": null, "SOV_Nombre de Unidad": "MANTENIMIENTO VIAL", "SOV_Codigo de Unidad": 425, "SOV_Costo de la Tarea": null, "SOV_Cantidad de la Tarea": 18.92, "SOV_Agrupador Tarea": 1.02, "SOV_Fecha de la Tarea": "15/01/2026", "SOV_Observaciones": null, "SOV_Plan de Obra": null, "SOV_Fecha Recepcion Definitiva": null, "SOV_Fecha Recepcion Provisoria": null, "SOV_Fecha de Fin": null, "SOV_Fecha de Inicio": "26/05/2025", "SOV_Proveedor": null, "SOV_Responsable": null, "SOV_Cuadrilla": null, "SOV_Unidad": 425, "SOV_Calle Hasta": "PORONGOS", "SOV_Calle Desde": "AV GRAL FLORES", "SOV_Calle Principal": "GUADALUPE", "SOV_CCZ": 3, "SOV_Resolucion": null, "SOV_Contrato": 2077, "SOV_Proyecto": null, "SOV_Modalidad": 1, "SOV_Descripcion de la Obra": null, "SOV_Nro. de Obra (interno)": 91144 }, "geometry": { "type": "MultiLineString", "coordinates": [ [ [ -56.180898566188844, -34.879057142387268 ], [ -56.179879672619883, -34.879399623257463 ] ] ] } },
{ "type": "Feature", "properties": { "fid": 9179, "nom_calle": "CARLOS QUIJANO", "cod_depto": 1, "cod_locali": 20, "gid": 106156529.0, "cod_nombre": 5806, "tipo": "CALLE", "SOV_Costo Unitario": null, "SOV_Unidad de la Tarea": "m2", "SOV_Nombre Tarea": "BACHEO ASFALTICO SUPERFICIAL", "SOV_Codigo de Tarea": 2, "SOV_Codigo de Calle Ppal.": 5806, "SOV_Codigo de Calle Desde": 6627, "SOV_Codigo de Calle Hasta": 7572, "SOV_Descripción Modalidad": "CONTRATO", "SOV_Nombre Proveedor": null, "SOV_Nombre Cuadrilla": null, "SOV_Nombre de Unidad": "MANTENIMIENTO VIAL", "SOV_Codigo de Unidad": 425, "SOV_Costo de la Tarea": null, "SOV_Cantidad de la Tarea": 36.54, "SOV_Agrupador Tarea": 1.02, "SOV_Fecha de la Tarea": "20/01/2026", "SOV_Observaciones": null, "SOV_Plan de Obra": null, "SOV_Fecha Recepcion Definitiva": null, "SOV_Fecha Recepcion Provisoria": null, "SOV_Fecha de Fin": null, "SOV_Fecha de Inicio": "26/05/2025", "SOV_Proveedor": null, "SOV_Responsable": null, "SOV_Cuadrilla": null, "SOV_Unidad": 425, "SOV_Calle Hasta": "AV 18 DE JULIO", "SOV_Calle Desde": "SORIANO", "SOV_Calle Principal": "QUIJANO CARLOS", "SOV_CCZ": 1, "SOV_Resolucion": null, "SOV_Contrato": 2077, "SOV_Proyecto": null, "SOV_Modalidad": 1, "SOV_Descripcion de la Obra": null, "SOV_Nro. de Obra (interno)": 91147 }, "geometry": { "type": "MultiLineString", "coordinates": [ [ [ -56.189098012946552, -34.90574364286384 ], [ -56.189099402616492, -34.905862267208072 ], [ -56.18901066536197, -34.906708268297777 ] ] ] } },
{ "type": "Feature", "properties": { "fid": 11123, "nom_calle": "BV JOSE BATLLE Y ORDOÑEZ", "cod_depto": 1, "cod_locali": 20, "gid": 106158534.0, "cod_nombre": 4956, "tipo": "BULEVAR", "SOV_Costo Unitario": null, "SOV_Unidad de la Tarea": "m2", "SOV_Nombre Tarea": "BACHEO ASFALTICO SUPERFICIAL", "SOV_Codigo de Tarea": 2, "SOV_Codigo de Calle Ppal.": 4956, "SOV_Codigo de Calle Desde": 663, "SOV_Codigo de Calle Hasta": 4401, "SOV_Descripción Modalidad": "CONTRATO", "SOV_Nombre Proveedor": null, "SOV_Nombre Cuadrilla": null, "SOV_Nombre de Unidad": "MANTENIMIENTO VIAL", "SOV_Codigo de Unidad": 425, "SOV_Costo de la Tarea": null, "SOV_Cantidad de la Tarea": 10.12, "SOV_Agrupador Tarea": 1.02, "SOV_Fecha de la Tarea": "26/01/2026", "SOV_Observaciones": null, "SOV_Plan de Obra": null, "SOV_Fecha Recepcion Definitiva": null, "SOV_Fecha Recepcion Provisoria": null, "SOV_Fecha de Fin": null, "SOV_Fecha de Inicio": "26/05/2025", "SOV_Proveedor": null, "SOV_Responsable": null, "SOV_Cuadrilla": null, "SOV_Unidad": 425, "SOV_Calle Hasta": "MENTANA", "SOV_Calle Desde": "MARCO AURELIO", "SOV_Calle Principal": "BATLLE Y ORDOÑEZ BULEVAR JOSE", "SOV_CCZ": 7, "SOV_Resolucion": null, "SOV_Contrato": 2077, "SOV_Proyecto": null, "SOV_Modalidad": 1, "SOV_Descripcion de la Obra": null, "SOV_Nro. de Obra (interno)": 91242 }, "geometry": { "type": "MultiLineString", "coordinates": [ [ [ -56.128690425086958, -34.893832726412576 ], [ -56.127790552272238, -34.89454998040209 ] ] ] } },
{ "type": "Feature", "properties": { "fid": 11183, "nom_calle": "JUAN ARRIETA", "cod_depto": 1, "cod_locali": 20, "gid": 106158601.0, "cod_nombre": 570, "tipo": "CALLE", "SOV_Costo Unitario": null, "SOV_Unidad de la Tarea": "m2", "SOV_Nombre Tarea": "BACHEO ASFALTICO SUPERFICIAL", "SOV_Codigo de Tarea": 2, "SOV_Codigo de Calle Ppal.": 570, "SOV_Codigo de Calle Desde": 5130, "SOV_Codigo de Calle Hasta": 6945, "SOV_Descripción Modalidad": "CONTRATO", "SOV_Nombre Proveedor": null, "SOV_Nombre Cuadrilla": null, "SOV_Nombre de Unidad": "MANTENIMIENTO VIAL", "SOV_Codigo de Unidad": 425, "SOV_Costo de la Tarea": null, "SOV_Cantidad de la Tarea": 29.9, "SOV_Agrupador Tarea": 1.02, "SOV_Fecha de la Tarea": "16/01/2026", "SOV_Observaciones": null, "SOV_Plan de Obra": null, "SOV_Fecha Recepcion Definitiva": null, "SOV_Fecha Recepcion Provisoria": null, "SOV_Fecha de Fin": null, "SOV_Fecha de Inicio": "26/05/2025", "SOV_Proveedor": null, "SOV_Responsable": null, "SOV_Cuadrilla": null, "SOV_Unidad": 425, "SOV_Calle Hasta": "TRENTO", "SOV_Calle Desde": "PARMA", "SOV_Calle Principal": "JUAN ARRIETA", "SOV_CCZ": 11, "SOV_Resolucion": null, "SOV_Contrato": 2077, "SOV_Proyecto": null, "SOV_Modalidad": 1, "SOV_Descripcion de la Obra": null, "SOV_Nro. de Obra (interno)": 91164 }, "geometry": { "type": "MultiLineString", "coordinates": [ [ [ -56.155893012075992, -34.867312238902542 ], [ -56.154993887687596, -34.866560880238382 ] ] ] } },
{ "type": "Feature", "properties": { "fid": 12212, "nom_calle": "JOSE MARMOL", "cod_depto": 1, "cod_locali": 20, "gid": 106159694.0, "cod_nombre": 4224, "tipo": "CALLE", "SOV_Costo Unitario": null, "SOV_Unidad de la Tarea": "m2", "SOV_Nombre Tarea": "BACHEO ASFALTICO SUPERFICIAL", "SOV_Codigo de Tarea": 2, "SOV_Codigo de Calle Ppal.": 4224, "SOV_Codigo de Calle Desde": 831, "SOV_Codigo de Calle Hasta": 7149, "SOV_Descripción Modalidad": "ADMINISTRACION", "SOV_Nombre Proveedor": null, "SOV_Nombre Cuadrilla": "CUADRILLA 9", "SOV_Nombre de Unidad": "MANTENIMIENTO VIAL", "SOV_Codigo de Unidad": 425, "SOV_Costo de la Tarea": null, "SOV_Cantidad de la Tarea": 5.75, "SOV_Agrupador Tarea": 1.02, "SOV_Fecha de la Tarea": "13/01/2026", "SOV_Observaciones": null, "SOV_Plan de Obra": null, "SOV_Fecha Recepcion Definitiva": null, "SOV_Fecha Recepcion Provisoria": null, "SOV_Fecha de Fin": null, "SOV_Fecha de Inicio": "01/01/2025", "SOV_Proveedor": null, "SOV_Responsable": null, "SOV_Cuadrilla": 3.0, "SOV_Unidad": 425, "SOV_Calle Hasta": "CARLOS DE LA VEGA", "SOV_Calle Desde": "AV LUIS BATLLE BERRES", "SOV_Calle Principal": "JOSE MARMOL", "SOV_CCZ": 14, "SOV_Resolucion": null, "SOV_Contrato": null, "SOV_Proyecto": null, "SOV_Modalidad": 3, "SOV_Descripcion de la Obra": null, "SOV_Nro. de Obra (interno)": 91513 }, "geometry": { "type": "MultiLineString", "coordinates": [ [ [ -56.227426138823056, -34.855864908776411 ], [ -56.228159721308749, -34.856779563254925 ] ] ] } },
{ "type": "Feature", "properties": { "fid": 12242, "nom_calle": "DR VICENTE BASAGOITY", "cod_depto": 1, "cod_locali": 20, "gid": 106159676.0, "cod_nombre": 801, "tipo": "CALLE", "SOV_Costo Unitario": null, "SOV_Unidad de la Tarea": "m2", "SOV_Nombre Tarea": "BACHEO ASFALTICO SUPERFICIAL", "SOV_Codigo de Tarea": 2, "SOV_Codigo de Calle Ppal.": 801, "SOV_Codigo de Calle Desde": 4224, "SOV_Codigo de Calle Hasta": 3480, "SOV_Descripción Modalidad": "ADMINISTRACION", "SOV_Nombre Proveedor": null, "SOV_Nombre Cuadrilla": "CUADRILLA 9", "SOV_Nombre de Unidad": "MANTENIMIENTO VIAL", "SOV_Codigo de Unidad": 425, "SOV_Costo de la Tarea": null, "SOV_Cantidad de la Tarea": 26.0, "SOV_Agrupador Tarea": 1.02, "SOV_Fecha de la Tarea": "13/01/2026", "SOV_Observaciones": null, "SOV_Plan de Obra": null, "SOV_Fecha Recepcion Definitiva": null, "SOV_Fecha Recepcion Provisoria": null, "SOV_Fecha de Fin": null, "SOV_Fecha de Inicio": "01/01/2025", "SOV_Proveedor": null, "SOV_Responsable": null, "SOV_Cuadrilla": 3.0, "SOV_Unidad": 425, "SOV_Calle Hasta": "INCLUSA", "SOV_Calle Desde": "JOSE MARMOL", "SOV_Calle Principal": "DR VICENTE BASAGOITY", "SOV_CCZ": 14, "SOV_Resolucion": null, "SOV_Contrato": null, "SOV_Proyecto": null, "SOV_Modalidad": 3, "SOV_Descripcion de la Obra": null, "SOV_Nro. de Obra (interno)": 91514 }, "geometry": { "type": "MultiLineString", "coordinates": [ [ [ -56.227426138823056, -34.855864908776411 ], [ -56.228604051703989, -34.855226526716969 ] ] ] } },
{ "type": "Feature", "properties": { "fid": 12334, "nom_calle": "GREGORIO MAS DE AYALA", "cod_depto": 1, "cod_locali": 20, "gid": 106159788.0, "cod_nombre": 4278, "tipo": "CALLE", "SOV_Costo Unitario": null, "SOV_Unidad de la Tarea": "m2", "SOV_Nombre Tarea": "BACHEO ASFALTICO SUPERFICIAL", "SOV_Codigo de Tarea": 2, "SOV_Codigo de Calle Ppal.": 4278, "SOV_Codigo de Calle Desde": 6324, "SOV_Codigo de Calle Hasta": 5785, "SOV_Descripción Modalidad": "CONTRATO", "SOV_Nombre Proveedor": null, "SOV_Nombre Cuadrilla": null, "SOV_Nombre de Unidad": "MANTENIMIENTO VIAL", "SOV_Codigo de Unidad": 425, "SOV_Costo de la Tarea": null, "SOV_Cantidad de la Tarea": 4.6, "SOV_Agrupador Tarea": 1.02, "SOV_Fecha de la Tarea": "26/01/2026", "SOV_Observaciones": null, "SOV_Plan de Obra": null, "SOV_Fecha Recepcion Definitiva": null, "SOV_Fecha Recepcion Provisoria": null, "SOV_Fecha de Fin": null, "SOV_Fecha de Inicio": "26/05/2025", "SOV_Proveedor": null, "SOV_Responsable": null, "SOV_Cuadrilla": null, "SOV_Unidad": 425, "SOV_Calle Hasta": "QUEGUAY CHICO", "SOV_Calle Desde": "SAN QUINTIN", "SOV_Calle Principal": "GREGORIO MAS DE AYALA", "SOV_CCZ": 14, "SOV_Resolucion": null, "SOV_Contrato": 2077, "SOV_Proyecto": null, "SOV_Modalidad": 1, "SOV_Descripcion de la Obra": null, "SOV_Nro. de Obra (interno)": 91217 }, "geometry": { "type": "MultiLineString", "coordinates": [ [ [ -56.222801763751448, -34.853306605908401 ], [ -56.222698533123783, -34.853226203945589 ], [ -56.22169055339301, -34.852264294740067 ] ] ] } },
{ "type": "Feature", "properties": { "fid": 12433, "nom_calle": "JOSE MARMOL", "cod_depto": 1, "cod_locali": 20, "gid": 106159890.0, "cod_nombre": 4224, "tipo": "CALLE", "SOV_Costo Unitario": null, "SOV_Unidad de la Tarea": "m2", "SOV_Nombre Tarea": "BACHEO ASFALTICO SUPERFICIAL", "SOV_Codigo de Tarea": 2, "SOV_Codigo de Calle Ppal.": 4224, "SOV_Codigo de Calle Desde": 831, "SOV_Codigo de Calle Hasta": 7149, "SOV_Descripción Modalidad": "ADMINISTRACION", "SOV_Nombre Proveedor": null, "SOV_Nombre Cuadrilla": "CUADRILLA 9", "SOV_Nombre de Unidad": "MANTENIMIENTO VIAL", "SOV_Codigo de Unidad": 425, "SOV_Costo de la Tarea": null, "SOV_Cantidad de la Tarea": 5.75, "SOV_Agrupador Tarea": 1.02, "SOV_Fecha de la Tarea": "13/01/2026", "SOV_Observaciones": null, "SOV_Plan de Obra": null, "SOV_Fecha Recepcion Definitiva": null, "SOV_Fecha Recepcion Provisoria": null, "SOV_Fecha de Fin": null, "SOV_Fecha de Inicio": "01/01/2025", "SOV_Proveedor": null, "SOV_Responsable": null, "SOV_Cuadrilla": 3.0, "SOV_Unidad": 425, "SOV_Calle Hasta": "CARLOS DE LA VEGA", "SOV_Calle Desde": "AV LUIS BATLLE BERRES", "SOV_Calle Principal": "JOSE MARMOL", "SOV_CCZ": 14, "SOV_Resolucion": null, "SOV_Contrato": null, "SOV_Proyecto": null, "SOV_Modalidad": 3, "SOV_Descripcion de la Obra": null, "SOV_Nro. de Obra (interno)": 91513 }, "geometry": { "type": "MultiLineString", "coordinates": [ [ [ -56.226820972556929, -34.855135407251609 ], [ -56.227426138823056, -34.855864908776411 ] ] ] } },
{ "type": "Feature", "properties": { "fid": 12493, "nom_calle": "JOSE MARMOL", "cod_depto": 1, "cod_locali": 20, "gid": 106159950.0, "cod_nombre": 4224, "tipo": "CALLE", "SOV_Costo Unitario": null, "SOV_Unidad de la Tarea": "m2", "SOV_Nombre Tarea": "BACHEO ASFALTICO SUPERFICIAL", "SOV_Codigo de Tarea": 2, "SOV_Codigo de Calle Ppal.": 4224, "SOV_Codigo de Calle Desde": 831, "SOV_Codigo de Calle Hasta": 7149, "SOV_Descripción Modalidad": "ADMINISTRACION", "SOV_Nombre Proveedor": null, "SOV_Nombre Cuadrilla": "CUADRILLA 9", "SOV_Nombre de Unidad": "MANTENIMIENTO VIAL", "SOV_Codigo de Unidad": 425, "SOV_Costo de la Tarea": null, "SOV_Cantidad de la Tarea": 5.75, "SOV_Agrupador Tarea": 1.02, "SOV_Fecha de la Tarea": "13/01/2026", "SOV_Observaciones": null, "SOV_Plan de Obra": null, "SOV_Fecha Recepcion Definitiva": null, "SOV_Fecha Recepcion Provisoria": null, "SOV_Fecha de Fin": null, "SOV_Fecha de Inicio": "01/01/2025", "SOV_Proveedor": null, "SOV_Responsable": null, "SOV_Cuadrilla": 3.0, "SOV_Unidad": 425, "SOV_Calle Hasta": "CARLOS DE LA VEGA", "SOV_Calle Desde": "AV LUIS BATLLE BERRES", "SOV_Calle Principal": "JOSE MARMOL", "SOV_CCZ": 14, "SOV_Resolucion": null, "SOV_Contrato": null, "SOV_Proyecto": null, "SOV_Modalidad": 3, "SOV_Descripcion de la Obra": null, "SOV_Nro. de Obra (interno)": 91513 }, "geometry": { "type": "MultiLineString", "coordinates": [ [ [ -56.228996065671247, -34.857811398325772 ], [ -56.228159721308749, -34.856779563254925 ] ] ] } },
{ "type": "Feature", "properties": { "fid": 12706, "nom_calle": "PILAR COSTA", "cod_depto": 1, "cod_locali": 20, "gid": 106160163.0, "cod_nombre": 2211, "tipo": "CALLE", "SOV_Costo Unitario": null, "SOV_Unidad de la Tarea": "m2", "SOV_Nombre Tarea": "BACHEO ASFALTICO SUPERFICIAL", "SOV_Codigo de Tarea": 2, "SOV_Codigo de Calle Ppal.": 2211, "SOV_Codigo de Calle Desde": 126, "SOV_Codigo de Calle Hasta": 4635, "SOV_Descripción Modalidad": "CONTRATO", "SOV_Nombre Proveedor": null, "SOV_Nombre Cuadrilla": null, "SOV_Nombre de Unidad": "MANTENIMIENTO VIAL", "SOV_Codigo de Unidad": 425, "SOV_Costo de la Tarea": null, "SOV_Cantidad de la Tarea": 2.86, "SOV_Agrupador Tarea": 1.02, "SOV_Fecha de la Tarea": "26/01/2026", "SOV_Observaciones": null, "SOV_Plan de Obra": null, "SOV_Fecha Recepcion Definitiva": null, "SOV_Fecha Recepcion Provisoria": null, "SOV_Fecha de Fin": null, "SOV_Fecha de Inicio": "26/05/2025", "SOV_Proveedor": null, "SOV_Responsable": null, "SOV_Cuadrilla": null, "SOV_Unidad": 425, "SOV_Calle Hasta": "INDIA MUERTA", "SOV_Calle Desde": "AV AGRACIADA", "SOV_Calle Principal": "PILAR COSTA", "SOV_CCZ": 14, "SOV_Resolucion": null, "SOV_Contrato": 2077, "SOV_Proyecto": null, "SOV_Modalidad": 1, "SOV_Descripcion de la Obra": null, "SOV_Nro. de Obra (interno)": 91222 }, "geometry": { "type": "MultiLineString", "coordinates": [ [ [ -56.217542386139016, -34.859919327932587 ], [ -56.216829370338964, -34.859272193774729 ] ] ] } },
{ "type": "Feature", "properties": { "fid": 12783, "nom_calle": "ANGEL SALVO", "cod_depto": 1, "cod_locali": 20, "gid": 106160240.0, "cod_nombre": 6270, "tipo": "CALLE", "SOV_Costo Unitario": null, "SOV_Unidad de la Tarea": "m2", "SOV_Nombre Tarea": "BACHEO ASFALTICO SUPERFICIAL", "SOV_Codigo de Tarea": 2, "SOV_Codigo de Calle Ppal.": 6270, "SOV_Codigo de Calle Desde": 4806, "SOV_Codigo de Calle Hasta": 4782, "SOV_Descripción Modalidad": "CONTRATO", "SOV_Nombre Proveedor": null, "SOV_Nombre Cuadrilla": null, "SOV_Nombre de Unidad": "MANTENIMIENTO VIAL", "SOV_Codigo de Unidad": 425, "SOV_Costo de la Tarea": null, "SOV_Cantidad de la Tarea": 17.55, "SOV_Agrupador Tarea": 1.02, "SOV_Fecha de la Tarea": "26/01/2026", "SOV_Observaciones": null, "SOV_Plan de Obra": null, "SOV_Fecha Recepcion Definitiva": null, "SOV_Fecha Recepcion Provisoria": null, "SOV_Fecha de Fin": null, "SOV_Fecha de Inicio": "26/05/2025", "SOV_Proveedor": null, "SOV_Responsable": null, "SOV_Cuadrilla": null, "SOV_Unidad": 425, "SOV_Calle Hasta": "PSJE NUEVA AURORA", "SOV_Calle Desde": "HERRERA Y OBES BULEVAR MANUEL", "SOV_Calle Principal": "SALVO ANGEL", "SOV_CCZ": 14, "SOV_Resolucion": null, "SOV_Contrato": 2077, "SOV_Proyecto": null, "SOV_Modalidad": 1, "SOV_Descripcion de la Obra": null, "SOV_Nro. de Obra (interno)": 91224 }, "geometry": { "type": "MultiLineString", "coordinates": [ [ [ -56.215956503964641, -34.862439435193124 ], [ -56.215251409089312, -34.861838988139354 ] ] ] } },
{ "type": "Feature", "properties": { "fid": 12784, "nom_calle": "ANGEL SALVO", "cod_depto": 1, "cod_locali": 20, "gid": 106160241.0, "cod_nombre": 6270, "tipo": "CALLE", "SOV_Costo Unitario": null, "SOV_Unidad de la Tarea": "m2", "SOV_Nombre Tarea": "BACHEO ASFALTICO SUPERFICIAL", "SOV_Codigo de Tarea": 2, "SOV_Codigo de Calle Ppal.": 6270, "SOV_Codigo de Calle Desde": 4806, "SOV_Codigo de Calle Hasta": 4782, "SOV_Descripción Modalidad": "CONTRATO", "SOV_Nombre Proveedor": null, "SOV_Nombre Cuadrilla": null, "SOV_Nombre de Unidad": "MANTENIMIENTO VIAL", "SOV_Codigo de Unidad": 425, "SOV_Costo de la Tarea": null, "SOV_Cantidad de la Tarea": 17.55, "SOV_Agrupador Tarea": 1.02, "SOV_Fecha de la Tarea": "26/01/2026", "SOV_Observaciones": null, "SOV_Plan de Obra": null, "SOV_Fecha Recepcion Definitiva": null, "SOV_Fecha Recepcion Provisoria": null, "SOV_Fecha de Fin": null, "SOV_Fecha de Inicio": "26/05/2025", "SOV_Proveedor": null, "SOV_Responsable": null, "SOV_Cuadrilla": null, "SOV_Unidad": 425, "SOV_Calle Hasta": "PSJE NUEVA AURORA", "SOV_Calle Desde": "HERRERA Y OBES BULEVAR MANUEL", "SOV_Calle Principal": "SALVO ANGEL", "SOV_CCZ": 14, "SOV_Resolucion": null, "SOV_Contrato": 2077, "SOV_Proyecto": null, "SOV_Modalidad": 1, "SOV_Descripcion de la Obra": null, "SOV_Nro. de Obra (interno)": 91224 }, "geometry": { "type": "MultiLineString", "coordinates": [ [ [ -56.216141784920048, -34.862591301868974 ], [ -56.215956503964641, -34.862439435193124 ] ] ] } },
{ "type": "Feature", "properties": { "fid": 12785, "nom_calle": "ANGEL SALVO", "cod_depto": 1, "cod_locali": 20, "gid": 106160242.0, "cod_nombre": 6270, "tipo": "CALLE", "SOV_Costo Unitario": null, "SOV_Unidad de la Tarea": "m2", "SOV_Nombre Tarea": "BACHEO ASFALTICO SUPERFICIAL", "SOV_Codigo de Tarea": 2, "SOV_Codigo de Calle Ppal.": 6270, "SOV_Codigo de Calle Desde": 4806, "SOV_Codigo de Calle Hasta": 4782, "SOV_Descripción Modalidad": "CONTRATO", "SOV_Nombre Proveedor": null, "SOV_Nombre Cuadrilla": null, "SOV_Nombre de Unidad": "MANTENIMIENTO VIAL", "SOV_Codigo de Unidad": 425, "SOV_Costo de la Tarea": null, "SOV_Cantidad de la Tarea": 17.55, "SOV_Agrupador Tarea": 1.02, "SOV_Fecha de la Tarea": "26/01/2026", "SOV_Observaciones": null, "SOV_Plan de Obra": null, "SOV_Fecha Recepcion Definitiva": null, "SOV_Fecha Recepcion Provisoria": null, "SOV_Fecha de Fin": null, "SOV_Fecha de Inicio": "26/05/2025", "SOV_Proveedor": null, "SOV_Responsable": null, "SOV_Cuadrilla": null, "SOV_Unidad": 425, "SOV_Calle Hasta": "PSJE NUEVA AURORA", "SOV_Calle Desde": "HERRERA Y OBES BULEVAR MANUEL", "SOV_Calle Principal": "SALVO ANGEL", "SOV_CCZ": 14, "SOV_Resolucion": null, "SOV_Contrato": 2077, "SOV_Proyecto": null, "SOV_Modalidad": 1, "SOV_Descripcion de la Obra": null, "SOV_Nro. de Obra (interno)": 91224 }, "geometry": { "type": "MultiLineString", "coordinates": [ [ [ -56.217079685622437, -34.863380451483138 ], [ -56.216141784920048, -34.862591301868974 ] ] ] } },
{ "type": "Feature", "properties": { "fid": 12805, "nom_calle": "PILAR COSTA", "cod_depto": 1, "cod_locali": 20, "gid": 106160263.0, "cod_nombre": 2211, "tipo": "PEATONAL", "SOV_Costo Unitario": null, "SOV_Unidad de la Tarea": "m2", "SOV_Nombre Tarea": "BACHEO ASFALTICO SUPERFICIAL", "SOV_Codigo de Tarea": 2, "SOV_Codigo de Calle Ppal.": 2211, "SOV_Codigo de Calle Desde": 126, "SOV_Codigo de Calle Hasta": 4635, "SOV_Descripción Modalidad": "CONTRATO", "SOV_Nombre Proveedor": null, "SOV_Nombre Cuadrilla": null, "SOV_Nombre de Unidad": "MANTENIMIENTO VIAL", "SOV_Codigo de Unidad": 425, "SOV_Costo de la Tarea": null, "SOV_Cantidad de la Tarea": 2.86, "SOV_Agrupador Tarea": 1.02, "SOV_Fecha de la Tarea": "26/01/2026", "SOV_Observaciones": null, "SOV_Plan de Obra": null, "SOV_Fecha Recepcion Definitiva": null, "SOV_Fecha Recepcion Provisoria": null, "SOV_Fecha de Fin": null, "SOV_Fecha de Inicio": "26/05/2025", "SOV_Proveedor": null, "SOV_Responsable": null, "SOV_Cuadrilla": null, "SOV_Unidad": 425, "SOV_Calle Hasta": "INDIA MUERTA", "SOV_Calle Desde": "AV AGRACIADA", "SOV_Calle Principal": "PILAR COSTA", "SOV_CCZ": 14, "SOV_Resolucion": null, "SOV_Contrato": 2077, "SOV_Proyecto": null, "SOV_Modalidad": 1, "SOV_Descripcion de la Obra": null, "SOV_Nro. de Obra (interno)": 91222 }, "geometry": { "type": "MultiLineString", "coordinates": [ [ [ -56.216829370338964, -34.859272193774729 ], [ -56.216848638685192, -34.859219370757458 ], [ -56.216751712643536, -34.85913259932034 ] ] ] } },
{ "type": "Feature", "properties": { "fid": 13312, "nom_calle": "AV BURGUES", "cod_depto": 1, "cod_locali": 20, "gid": 106160808.0, "cod_nombre": 1179, "tipo": "AVENIDA", "SOV_Costo Unitario": null, "SOV_Unidad de la Tarea": "m2", "SOV_Nombre Tarea": "BACHEO ASFALTICO SUPERFICIAL", "SOV_Codigo de Tarea": 2, "SOV_Codigo de Calle Ppal.": 1179, "SOV_Codigo de Calle Desde": 6414, "SOV_Codigo de Calle Hasta": 6621, "SOV_Descripción Modalidad": "CONTRATO", "SOV_Nombre Proveedor": null, "SOV_Nombre Cuadrilla": null, "SOV_Nombre de Unidad": "MANTENIMIENTO VIAL", "SOV_Codigo de Unidad": 425, "SOV_Costo de la Tarea": null, "SOV_Cantidad de la Tarea": 4.84, "SOV_Agrupador Tarea": 1.02, "SOV_Fecha de la Tarea": "14/01/2026", "SOV_Observaciones": null, "SOV_Plan de Obra": null, "SOV_Fecha Recepcion Definitiva": null, "SOV_Fecha Recepcion Provisoria": null, "SOV_Fecha de Fin": null, "SOV_Fecha de Inicio": "26/05/2025", "SOV_Proveedor": null, "SOV_Responsable": null, "SOV_Cuadrilla": null, "SOV_Unidad": 425, "SOV_Calle Hasta": "SORATA", "SOV_Calle Desde": "SARAVIA BULEVAR APARICIO", "SOV_Calle Principal": "BURGUES AVENIDA", "SOV_CCZ": 11, "SOV_Resolucion": null, "SOV_Contrato": 2077, "SOV_Proyecto": null, "SOV_Modalidad": 1, "SOV_Descripcion de la Obra": null, "SOV_Nro. de Obra (interno)": 91129 }, "geometry": { "type": "MultiLineString", "coordinates": [ [ [ -56.174457190510999, -34.845515601652693 ], [ -56.174340163114593, -34.845324406113257 ] ] ] } },
{ "type": "Feature", "properties": { "fid": 13466, "nom_calle": "GREGORIO MAS DE AYALA", "cod_depto": 1, "cod_locali": 20, "gid": 106160967.0, "cod_nombre": 4278, "tipo": "CALLE", "SOV_Costo Unitario": null, "SOV_Unidad de la Tarea": "m2", "SOV_Nombre Tarea": "BACHEO ASFALTICO SUPERFICIAL", "SOV_Codigo de Tarea": 2, "SOV_Codigo de Calle Ppal.": 4278, "SOV_Codigo de Calle Desde": 6324, "SOV_Codigo de Calle Hasta": 5785, "SOV_Descripción Modalidad": "CONTRATO", "SOV_Nombre Proveedor": null, "SOV_Nombre Cuadrilla": null, "SOV_Nombre de Unidad": "MANTENIMIENTO VIAL", "SOV_Codigo de Unidad": 425, "SOV_Costo de la Tarea": null, "SOV_Cantidad de la Tarea": 4.6, "SOV_Agrupador Tarea": 1.02, "SOV_Fecha de la Tarea": "26/01/2026", "SOV_Observaciones": null, "SOV_Plan de Obra": null, "SOV_Fecha Recepcion Definitiva": null, "SOV_Fecha Recepcion Provisoria": null, "SOV_Fecha de Fin": null, "SOV_Fecha de Inicio": "26/05/2025", "SOV_Proveedor": null, "SOV_Responsable": null, "SOV_Cuadrilla": null, "SOV_Unidad": 425, "SOV_Calle Hasta": "QUEGUAY CHICO", "SOV_Calle Desde": "SAN QUINTIN", "SOV_Calle Principal": "GREGORIO MAS DE AYALA", "SOV_CCZ": 14, "SOV_Resolucion": null, "SOV_Contrato": 2077, "SOV_Proyecto": null, "SOV_Modalidad": 1, "SOV_Descripcion de la Obra": null, "SOV_Nro. de Obra (interno)": 91217 }, "geometry": { "type": "MultiLineString", "coordinates": [ [ [ -56.22169055339301, -34.852264294740067 ], [ -56.221578261174997, -34.852157612760529 ], [ -56.221544413548202, -34.85212597706974 ], [ -56.221511054649852, -34.852090995219946 ], [ -56.221464187121008, -34.852024452680858 ] ] ] } },
{ "type": "Feature", "properties": { "fid": 13572, "nom_calle": "FARAMIÑAN", "cod_depto": 1, "cod_locali": 20, "gid": 106161076.0, "cod_nombre": 2658, "tipo": "CALLE", "SOV_Costo Unitario": null, "SOV_Unidad de la Tarea": "m2", "SOV_Nombre Tarea": "BACHEO ASFALTICO SUPERFICIAL", "SOV_Codigo de Tarea": 2, "SOV_Codigo de Calle Ppal.": 2658, "SOV_Codigo de Calle Desde": 5352, "SOV_Codigo de Calle Hasta": 3393, "SOV_Descripción Modalidad": "ADMINISTRACION", "SOV_Nombre Proveedor": null, "SOV_Nombre Cuadrilla": "CUADRILLA 9", "SOV_Nombre de Unidad": "MANTENIMIENTO VIAL", "SOV_Codigo de Unidad": 425, "SOV_Costo de la Tarea": null, "SOV_Cantidad de la Tarea": 1.25, "SOV_Agrupador Tarea": 1.02, "SOV_Fecha de la Tarea": "22/01/2026", "SOV_Observaciones": null, "SOV_Plan de Obra": null, "SOV_Fecha Recepcion Definitiva": null, "SOV_Fecha Recepcion Provisoria": null, "SOV_Fecha de Fin": null, "SOV_Fecha de Inicio": "01/01/2025", "SOV_Proveedor": null, "SOV_Responsable": null, "SOV_Cuadrilla": 3.0, "SOV_Unidad": 425, "SOV_Calle Hasta": "HORNOS GRAL.", "SOV_Calle Desde": "DE PENA CAMINO CARLOS MARIA", "SOV_Calle Principal": "FARAMIÑAN", "SOV_CCZ": 13, "SOV_Resolucion": null, "SOV_Contrato": null, "SOV_Proyecto": null, "SOV_Modalidad": 3, "SOV_Descripcion de la Obra": null, "SOV_Nro. de Obra (interno)": 91525 }, "geometry": { "type": "MultiLineString", "coordinates": [ [ [ -56.236325425656851, -34.839833159855765 ], [ -56.236307144962403, -34.83976948389018 ], [ -56.235157508387069, -34.838515038774773 ], [ -56.235092589378773, -34.838481294265478 ] ] ] } },
{ "type": "Feature", "properties": { "fid": 13982, "nom_calle": "AV BURGUES", "cod_depto": 1, "cod_locali": 20, "gid": 106161530.0, "cod_nombre": 1179, "tipo": "AVENIDA", "SOV_Costo Unitario": null, "SOV_Unidad de la Tarea": "m2", "SOV_Nombre Tarea": "BACHEO ASFALTICO SUPERFICIAL", "SOV_Codigo de Tarea": 2, "SOV_Codigo de Calle Ppal.": 1179, "SOV_Codigo de Calle Desde": 6414, "SOV_Codigo de Calle Hasta": 6621, "SOV_Descripción Modalidad": "CONTRATO", "SOV_Nombre Proveedor": null, "SOV_Nombre Cuadrilla": null, "SOV_Nombre de Unidad": "MANTENIMIENTO VIAL", "SOV_Codigo de Unidad": 425, "SOV_Costo de la Tarea": null, "SOV_Cantidad de la Tarea": 4.84, "SOV_Agrupador Tarea": 1.02, "SOV_Fecha de la Tarea": "14/01/2026", "SOV_Observaciones": null, "SOV_Plan de Obra": null, "SOV_Fecha Recepcion Definitiva": null, "SOV_Fecha Recepcion Provisoria": null, "SOV_Fecha de Fin": null, "SOV_Fecha de Inicio": "26/05/2025", "SOV_Proveedor": null, "SOV_Responsable": null, "SOV_Cuadrilla": null, "SOV_Unidad": 425, "SOV_Calle Hasta": "SORATA", "SOV_Calle Desde": "SARAVIA BULEVAR APARICIO", "SOV_Calle Principal": "BURGUES AVENIDA", "SOV_CCZ": 11, "SOV_Resolucion": null, "SOV_Contrato": 2077, "SOV_Proyecto": null, "SOV_Modalidad": 1, "SOV_Descripcion de la Obra": null, "SOV_Nro. de Obra (interno)": 91129 }, "geometry": { "type": "MultiLineString", "coordinates": [ [ [ -56.171454674653091, -34.840592447314414 ], [ -56.171119816327746, -34.840042718835072 ] ] ] } },
{ "type": "Feature", "properties": { "fid": 14001, "nom_calle": "AV BURGUES", "cod_depto": 1, "cod_locali": 20, "gid": 106161544.0, "cod_nombre": 1179, "tipo": "AVENIDA", "SOV_Costo Unitario": null, "SOV_Unidad de la Tarea": "m2", "SOV_Nombre Tarea": "BACHEO ASFALTICO SUPERFICIAL", "SOV_Codigo de Tarea": 2, "SOV_Codigo de Calle Ppal.": 1179, "SOV_Codigo de Calle Desde": 6414, "SOV_Codigo de Calle Hasta": 6621, "SOV_Descripción Modalidad": "CONTRATO", "SOV_Nombre Proveedor": null, "SOV_Nombre Cuadrilla": null, "SOV_Nombre de Unidad": "MANTENIMIENTO VIAL", "SOV_Codigo de Unidad": 425, "SOV_Costo de la Tarea": null, "SOV_Cantidad de la Tarea": 4.84, "SOV_Agrupador Tarea": 1.02, "SOV_Fecha de la Tarea": "14/01/2026", "SOV_Observaciones": null, "SOV_Plan de Obra": null, "SOV_Fecha Recepcion Definitiva": null, "SOV_Fecha Recepcion Provisoria": null, "SOV_Fecha de Fin": null, "SOV_Fecha de Inicio": "26/05/2025", "SOV_Proveedor": null, "SOV_Responsable": null, "SOV_Cuadrilla": null, "SOV_Unidad": 425, "SOV_Calle Hasta": "SORATA", "SOV_Calle Desde": "SARAVIA BULEVAR APARICIO", "SOV_Calle Principal": "BURGUES AVENIDA", "SOV_CCZ": 11, "SOV_Resolucion": null, "SOV_Contrato": 2077, "SOV_Proyecto": null, "SOV_Modalidad": 1, "SOV_Descripcion de la Obra": null, "SOV_Nro. de Obra (interno)": 91129 }, "geometry": { "type": "MultiLineString", "coordinates": [ [ [ -56.172708531483686, -34.842650603121243 ], [ -56.172120371115625, -34.841687572069816 ] ] ] } },
{ "type": "Feature", "properties": { "fid": 14032, "nom_calle": "AV BURGUES", "cod_depto": 1, "cod_locali": 20, "gid": 106161577.0, "cod_nombre": 1179, "tipo": "AVENIDA", "SOV_Costo Unitario": null, "SOV_Unidad de la Tarea": "m2", "SOV_Nombre Tarea": "BACHEO ASFALTICO SUPERFICIAL", "SOV_Codigo de Tarea": 2, "SOV_Codigo de Calle Ppal.": 1179, "SOV_Codigo de Calle Desde": 6414, "SOV_Codigo de Calle Hasta": 6621, "SOV_Descripción Modalidad": "CONTRATO", "SOV_Nombre Proveedor": null, "SOV_Nombre Cuadrilla": null, "SOV_Nombre de Unidad": "MANTENIMIENTO VIAL", "SOV_Codigo de Unidad": 425, "SOV_Costo de la Tarea": null, "SOV_Cantidad de la Tarea": 4.84, "SOV_Agrupador Tarea": 1.02, "SOV_Fecha de la Tarea": "14/01/2026", "SOV_Observaciones": null, "SOV_Plan de Obra": null, "SOV_Fecha Recepcion Definitiva": null, "SOV_Fecha Recepcion Provisoria": null, "SOV_Fecha de Fin": null, "SOV_Fecha de Inicio": "26/05/2025", "SOV_Proveedor": null, "SOV_Responsable": null, "SOV_Cuadrilla": null, "SOV_Unidad": 425, "SOV_Calle Hasta": "SORATA", "SOV_Calle Desde": "SARAVIA BULEVAR APARICIO", "SOV_Calle Principal": "BURGUES AVENIDA", "SOV_CCZ": 11, "SOV_Resolucion": null, "SOV_Contrato": 2077, "SOV_Proyecto": null, "SOV_Modalidad": 1, "SOV_Descripcion de la Obra": null, "SOV_Nro. de Obra (interno)": 91129 }, "geometry": { "type": "MultiLineString", "coordinates": [ [ [ -56.173295497649995, -34.84361181124202 ], [ -56.172708531483686, -34.842650603121243 ] ] ] } },
{ "type": "Feature", "properties": { "fid": 14038, "nom_calle": "AV BURGUES", "cod_depto": 1, "cod_locali": 20, "gid": 106161584.0, "cod_nombre": 1179, "tipo": "AVENIDA", "SOV_Costo Unitario": null, "SOV_Unidad de la Tarea": "m2", "SOV_Nombre Tarea": "BACHEO ASFALTICO SUPERFICIAL", "SOV_Codigo de Tarea": 2, "SOV_Codigo de Calle Ppal.": 1179, "SOV_Codigo de Calle Desde": 6414, "SOV_Codigo de Calle Hasta": 6621, "SOV_Descripción Modalidad": "CONTRATO", "SOV_Nombre Proveedor": null, "SOV_Nombre Cuadrilla": null, "SOV_Nombre de Unidad": "MANTENIMIENTO VIAL", "SOV_Codigo de Unidad": 425, "SOV_Costo de la Tarea": null, "SOV_Cantidad de la Tarea": 4.84, "SOV_Agrupador Tarea": 1.02, "SOV_Fecha de la Tarea": "14/01/2026", "SOV_Observaciones": null, "SOV_Plan de Obra": null, "SOV_Fecha Recepcion Definitiva": null, "SOV_Fecha Recepcion Provisoria": null, "SOV_Fecha de Fin": null, "SOV_Fecha de Inicio": "26/05/2025", "SOV_Proveedor": null, "SOV_Responsable": null, "SOV_Cuadrilla": null, "SOV_Unidad": 425, "SOV_Calle Hasta": "SORATA", "SOV_Calle Desde": "SARAVIA BULEVAR APARICIO", "SOV_Calle Principal": "BURGUES AVENIDA", "SOV_CCZ": 11, "SOV_Resolucion": null, "SOV_Contrato": 2077, "SOV_Proyecto": null, "SOV_Modalidad": 1, "SOV_Descripcion de la Obra": null, "SOV_Nro. de Obra (interno)": 91129 }, "geometry": { "type": "MultiLineString", "coordinates": [ [ [ -56.172120371115625, -34.841687572069816 ], [ -56.171454674653091, -34.840592447314414 ] ] ] } },
{ "type": "Feature", "properties": { "fid": 14057, "nom_calle": "AV BURGUES", "cod_depto": 1, "cod_locali": 20, "gid": 106161612.0, "cod_nombre": 1179, "tipo": "AVENIDA", "SOV_Costo Unitario": null, "SOV_Unidad de la Tarea": "m2", "SOV_Nombre Tarea": "BACHEO ASFALTICO SUPERFICIAL", "SOV_Codigo de Tarea": 2, "SOV_Codigo de Calle Ppal.": 1179, "SOV_Codigo de Calle Desde": 6414, "SOV_Codigo de Calle Hasta": 6621, "SOV_Descripción Modalidad": "CONTRATO", "SOV_Nombre Proveedor": null, "SOV_Nombre Cuadrilla": null, "SOV_Nombre de Unidad": "MANTENIMIENTO VIAL", "SOV_Codigo de Unidad": 425, "SOV_Costo de la Tarea": null, "SOV_Cantidad de la Tarea": 4.84, "SOV_Agrupador Tarea": 1.02, "SOV_Fecha de la Tarea": "14/01/2026", "SOV_Observaciones": null, "SOV_Plan de Obra": null, "SOV_Fecha Recepcion Definitiva": null, "SOV_Fecha Recepcion Provisoria": null, "SOV_Fecha de Fin": null, "SOV_Fecha de Inicio": "26/05/2025", "SOV_Proveedor": null, "SOV_Responsable": null, "SOV_Cuadrilla": null, "SOV_Unidad": 425, "SOV_Calle Hasta": "SORATA", "SOV_Calle Desde": "SARAVIA BULEVAR APARICIO", "SOV_Calle Principal": "BURGUES AVENIDA", "SOV_CCZ": 11, "SOV_Resolucion": null, "SOV_Contrato": 2077, "SOV_Proyecto": null, "SOV_Modalidad": 1, "SOV_Descripcion de la Obra": null, "SOV_Nro. de Obra (interno)": 91129 }, "geometry": { "type": "MultiLineString", "coordinates": [ [ [ -56.173874231172171, -34.844563171957269 ], [ -56.173295497649995, -34.84361181124202 ] ] ] } },
{ "type": "Feature", "properties": { "fid": 14081, "nom_calle": "AV BURGUES", "cod_depto": 1, "cod_locali": 20, "gid": 106161640.0, "cod_nombre": 1179, "tipo": "AVENIDA", "SOV_Costo Unitario": null, "SOV_Unidad de la Tarea": "m2", "SOV_Nombre Tarea": "BACHEO ASFALTICO SUPERFICIAL", "SOV_Codigo de Tarea": 2, "SOV_Codigo de Calle Ppal.": 1179, "SOV_Codigo de Calle Desde": 6414, "SOV_Codigo de Calle Hasta": 6621, "SOV_Descripción Modalidad": "CONTRATO", "SOV_Nombre Proveedor": null, "SOV_Nombre Cuadrilla": null, "SOV_Nombre de Unidad": "MANTENIMIENTO VIAL", "SOV_Codigo de Unidad": 425, "SOV_Costo de la Tarea": null, "SOV_Cantidad de la Tarea": 4.84, "SOV_Agrupador Tarea": 1.02, "SOV_Fecha de la Tarea": "14/01/2026", "SOV_Observaciones": null, "SOV_Plan de Obra": null, "SOV_Fecha Recepcion Definitiva": null, "SOV_Fecha Recepcion Provisoria": null, "SOV_Fecha de Fin": null, "SOV_Fecha de Inicio": "26/05/2025", "SOV_Proveedor": null, "SOV_Responsable": null, "SOV_Cuadrilla": null, "SOV_Unidad": 425, "SOV_Calle Hasta": "SORATA", "SOV_Calle Desde": "SARAVIA BULEVAR APARICIO", "SOV_Calle Principal": "BURGUES AVENIDA", "SOV_CCZ": 11, "SOV_Resolucion": null, "SOV_Contrato": 2077, "SOV_Proyecto": null, "SOV_Modalidad": 1, "SOV_Descripcion de la Obra": null, "SOV_Nro. de Obra (interno)": 91129 }, "geometry": { "type": "MultiLineString", "coordinates": [ [ [ -56.171119816327746, -34.840042718835072 ], [ -56.170781782529716, -34.839487769020685 ] ] ] } },
{ "type": "Feature", "properties": { "fid": 14098, "nom_calle": "AV BURGUES", "cod_depto": 1, "cod_locali": 20, "gid": 106161733.0, "cod_nombre": 1179, "tipo": "AVENIDA", "SOV_Costo Unitario": null, "SOV_Unidad de la Tarea": "m2", "SOV_Nombre Tarea": "BACHEO ASFALTICO SUPERFICIAL", "SOV_Codigo de Tarea": 2, "SOV_Codigo de Calle Ppal.": 1179, "SOV_Codigo de Calle Desde": 6414, "SOV_Codigo de Calle Hasta": 6621, "SOV_Descripción Modalidad": "CONTRATO", "SOV_Nombre Proveedor": null, "SOV_Nombre Cuadrilla": null, "SOV_Nombre de Unidad": "MANTENIMIENTO VIAL", "SOV_Codigo de Unidad": 425, "SOV_Costo de la Tarea": null, "SOV_Cantidad de la Tarea": 4.84, "SOV_Agrupador Tarea": 1.02, "SOV_Fecha de la Tarea": "14/01/2026", "SOV_Observaciones": null, "SOV_Plan de Obra": null, "SOV_Fecha Recepcion Definitiva": null, "SOV_Fecha Recepcion Provisoria": null, "SOV_Fecha de Fin": null, "SOV_Fecha de Inicio": "26/05/2025", "SOV_Proveedor": null, "SOV_Responsable": null, "SOV_Cuadrilla": null, "SOV_Unidad": 425, "SOV_Calle Hasta": "SORATA", "SOV_Calle Desde": "SARAVIA BULEVAR APARICIO", "SOV_Calle Principal": "BURGUES AVENIDA", "SOV_CCZ": 11, "SOV_Resolucion": null, "SOV_Contrato": 2077, "SOV_Proyecto": null, "SOV_Modalidad": 1, "SOV_Descripcion de la Obra": null, "SOV_Nro. de Obra (interno)": 91129 }, "geometry": { "type": "MultiLineString", "coordinates": [ [ [ -56.170781782529716, -34.839487769020685 ], [ -56.170120116298222, -34.838401488133805 ], [ -56.170113177955166, -34.838391052325562 ], [ -56.170106459362145, -34.838380519224984 ], [ -56.17009996252532, -34.838369891977351 ], [ -56.170093689384615, -34.83835917375611 ], [ -56.170087641813183, -34.83834836776181 ], [ -56.170081821616797, -34.838337477221273 ], [ -56.170076230533347, -34.838326505386483 ], [ -56.170070870232287, -34.838315455533774 ], [ -56.170065742314165, -34.83830433096275 ], [ -56.17006084831015, -34.838293134995297 ], [ -56.170056189681524, -34.838281870974662 ], [ -56.170051767819317, -34.838270542264404 ], [ -56.170047584043829, -34.838259152247332 ], [ -56.170043639604295, -34.838247704324701 ], [ -56.170039935678453, -34.838236201914874 ], [ -56.170036473372228, -34.838224648452659 ], [ -56.170033253719396, -34.838213047387988 ], [ -56.170030277681278, -34.838201402185064 ], [ -56.170027546146422, -34.838189716321239 ], [ -56.17002505993041, -34.83817799328601 ], [ -56.170022819775539, -34.838166236579987 ], [ -56.170020826350616, -34.838154449713841 ], [ -56.170019080250803, -34.838142636207202 ], [ -56.170017581997392, -34.838130799587702 ], [ -56.170016332037669, -34.838118943389844 ], [ -56.170015330744768, -34.838107071153985 ], [ -56.170014578417579, -34.838095186425292 ], [ -56.170014075280655, -34.8380832927526 ], [ -56.170013821484112, -34.838071393687478 ], [ -56.170013817103637, -34.838059492783067 ], [ -56.170014062140432, -34.838047593593096 ], [ -56.170014556521224, -34.838035699670726 ], [ -56.170015300098264, -34.838023814567563 ], [ -56.170016292649422, -34.838011941832598 ], [ -56.170017533878195, -34.838000085011103 ], [ -56.170019023413857, -34.837988247643615 ], [ -56.170020760811489, -34.837976433264849 ], [ -56.170397002398815, -34.835888309459087 ], [ -56.170406974656863, -34.835740297057967 ] ] ] } },
{ "type": "Feature", "properties": { "fid": 14124, "nom_calle": "AV BURGUES", "cod_depto": 1, "cod_locali": 20, "gid": 106161712.0, "cod_nombre": 1179, "tipo": "AVENIDA", "SOV_Costo Unitario": null, "SOV_Unidad de la Tarea": "m2", "SOV_Nombre Tarea": "BACHEO ASFALTICO SUPERFICIAL", "SOV_Codigo de Tarea": 2, "SOV_Codigo de Calle Ppal.": 1179, "SOV_Codigo de Calle Desde": 6414, "SOV_Codigo de Calle Hasta": 6621, "SOV_Descripción Modalidad": "CONTRATO", "SOV_Nombre Proveedor": null, "SOV_Nombre Cuadrilla": null, "SOV_Nombre de Unidad": "MANTENIMIENTO VIAL", "SOV_Codigo de Unidad": 425, "SOV_Costo de la Tarea": null, "SOV_Cantidad de la Tarea": 4.84, "SOV_Agrupador Tarea": 1.02, "SOV_Fecha de la Tarea": "14/01/2026", "SOV_Observaciones": null, "SOV_Plan de Obra": null, "SOV_Fecha Recepcion Definitiva": null, "SOV_Fecha Recepcion Provisoria": null, "SOV_Fecha de Fin": null, "SOV_Fecha de Inicio": "26/05/2025", "SOV_Proveedor": null, "SOV_Responsable": null, "SOV_Cuadrilla": null, "SOV_Unidad": 425, "SOV_Calle Hasta": "SORATA", "SOV_Calle Desde": "SARAVIA BULEVAR APARICIO", "SOV_Calle Principal": "BURGUES AVENIDA", "SOV_CCZ": 11, "SOV_Resolucion": null, "SOV_Contrato": 2077, "SOV_Proyecto": null, "SOV_Modalidad": 1, "SOV_Descripcion de la Obra": null, "SOV_Nro. de Obra (interno)": 91129 }, "geometry": { "type": "MultiLineString", "coordinates": [ [ [ -56.174340163114593, -34.845324406113257 ], [ -56.173874231172171, -34.844563171957269 ] ] ] } },
{ "type": "Feature", "properties": { "fid": 14344, "nom_calle": "HUM", "cod_depto": 1, "cod_locali": 20, "gid": 106161911.0, "cod_nombre": 3414, "tipo": "CALLE", "SOV_Costo Unitario": null, "SOV_Unidad de la Tarea": "m2", "SOV_Nombre Tarea": "BACHEO ASFALTICO SUPERFICIAL", "SOV_Codigo de Tarea": 2, "SOV_Codigo de Calle Ppal.": 3414, "SOV_Codigo de Calle Desde": 105, "SOV_Codigo de Calle Hasta": 435, "SOV_Descripción Modalidad": "CONTRATO", "SOV_Nombre Proveedor": null, "SOV_Nombre Cuadrilla": null, "SOV_Nombre de Unidad": "MANTENIMIENTO VIAL", "SOV_Codigo de Unidad": 425, "SOV_Costo de la Tarea": null, "SOV_Cantidad de la Tarea": 12.83, "SOV_Agrupador Tarea": 1.02, "SOV_Fecha de la Tarea": "15/01/2026", "SOV_Observaciones": null, "SOV_Plan de Obra": null, "SOV_Fecha Recepcion Definitiva": null, "SOV_Fecha Recepcion Provisoria": null, "SOV_Fecha de Fin": null, "SOV_Fecha de Inicio": "26/05/2025", "SOV_Proveedor": null, "SOV_Responsable": null, "SOV_Cuadrilla": null, "SOV_Unidad": 425, "SOV_Calle Hasta": "CAP BASILIO ARAUJO", "SOV_Calle Desde": "JUAN ACOSTA", "SOV_Calle Principal": "HUM", "SOV_CCZ": 11, "SOV_Resolucion": null, "SOV_Contrato": 2077, "SOV_Proyecto": null, "SOV_Modalidad": 1, "SOV_Descripcion de la Obra": null, "SOV_Nro. de Obra (interno)": 91162 }, "geometry": { "type": "MultiLineString", "coordinates": [ [ [ -56.167127004991144, -34.849728777431203 ], [ -56.166072682191412, -34.849960098683525 ] ] ] } },
{ "type": "Feature", "properties": { "fid": 14470, "nom_calle": "TOMAS GARCIA DE ZUÑIGA", "cod_depto": 1, "cod_locali": 20, "gid": 106162037.0, "cod_nombre": 7506, "tipo": "CALLE", "SOV_Costo Unitario": null, "SOV_Unidad de la Tarea": "m2", "SOV_Nombre Tarea": "BACHEO ASFALTICO SUPERFICIAL", "SOV_Codigo de Tarea": 2, "SOV_Codigo de Calle Ppal.": 7506, "SOV_Codigo de Calle Desde": 6162, "SOV_Codigo de Calle Hasta": 105, "SOV_Descripción Modalidad": "CONTRATO", "SOV_Nombre Proveedor": null, "SOV_Nombre Cuadrilla": null, "SOV_Nombre de Unidad": "MANTENIMIENTO VIAL", "SOV_Codigo de Unidad": 425, "SOV_Costo de la Tarea": null, "SOV_Cantidad de la Tarea": 25.12, "SOV_Agrupador Tarea": 1.02, "SOV_Fecha de la Tarea": "16/01/2026", "SOV_Observaciones": null, "SOV_Plan de Obra": null, "SOV_Fecha Recepcion Definitiva": null, "SOV_Fecha Recepcion Provisoria": null, "SOV_Fecha de Fin": null, "SOV_Fecha de Inicio": "26/05/2025", "SOV_Proveedor": null, "SOV_Responsable": null, "SOV_Cuadrilla": null, "SOV_Unidad": 425, "SOV_Calle Hasta": "JUAN ACOSTA", "SOV_Calle Desde": "ROSAS JUAN", "SOV_Calle Principal": "TOMAS GARCIA DE ZUÑIGA", "SOV_CCZ": 11, "SOV_Resolucion": null, "SOV_Contrato": 2077, "SOV_Proyecto": null, "SOV_Modalidad": 1, "SOV_Descripcion de la Obra": null, "SOV_Nro. de Obra (interno)": 91176 }, "geometry": { "type": "MultiLineString", "coordinates": [ [ [ -56.166227145168925, -34.857382015638777 ], [ -56.167288100414744, -34.857156013170403 ] ] ] } },
{ "type": "Feature", "properties": { "fid": 14510, "nom_calle": "TOMAS GARCIA DE ZUÑIGA", "cod_depto": 1, "cod_locali": 20, "gid": 106162077.0, "cod_nombre": 7506, "tipo": "CALLE", "SOV_Costo Unitario": null, "SOV_Unidad de la Tarea": "m2", "SOV_Nombre Tarea": "BACHEO ASFALTICO SUPERFICIAL", "SOV_Codigo de Tarea": 2, "SOV_Codigo de Calle Ppal.": 7506, "SOV_Codigo de Calle Desde": 6162, "SOV_Codigo de Calle Hasta": 105, "SOV_Descripción Modalidad": "CONTRATO", "SOV_Nombre Proveedor": null, "SOV_Nombre Cuadrilla": null, "SOV_Nombre de Unidad": "MANTENIMIENTO VIAL", "SOV_Codigo de Unidad": 425, "SOV_Costo de la Tarea": null, "SOV_Cantidad de la Tarea": 25.12, "SOV_Agrupador Tarea": 1.02, "SOV_Fecha de la Tarea": "16/01/2026", "SOV_Observaciones": null, "SOV_Plan de Obra": null, "SOV_Fecha Recepcion Definitiva": null, "SOV_Fecha Recepcion Provisoria": null, "SOV_Fecha de Fin": null, "SOV_Fecha de Inicio": "26/05/2025", "SOV_Proveedor": null, "SOV_Responsable": null, "SOV_Cuadrilla": null, "SOV_Unidad": 425, "SOV_Calle Hasta": "JUAN ACOSTA", "SOV_Calle Desde": "ROSAS JUAN", "SOV_Calle Principal": "TOMAS GARCIA DE ZUÑIGA", "SOV_CCZ": 11, "SOV_Resolucion": null, "SOV_Contrato": 2077, "SOV_Proyecto": null, "SOV_Modalidad": 1, "SOV_Descripcion de la Obra": null, "SOV_Nro. de Obra (interno)": 91176 }, "geometry": { "type": "MultiLineString", "coordinates": [ [ [ -56.167288100414744, -34.857156013170403 ], [ -56.168331790390809, -34.856921469060033 ] ] ] } },
{ "type": "Feature", "properties": { "fid": 14801, "nom_calle": "AV GRAL SAN MARTIN", "cod_depto": 1, "cod_locali": 20, "gid": 106162420.0, "cod_nombre": 6315, "tipo": "AVENIDA", "SOV_Costo Unitario": null, "SOV_Unidad de la Tarea": "m2", "SOV_Nombre Tarea": "BACHEO ASFALTICO SUPERFICIAL", "SOV_Codigo de Tarea": 2, "SOV_Codigo de Calle Ppal.": 6315, "SOV_Codigo de Calle Desde": 6154, "SOV_Codigo de Calle Hasta": 6678, "SOV_Descripción Modalidad": "CONTRATO", "SOV_Nombre Proveedor": null, "SOV_Nombre Cuadrilla": null, "SOV_Nombre de Unidad": "MANTENIMIENTO VIAL", "SOV_Codigo de Unidad": 425, "SOV_Costo de la Tarea": null, "SOV_Cantidad de la Tarea": 3.77, "SOV_Agrupador Tarea": 1.02, "SOV_Fecha de la Tarea": "16/01/2026", "SOV_Observaciones": null, "SOV_Plan de Obra": null, "SOV_Fecha Recepcion Definitiva": null, "SOV_Fecha Recepcion Provisoria": null, "SOV_Fecha de Fin": null, "SOV_Fecha de Inicio": "26/05/2025", "SOV_Proveedor": null, "SOV_Responsable": null, "SOV_Cuadrilla": null, "SOV_Unidad": 425, "SOV_Calle Hasta": "JULIO E SUAREZ (PELODURO)", "SOV_Calle Desde": "SAINT CLEMENT JUAN", "SOV_Calle Principal": "AV GRAL SAN MARTIN", "SOV_CCZ": 11, "SOV_Resolucion": null, "SOV_Contrato": 2077, "SOV_Proyecto": null, "SOV_Modalidad": 1, "SOV_Descripcion de la Obra": null, "SOV_Nro. de Obra (interno)": 91172 }, "geometry": { "type": "MultiLineString", "coordinates": [ [ [ -56.169255992708273, -34.842241416090104 ], [ -56.169244914317488, -34.842172489294384 ], [ -56.169214400611288, -34.842017916712841 ], [ -56.169207512472838, -34.841995119650363 ], [ -56.168926745857583, -34.841065880507465 ] ] ] } },
{ "type": "Feature", "properties": { "fid": 14816, "nom_calle": "AV GRAL SAN MARTIN", "cod_depto": 1, "cod_locali": 20, "gid": 106162402.0, "cod_nombre": 6315, "tipo": "AVENIDA", "SOV_Costo Unitario": null, "SOV_Unidad de la Tarea": "m2", "SOV_Nombre Tarea": "BACHEO ASFALTICO SUPERFICIAL", "SOV_Codigo de Tarea": 2, "SOV_Codigo de Calle Ppal.": 6315, "SOV_Codigo de Calle Desde": 6154, "SOV_Codigo de Calle Hasta": 6678, "SOV_Descripción Modalidad": "CONTRATO", "SOV_Nombre Proveedor": null, "SOV_Nombre Cuadrilla": null, "SOV_Nombre de Unidad": "MANTENIMIENTO VIAL", "SOV_Codigo de Unidad": 425, "SOV_Costo de la Tarea": null, "SOV_Cantidad de la Tarea": 3.77, "SOV_Agrupador Tarea": 1.02, "SOV_Fecha de la Tarea": "16/01/2026", "SOV_Observaciones": null, "SOV_Plan de Obra": null, "SOV_Fecha Recepcion Definitiva": null, "SOV_Fecha Recepcion Provisoria": null, "SOV_Fecha de Fin": null, "SOV_Fecha de Inicio": "26/05/2025", "SOV_Proveedor": null, "SOV_Responsable": null, "SOV_Cuadrilla": null, "SOV_Unidad": 425, "SOV_Calle Hasta": "JULIO E SUAREZ (PELODURO)", "SOV_Calle Desde": "SAINT CLEMENT JUAN", "SOV_Calle Principal": "AV GRAL SAN MARTIN", "SOV_CCZ": 11, "SOV_Resolucion": null, "SOV_Contrato": 2077, "SOV_Proyecto": null, "SOV_Modalidad": 1, "SOV_Descripcion de la Obra": null, "SOV_Nro. de Obra (interno)": 91172 }, "geometry": { "type": "MultiLineString", "coordinates": [ [ [ -56.168926745857583, -34.841065880507465 ], [ -56.168905366486818, -34.840997786353157 ] ] ] } },
{ "type": "Feature", "properties": { "fid": 15094, "nom_calle": "VALLADOLID", "cod_depto": 1, "cod_locali": 20, "gid": 106162687.0, "cod_nombre": 7098, "tipo": "CALLE", "SOV_Costo Unitario": null, "SOV_Unidad de la Tarea": "m2", "SOV_Nombre Tarea": "BACHEO ASFALTICO SUPERFICIAL", "SOV_Codigo de Tarea": 2, "SOV_Codigo de Calle Ppal.": 7098, "SOV_Codigo de Calle Desde": 2478, "SOV_Codigo de Calle Hasta": 7110, "SOV_Descripción Modalidad": "CONTRATO", "SOV_Nombre Proveedor": null, "SOV_Nombre Cuadrilla": null, "SOV_Nombre de Unidad": "MANTENIMIENTO VIAL", "SOV_Codigo de Unidad": 425, "SOV_Costo de la Tarea": null, "SOV_Cantidad de la Tarea": 10.59, "SOV_Agrupador Tarea": 1.02, "SOV_Fecha de la Tarea": "26/01/2026", "SOV_Observaciones": null, "SOV_Plan de Obra": null, "SOV_Fecha Recepcion Definitiva": null, "SOV_Fecha Recepcion Provisoria": null, "SOV_Fecha de Fin": null, "SOV_Fecha de Inicio": "26/05/2025", "SOV_Proveedor": null, "SOV_Responsable": null, "SOV_Cuadrilla": null, "SOV_Unidad": 425, "SOV_Calle Hasta": "AV JACOBO A VARELA", "SOV_Calle Desde": "RAFAEL EGUREN", "SOV_Calle Principal": "VALLADOLID", "SOV_CCZ": 11, "SOV_Resolucion": null, "SOV_Contrato": 2077, "SOV_Proyecto": null, "SOV_Modalidad": 1, "SOV_Descripcion de la Obra": null, "SOV_Nro. de Obra (interno)": 91236 }, "geometry": { "type": "MultiLineString", "coordinates": [ [ [ -56.159581438575614, -34.864820459800612 ], [ -56.155944494419835, -34.861894065949393 ], [ -56.155823694475046, -34.86177676016176 ] ] ] } },
{ "type": "Feature", "properties": { "fid": 15163, "nom_calle": "RAFAEL EGUREN", "cod_depto": 1, "cod_locali": 20, "gid": 106162751.0, "cod_nombre": 2478, "tipo": "CALLE", "SOV_Costo Unitario": null, "SOV_Unidad de la Tarea": "m2", "SOV_Nombre Tarea": "BACHEO ASFALTICO SUPERFICIAL", "SOV_Codigo de Tarea": 2, "SOV_Codigo de Calle Ppal.": 2478, "SOV_Codigo de Calle Desde": 7098, "SOV_Codigo de Calle Hasta": 7110, "SOV_Descripción Modalidad": "CONTRATO", "SOV_Nombre Proveedor": null, "SOV_Nombre Cuadrilla": null, "SOV_Nombre de Unidad": "MANTENIMIENTO VIAL", "SOV_Codigo de Unidad": 425, "SOV_Costo de la Tarea": null, "SOV_Cantidad de la Tarea": 24.62, "SOV_Agrupador Tarea": 1.02, "SOV_Fecha de la Tarea": "26/01/2026", "SOV_Observaciones": null, "SOV_Plan de Obra": null, "SOV_Fecha Recepcion Definitiva": null, "SOV_Fecha Recepcion Provisoria": null, "SOV_Fecha de Fin": null, "SOV_Fecha de Inicio": "26/05/2025", "SOV_Proveedor": null, "SOV_Responsable": null, "SOV_Cuadrilla": null, "SOV_Unidad": 425, "SOV_Calle Hasta": "AV JACOBO A VARELA", "SOV_Calle Desde": "VALLADOLID", "SOV_Calle Principal": "RAFAEL EGUREN", "SOV_CCZ": 11, "SOV_Resolucion": null, "SOV_Contrato": 2077, "SOV_Proyecto": null, "SOV_Modalidad": 1, "SOV_Descripcion de la Obra": null, "SOV_Nro. de Obra (interno)": 91235 }, "geometry": { "type": "MultiLineString", "coordinates": [ [ [ -56.159581438575614, -34.864820459800612 ], [ -56.160743079431157, -34.86312666398527 ], [ -56.160745262092533, -34.863123696136654 ], [ -56.160747506661913, -34.863120759825897 ], [ -56.160749812468701, -34.863117855930213 ], [ -56.16075217882404, -34.863114985317146 ], [ -56.160754605020948, -34.863112148844337 ], [ -56.160757090334577, -34.86310934735917 ], [ -56.160759634022426, -34.863106581698624 ], [ -56.160762235324547, -34.863103852688944 ], [ -56.160764893463785, -34.863101161145437 ], [ -56.160767607645994, -34.863098507872209 ], [ -56.160770377060302, -34.863095893661963 ], [ -56.160773200879312, -34.863093319295686 ], [ -56.16077607825941, -34.863090785542489 ], [ -56.160779008340938, -34.863088293159358 ], [ -56.160781990248523, -34.863085842890882 ], [ -56.1607850230913, -34.863083435469115 ], [ -56.160788105963192, -34.863081071613259 ], [ -56.160791237943158, -34.863078752029558 ], [ -56.160794418095513, -34.863076477410985 ], [ -56.160797645470161, -34.863074248437073 ], [ -56.160800919102897, -34.863072065773778 ], [ -56.160804238015714, -34.863069930073166 ], [ -56.160807601217059, -34.86306784197329 ], [ -56.160811007702165, -34.863065802097971 ], [ -56.160814456453316, -34.863063811056627 ], [ -56.160817946440183, -34.863061869444131 ], [ -56.1608214766201, -34.863059977840507 ], [ -56.160825045938424, -34.863058136810892 ], [ -56.160828653328792, -34.86305634690531 ], [ -56.160832297713469, -34.863054608658501 ], [ -56.160835978003689, -34.86305292258978 ], [ -56.160839693099938, -34.863051289202843 ], [ -56.160843441892318, -34.863049708985706 ], [ -56.160847223260845, -34.863048182410473 ], [ -56.160851036075826, -34.863046709933165 ], [ -56.160854879198162, -34.863045291993714 ], [ -56.160858751479694, -34.863043929015774 ], [ -56.160862651763559, -34.8630426214065 ], [ -56.16086657888453, -34.863041369556548 ], [ -56.160870531669367, -34.863040173839941 ], [ -56.160945298618181, -34.863016338167192 ] ] ] } },
{ "type": "Feature", "properties": { "fid": 18274, "nom_calle": "AV DRA MA LUISA SALDUN DE RODRIGUEZ", "cod_depto": 1, "cod_locali": 20, "gid": 106166038.0, "cod_nombre": 7647, "tipo": "CALZADA DE SERVICIO", "SOV_Costo Unitario": null, "SOV_Unidad de la Tarea": "m2", "SOV_Nombre Tarea": "BACHEO ASFALTICO SUPERFICIAL", "SOV_Codigo de Tarea": 2, "SOV_Codigo de Calle Ppal.": 7647, "SOV_Codigo de Calle Desde": 6762, "SOV_Codigo de Calle Hasta": 1683, "SOV_Descripción Modalidad": "CONTRATO", "SOV_Nombre Proveedor": null, "SOV_Nombre Cuadrilla": null, "SOV_Nombre de Unidad": "MANTENIMIENTO VIAL", "SOV_Codigo de Unidad": 425, "SOV_Costo de la Tarea": null, "SOV_Cantidad de la Tarea": 34.34, "SOV_Agrupador Tarea": 1.02, "SOV_Fecha de la Tarea": "19/01/2026", "SOV_Observaciones": null, "SOV_Plan de Obra": null, "SOV_Fecha Recepcion Definitiva": null, "SOV_Fecha Recepcion Provisoria": null, "SOV_Fecha de Fin": null, "SOV_Fecha de Inicio": "26/05/2025", "SOV_Proveedor": null, "SOV_Responsable": null, "SOV_Cuadrilla": null, "SOV_Unidad": 425, "SOV_Calle Hasta": "CNO CARRASCO", "SOV_Calle Desde": "GRAL MAXIMO TAJES", "SOV_Calle Principal": "AV DRA MA LUISA SALDUN DE RODRIGUEZ", "SOV_CCZ": 8, "SOV_Resolucion": null, "SOV_Contrato": 2077, "SOV_Proyecto": null, "SOV_Modalidad": 1, "SOV_Descripcion de la Obra": null, "SOV_Nro. de Obra (interno)": 91182 }, "geometry": { "type": "MultiLineString", "coordinates": [ [ [ -56.07725425279498, -34.87486115594794 ], [ -56.076724833854797, -34.873991784106664 ], [ -56.075975528307616, -34.872663945351242 ] ] ] } },
{ "type": "Feature", "properties": { "fid": 18276, "nom_calle": "AV DRA MA LUISA SALDUN DE RODRIGUEZ", "cod_depto": 1, "cod_locali": 20, "gid": 106166040.0, "cod_nombre": 7647, "tipo": "CALZADA DE SERVICIO", "SOV_Costo Unitario": null, "SOV_Unidad de la Tarea": "m2", "SOV_Nombre Tarea": "BACHEO ASFALTICO SUPERFICIAL", "SOV_Codigo de Tarea": 2, "SOV_Codigo de Calle Ppal.": 7647, "SOV_Codigo de Calle Desde": 6762, "SOV_Codigo de Calle Hasta": 1683, "SOV_Descripción Modalidad": "CONTRATO", "SOV_Nombre Proveedor": null, "SOV_Nombre Cuadrilla": null, "SOV_Nombre de Unidad": "MANTENIMIENTO VIAL", "SOV_Codigo de Unidad": 425, "SOV_Costo de la Tarea": null, "SOV_Cantidad de la Tarea": 34.34, "SOV_Agrupador Tarea": 1.02, "SOV_Fecha de la Tarea": "19/01/2026", "SOV_Observaciones": null, "SOV_Plan de Obra": null, "SOV_Fecha Recepcion Definitiva": null, "SOV_Fecha Recepcion Provisoria": null, "SOV_Fecha de Fin": null, "SOV_Fecha de Inicio": "26/05/2025", "SOV_Proveedor": null, "SOV_Responsable": null, "SOV_Cuadrilla": null, "SOV_Unidad": 425, "SOV_Calle Hasta": "CNO CARRASCO", "SOV_Calle Desde": "GRAL MAXIMO TAJES", "SOV_Calle Principal": "AV DRA MA LUISA SALDUN DE RODRIGUEZ", "SOV_CCZ": 8, "SOV_Resolucion": null, "SOV_Contrato": 2077, "SOV_Proyecto": null, "SOV_Modalidad": 1, "SOV_Descripcion de la Obra": null, "SOV_Nro. de Obra (interno)": 91182 }, "geometry": { "type": "MultiLineString", "coordinates": [ [ [ -56.078620635292701, -34.877157317854525 ], [ -56.078144571603048, -34.876341565252091 ], [ -56.077938490754327, -34.876056162606083 ], [ -56.07725425279498, -34.87486115594794 ] ] ] } },
{ "type": "Feature", "properties": { "fid": 18279, "nom_calle": "AV DRA MA LUISA SALDUN DE RODRIGUEZ", "cod_depto": 1, "cod_locali": 20, "gid": 106166043.0, "cod_nombre": 7647, "tipo": "CALZADA DE SERVICIO", "SOV_Costo Unitario": null, "SOV_Unidad de la Tarea": "m2", "SOV_Nombre Tarea": "BACHEO ASFALTICO SUPERFICIAL", "SOV_Codigo de Tarea": 2, "SOV_Codigo de Calle Ppal.": 7647, "SOV_Codigo de Calle Desde": 6762, "SOV_Codigo de Calle Hasta": 1683, "SOV_Descripción Modalidad": "CONTRATO", "SOV_Nombre Proveedor": null, "SOV_Nombre Cuadrilla": null, "SOV_Nombre de Unidad": "MANTENIMIENTO VIAL", "SOV_Codigo de Unidad": 425, "SOV_Costo de la Tarea": null, "SOV_Cantidad de la Tarea": 34.34, "SOV_Agrupador Tarea": 1.02, "SOV_Fecha de la Tarea": "19/01/2026", "SOV_Observaciones": null, "SOV_Plan de Obra": null, "SOV_Fecha Recepcion Definitiva": null, "SOV_Fecha Recepcion Provisoria": null, "SOV_Fecha de Fin": null, "SOV_Fecha de Inicio": "26/05/2025", "SOV_Proveedor": null, "SOV_Responsable": null, "SOV_Cuadrilla": null, "SOV_Unidad": 425, "SOV_Calle Hasta": "CNO CARRASCO", "SOV_Calle Desde": "GRAL MAXIMO TAJES", "SOV_Calle Principal": "AV DRA MA LUISA SALDUN DE RODRIGUEZ", "SOV_CCZ": 8, "SOV_Resolucion": null, "SOV_Contrato": 2077, "SOV_Proyecto": null, "SOV_Modalidad": 1, "SOV_Descripcion de la Obra": null, "SOV_Nro. de Obra (interno)": 91182 }, "geometry": { "type": "MultiLineString", "coordinates": [ [ [ -56.075975528307616, -34.872663945351242 ], [ -56.075209884764568, -34.871407750841897 ], [ -56.075209031152269, -34.871406458097795 ], [ -56.075208204857297, -34.871405153353429 ], [ -56.075207406127916, -34.871403837000827 ], [ -56.075206635204161, -34.871402509435505 ], [ -56.075205892317648, -34.871401171056405 ], [ -56.075205177691622, -34.87139982226568 ], [ -56.075204491540809, -34.871398463468594 ], [ -56.075203834071381, -34.871397095073483 ], [ -56.075203205480889, -34.871395717491474 ], [ -56.075202605958218, -34.871394331136543 ], [ -56.07520203568351, -34.871392936425245 ], [ -56.075201494828121, -34.871391533776681 ], [ -56.075200983554573, -34.871390123612308 ], [ -56.075200502016479, -34.871388706355852 ], [ -56.075200050358539, -34.87138728243319 ], [ -56.075199628716469, -34.871385852272162 ], [ -56.075199237216957, -34.871384416302533 ], [ -56.075198875977641, -34.871382974955772 ], [ -56.075198545107071, -34.871381528664962 ], [ -56.075198244704659, -34.871380077864707 ], [ -56.075197974860671, -34.871378622990932 ], [ -56.075197735656189, -34.871377164480812 ], [ -56.075197527163098, -34.871375702772603 ], [ -56.075197349444025, -34.871374238305499 ], [ -56.075197202552388, -34.871372771519582 ], [ -56.075197086532306, -34.871371302855572 ], [ -56.075197001418651, -34.871369832754773 ], [ -56.075196947236996, -34.871368361658938 ], [ -56.07519692400362, -34.871366890010073 ], [ -56.075196931725493, -34.871365418250434 ], [ -56.075196970400299, -34.871363946822186 ], [ -56.075197040016427, -34.871362476167526 ], [ -56.075197140552945, -34.871361006728343 ], [ -56.07519727197964, -34.871359538946152 ], [ -56.075197434257021, -34.871358073262037 ], [ -56.07519762733633, -34.871356610116372 ], [ -56.075197851159544, -34.871355149948826 ], [ -56.075198105659403, -34.871353693198145 ], [ -56.075198390759446, -34.871352240302052 ], [ -56.075198706373996, -34.871350791697118 ], [ -56.075199052408209, -34.871349347818622 ], [ -56.075199428758118, -34.871347909100436 ], [ -56.075199835310627, -34.871346475974839 ], [ -56.075200271943579, -34.87134504887247 ], [ -56.075200738525766, -34.871343628222164 ], [ -56.075201234916996, -34.871342214450777 ], [ -56.075201760968099, -34.871340807983124 ], [ -56.075202316521015, -34.871339409241841 ], [ -56.075202901408808, -34.871338018647194 ], [ -56.075203515455726, -34.871336636617066 ], [ -56.075204158477263, -34.871335263566699 ], [ -56.075204830280192, -34.871333899908691 ], [ -56.075205530662664, -34.871332546052777 ], [ -56.075206259414209, -34.871331202405784 ], [ -56.075207016315851, -34.871329869371436 ], [ -56.075207801140166, -34.871328547350281 ], [ -56.075208613651313, -34.871327236739603 ], [ -56.075209453605162, -34.871325937933165 ], [ -56.075210320749314, -34.871324651321252 ], [ -56.075211214823199, -34.87132337729048 ], [ -56.075212135558175, -34.871322116223645 ], [ -56.075213082677578, -34.871320868499694 ], [ -56.075214055896808, -34.871319634493531 ], [ -56.075215054923433, -34.871318414575953 ], [ -56.075216079457263, -34.871317209113542 ], [ -56.075217129190449, -34.871316018468505 ], [ -56.075218203807559, -34.871314842998601 ], [ -56.075219302985694, -34.871313683057032 ], [ -56.075220426394573, -34.871312538992356 ], [ -56.075221573696616, -34.871311411148326 ], [ -56.075222744547098, -34.871310299863843 ], [ -56.075223938594192, -34.871309205472841 ], [ -56.075225155479117, -34.871308128304143 ], [ -56.075226394836207, -34.871307068681432 ], [ -56.075227656293073, -34.871306026923094 ], [ -56.075228939470662, -34.871305003342144 ], [ -56.075230243983398, -34.871303998246198 ], [ -56.07523156943931, -34.871303011937222 ], [ -56.075232915440125, -34.871302044711591 ], [ -56.07523428158138, -34.871301096859952 ], [ -56.075235667452588, -34.871300168667105 ], [ -56.075237072637314, -34.871299260411959 ], [ -56.075238496713332, -34.871298372367427 ], [ -56.075239939252732, -34.871297504800332 ], [ -56.075241399822055, -34.871296657971392 ], [ -56.075242877982433, -34.87129583213504 ], [ -56.075244373289699, -34.871295027539453 ], [ -56.075499972770203, -34.871169879604246 ] ] ] } },
{ "type": "Feature", "properties": { "fid": 18310, "nom_calle": "JUAN PEDRO BERANGER", "cod_depto": 1, "cod_locali": 20, "gid": 106166074.0, "cod_nombre": 885, "tipo": "CALLE", "SOV_Costo Unitario": null, "SOV_Unidad de la Tarea": "m2", "SOV_Nombre Tarea": "BACHEO ASFALTICO SUPERFICIAL", "SOV_Codigo de Tarea": 2, "SOV_Codigo de Calle Ppal.": 885, "SOV_Codigo de Calle Desde": 3306, "SOV_Codigo de Calle Hasta": 4986, "SOV_Descripción Modalidad": "CONTRATO", "SOV_Nombre Proveedor": null, "SOV_Nombre Cuadrilla": null, "SOV_Nombre de Unidad": "MANTENIMIENTO VIAL", "SOV_Codigo de Unidad": 425, "SOV_Costo de la Tarea": null, "SOV_Cantidad de la Tarea": 16.73, "SOV_Agrupador Tarea": 1.02, "SOV_Fecha de la Tarea": "20/01/2026", "SOV_Observaciones": null, "SOV_Plan de Obra": null, "SOV_Fecha Recepcion Definitiva": null, "SOV_Fecha Recepcion Provisoria": null, "SOV_Fecha de Fin": null, "SOV_Fecha de Inicio": "26/05/2025", "SOV_Proveedor": null, "SOV_Responsable": null, "SOV_Cuadrilla": null, "SOV_Unidad": 425, "SOV_Calle Hasta": "ORLEANS", "SOV_Calle Desde": "HAVRE", "SOV_Calle Principal": "JUAN PEDRO BERANGER", "SOV_CCZ": 8, "SOV_Resolucion": null, "SOV_Contrato": 2077, "SOV_Proyecto": null, "SOV_Modalidad": 1, "SOV_Descripcion de la Obra": null, "SOV_Nro. de Obra (interno)": 91212 }, "geometry": { "type": "MultiLineString", "coordinates": [ [ [ -56.067986345863126, -34.87131240871097 ], [ -56.068180363664176, -34.871325256894607 ], [ -56.069309455129506, -34.871416743713517 ] ] ] } },
{ "type": "Feature", "properties": { "fid": 18350, "nom_calle": "JUAN PEDRO BERANGER", "cod_depto": 1, "cod_locali": 20, "gid": 106166115.0, "cod_nombre": 885, "tipo": "CALLE", "SOV_Costo Unitario": null, "SOV_Unidad de la Tarea": "m2", "SOV_Nombre Tarea": "BACHEO ASFALTICO SUPERFICIAL", "SOV_Codigo de Tarea": 2, "SOV_Codigo de Calle Ppal.": 885, "SOV_Codigo de Calle Desde": 3306, "SOV_Codigo de Calle Hasta": 4986, "SOV_Descripción Modalidad": "CONTRATO", "SOV_Nombre Proveedor": null, "SOV_Nombre Cuadrilla": null, "SOV_Nombre de Unidad": "MANTENIMIENTO VIAL", "SOV_Codigo de Unidad": 425, "SOV_Costo de la Tarea": null, "SOV_Cantidad de la Tarea": 16.73, "SOV_Agrupador Tarea": 1.02, "SOV_Fecha de la Tarea": "20/01/2026", "SOV_Observaciones": null, "SOV_Plan de Obra": null, "SOV_Fecha Recepcion Definitiva": null, "SOV_Fecha Recepcion Provisoria": null, "SOV_Fecha de Fin": null, "SOV_Fecha de Inicio": "26/05/2025", "SOV_Proveedor": null, "SOV_Responsable": null, "SOV_Cuadrilla": null, "SOV_Unidad": 425, "SOV_Calle Hasta": "ORLEANS", "SOV_Calle Desde": "HAVRE", "SOV_Calle Principal": "JUAN PEDRO BERANGER", "SOV_CCZ": 8, "SOV_Resolucion": null, "SOV_Contrato": 2077, "SOV_Proyecto": null, "SOV_Modalidad": 1, "SOV_Descripcion de la Obra": null, "SOV_Nro. de Obra (interno)": 91212 }, "geometry": { "type": "MultiLineString", "coordinates": [ [ [ -56.065323237409388, -34.87110345224341 ], [ -56.066712633306373, -34.871214646354332 ] ] ] } },
{ "type": "Feature", "properties": { "fid": 18360, "nom_calle": "JUAN PEDRO BERANGER", "cod_depto": 1, "cod_locali": 20, "gid": 106166126.0, "cod_nombre": 885, "tipo": "CALLE", "SOV_Costo Unitario": null, "SOV_Unidad de la Tarea": "m2", "SOV_Nombre Tarea": "BACHEO ASFALTICO SUPERFICIAL", "SOV_Codigo de Tarea": 2, "SOV_Codigo de Calle Ppal.": 885, "SOV_Codigo de Calle Desde": 3306, "SOV_Codigo de Calle Hasta": 4986, "SOV_Descripción Modalidad": "CONTRATO", "SOV_Nombre Proveedor": null, "SOV_Nombre Cuadrilla": null, "SOV_Nombre de Unidad": "MANTENIMIENTO VIAL", "SOV_Codigo de Unidad": 425, "SOV_Costo de la Tarea": null, "SOV_Cantidad de la Tarea": 16.73, "SOV_Agrupador Tarea": 1.02, "SOV_Fecha de la Tarea": "20/01/2026", "SOV_Observaciones": null, "SOV_Plan de Obra": null, "SOV_Fecha Recepcion Definitiva": null, "SOV_Fecha Recepcion Provisoria": null, "SOV_Fecha de Fin": null, "SOV_Fecha de Inicio": "26/05/2025", "SOV_Proveedor": null, "SOV_Responsable": null, "SOV_Cuadrilla": null, "SOV_Unidad": 425, "SOV_Calle Hasta": "ORLEANS", "SOV_Calle Desde": "HAVRE", "SOV_Calle Principal": "JUAN PEDRO BERANGER", "SOV_CCZ": 8, "SOV_Resolucion": null, "SOV_Contrato": 2077, "SOV_Proyecto": null, "SOV_Modalidad": 1, "SOV_Descripcion de la Obra": null, "SOV_Nro. de Obra (interno)": 91212 }, "geometry": { "type": "MultiLineString", "coordinates": [ [ [ -56.066712633306373, -34.871214646354332 ], [ -56.067986345863126, -34.87131240871097 ] ] ] } },
{ "type": "Feature", "properties": { "fid": 18379, "nom_calle": "JUAN PEDRO BERANGER", "cod_depto": 1, "cod_locali": 20, "gid": 106166145.0, "cod_nombre": 885, "tipo": "CALLE", "SOV_Costo Unitario": null, "SOV_Unidad de la Tarea": "m2", "SOV_Nombre Tarea": "BACHEO ASFALTICO SUPERFICIAL", "SOV_Codigo de Tarea": 2, "SOV_Codigo de Calle Ppal.": 885, "SOV_Codigo de Calle Desde": 3306, "SOV_Codigo de Calle Hasta": 4986, "SOV_Descripción Modalidad": "CONTRATO", "SOV_Nombre Proveedor": null, "SOV_Nombre Cuadrilla": null, "SOV_Nombre de Unidad": "MANTENIMIENTO VIAL", "SOV_Codigo de Unidad": 425, "SOV_Costo de la Tarea": null, "SOV_Cantidad de la Tarea": 16.73, "SOV_Agrupador Tarea": 1.02, "SOV_Fecha de la Tarea": "20/01/2026", "SOV_Observaciones": null, "SOV_Plan de Obra": null, "SOV_Fecha Recepcion Definitiva": null, "SOV_Fecha Recepcion Provisoria": null, "SOV_Fecha de Fin": null, "SOV_Fecha de Inicio": "26/05/2025", "SOV_Proveedor": null, "SOV_Responsable": null, "SOV_Cuadrilla": null, "SOV_Unidad": 425, "SOV_Calle Hasta": "ORLEANS", "SOV_Calle Desde": "HAVRE", "SOV_Calle Principal": "JUAN PEDRO BERANGER", "SOV_CCZ": 8, "SOV_Resolucion": null, "SOV_Contrato": 2077, "SOV_Proyecto": null, "SOV_Modalidad": 1, "SOV_Descripcion de la Obra": null, "SOV_Nro. de Obra (interno)": 91212 }, "geometry": { "type": "MultiLineString", "coordinates": [ [ [ -56.065323237409388, -34.87110345224341 ], [ -56.0638973148207, -34.870992448078198 ], [ -56.063704946994605, -34.870975530814597 ] ] ] } },
{ "type": "Feature", "properties": { "fid": 18427, "nom_calle": "LOS AROMOS", "cod_depto": 1, "cod_locali": 20, "gid": 106166192.0, "cod_nombre": 8828, "tipo": "CALLE", "SOV_Costo Unitario": null, "SOV_Unidad de la Tarea": "m2", "SOV_Nombre Tarea": "BACHEO ASFALTICO SUPERFICIAL", "SOV_Codigo de Tarea": 2, "SOV_Codigo de Calle Ppal.": 8828, "SOV_Codigo de Calle Desde": 106, "SOV_Codigo de Calle Hasta": 1462, "SOV_Descripción Modalidad": "CONTRATO", "SOV_Nombre Proveedor": null, "SOV_Nombre Cuadrilla": null, "SOV_Nombre de Unidad": "MANTENIMIENTO VIAL", "SOV_Codigo de Unidad": 425, "SOV_Costo de la Tarea": null, "SOV_Cantidad de la Tarea": 34.89, "SOV_Agrupador Tarea": 1.02, "SOV_Fecha de la Tarea": "26/01/2026", "SOV_Observaciones": null, "SOV_Plan de Obra": null, "SOV_Fecha Recepcion Definitiva": null, "SOV_Fecha Recepcion Provisoria": null, "SOV_Fecha de Fin": null, "SOV_Fecha de Inicio": "26/05/2025", "SOV_Proveedor": null, "SOV_Responsable": null, "SOV_Cuadrilla": null, "SOV_Unidad": 425, "SOV_Calle Hasta": "AMANCAY", "SOV_Calle Desde": "ARQ HORACIO ACOSTA Y LARA", "SOV_Calle Principal": "LOS AROMOS", "SOV_CCZ": 8, "SOV_Resolucion": null, "SOV_Contrato": 2077, "SOV_Proyecto": null, "SOV_Modalidad": 1, "SOV_Descripcion de la Obra": null, "SOV_Nro. de Obra (interno)": 91244 }, "geometry": { "type": "MultiLineString", "coordinates": [ [ [ -56.043685721753128, -34.870102126904634 ], [ -56.04366163876675, -34.870031115318277 ] ] ] } },
{ "type": "Feature", "properties": { "fid": 18447, "nom_calle": "LOS AROMOS", "cod_depto": 1, "cod_locali": 20, "gid": 106166213.0, "cod_nombre": 8828, "tipo": "CALLE", "SOV_Costo Unitario": null, "SOV_Unidad de la Tarea": "m2", "SOV_Nombre Tarea": "BACHEO ASFALTICO SUPERFICIAL", "SOV_Codigo de Tarea": 2, "SOV_Codigo de Calle Ppal.": 8828, "SOV_Codigo de Calle Desde": 106, "SOV_Codigo de Calle Hasta": 1462, "SOV_Descripción Modalidad": "CONTRATO", "SOV_Nombre Proveedor": null, "SOV_Nombre Cuadrilla": null, "SOV_Nombre de Unidad": "MANTENIMIENTO VIAL", "SOV_Codigo de Unidad": 425, "SOV_Costo de la Tarea": null, "SOV_Cantidad de la Tarea": 34.89, "SOV_Agrupador Tarea": 1.02, "SOV_Fecha de la Tarea": "26/01/2026", "SOV_Observaciones": null, "SOV_Plan de Obra": null, "SOV_Fecha Recepcion Definitiva": null, "SOV_Fecha Recepcion Provisoria": null, "SOV_Fecha de Fin": null, "SOV_Fecha de Inicio": "26/05/2025", "SOV_Proveedor": null, "SOV_Responsable": null, "SOV_Cuadrilla": null, "SOV_Unidad": 425, "SOV_Calle Hasta": "AMANCAY", "SOV_Calle Desde": "ARQ HORACIO ACOSTA Y LARA", "SOV_Calle Principal": "LOS AROMOS", "SOV_CCZ": 8, "SOV_Resolucion": null, "SOV_Contrato": 2077, "SOV_Proyecto": null, "SOV_Modalidad": 1, "SOV_Descripcion de la Obra": null, "SOV_Nro. de Obra (interno)": 91244 }, "geometry": { "type": "MultiLineString", "coordinates": [ [ [ -56.043685721753128, -34.870102126904634 ], [ -56.043842323663384, -34.870563883499052 ], [ -56.043870435439999, -34.870664959779091 ], [ -56.04390282557425, -34.870831979471916 ] ] ] } },
{ "type": "Feature", "properties": { "fid": 18484, "nom_calle": "LOS AROMOS", "cod_depto": 1, "cod_locali": 20, "gid": 106166250.0, "cod_nombre": 8828, "tipo": "CALLE", "SOV_Costo Unitario": null, "SOV_Unidad de la Tarea": "m2", "SOV_Nombre Tarea": "BACHEO ASFALTICO SUPERFICIAL", "SOV_Codigo de Tarea": 2, "SOV_Codigo de Calle Ppal.": 8828, "SOV_Codigo de Calle Desde": 106, "SOV_Codigo de Calle Hasta": 1462, "SOV_Descripción Modalidad": "CONTRATO", "SOV_Nombre Proveedor": null, "SOV_Nombre Cuadrilla": null, "SOV_Nombre de Unidad": "MANTENIMIENTO VIAL", "SOV_Codigo de Unidad": 425, "SOV_Costo de la Tarea": null, "SOV_Cantidad de la Tarea": 34.89, "SOV_Agrupador Tarea": 1.02, "SOV_Fecha de la Tarea": "26/01/2026", "SOV_Observaciones": null, "SOV_Plan de Obra": null, "SOV_Fecha Recepcion Definitiva": null, "SOV_Fecha Recepcion Provisoria": null, "SOV_Fecha de Fin": null, "SOV_Fecha de Inicio": "26/05/2025", "SOV_Proveedor": null, "SOV_Responsable": null, "SOV_Cuadrilla": null, "SOV_Unidad": 425, "SOV_Calle Hasta": "AMANCAY", "SOV_Calle Desde": "ARQ HORACIO ACOSTA Y LARA", "SOV_Calle Principal": "LOS AROMOS", "SOV_CCZ": 8, "SOV_Resolucion": null, "SOV_Contrato": 2077, "SOV_Proyecto": null, "SOV_Modalidad": 1, "SOV_Descripcion de la Obra": null, "SOV_Nro. de Obra (interno)": 91244 }, "geometry": { "type": "MultiLineString", "coordinates": [ [ [ -56.043695356177722, -34.872608612690996 ], [ -56.043738300537647, -34.872283041133244 ] ] ] } },
{ "type": "Feature", "properties": { "fid": 18528, "nom_calle": "LOS AROMOS", "cod_depto": 1, "cod_locali": 20, "gid": 106166290.0, "cod_nombre": 8828, "tipo": "CALLE", "SOV_Costo Unitario": null, "SOV_Unidad de la Tarea": "m2", "SOV_Nombre Tarea": "BACHEO ASFALTICO SUPERFICIAL", "SOV_Codigo de Tarea": 2, "SOV_Codigo de Calle Ppal.": 8828, "SOV_Codigo de Calle Desde": 106, "SOV_Codigo de Calle Hasta": 1462, "SOV_Descripción Modalidad": "CONTRATO", "SOV_Nombre Proveedor": null, "SOV_Nombre Cuadrilla": null, "SOV_Nombre de Unidad": "MANTENIMIENTO VIAL", "SOV_Codigo de Unidad": 425, "SOV_Costo de la Tarea": null, "SOV_Cantidad de la Tarea": 34.89, "SOV_Agrupador Tarea": 1.02, "SOV_Fecha de la Tarea": "26/01/2026", "SOV_Observaciones": null, "SOV_Plan de Obra": null, "SOV_Fecha Recepcion Definitiva": null, "SOV_Fecha Recepcion Provisoria": null, "SOV_Fecha de Fin": null, "SOV_Fecha de Inicio": "26/05/2025", "SOV_Proveedor": null, "SOV_Responsable": null, "SOV_Cuadrilla": null, "SOV_Unidad": 425, "SOV_Calle Hasta": "AMANCAY", "SOV_Calle Desde": "ARQ HORACIO ACOSTA Y LARA", "SOV_Calle Principal": "LOS AROMOS", "SOV_CCZ": 8, "SOV_Resolucion": null, "SOV_Contrato": 2077, "SOV_Proyecto": null, "SOV_Modalidad": 1, "SOV_Descripcion de la Obra": null, "SOV_Nro. de Obra (interno)": 91244 }, "geometry": { "type": "MultiLineString", "coordinates": [ [ [ -56.043661402611612, -34.873091801788981 ], [ -56.043651606279376, -34.872975293949537 ], [ -56.043652819171342, -34.872939141656552 ], [ -56.043695356177722, -34.872608612690996 ] ] ] } },
{ "type": "Feature", "properties": { "fid": 18534, "nom_calle": "LOS AROMOS", "cod_depto": 1, "cod_locali": 20, "gid": 106166296.0, "cod_nombre": 8828, "tipo": "CALLE", "SOV_Costo Unitario": null, "SOV_Unidad de la Tarea": "m2", "SOV_Nombre Tarea": "BACHEO ASFALTICO SUPERFICIAL", "SOV_Codigo de Tarea": 2, "SOV_Codigo de Calle Ppal.": 8828, "SOV_Codigo de Calle Desde": 106, "SOV_Codigo de Calle Hasta": 1462, "SOV_Descripción Modalidad": "CONTRATO", "SOV_Nombre Proveedor": null, "SOV_Nombre Cuadrilla": null, "SOV_Nombre de Unidad": "MANTENIMIENTO VIAL", "SOV_Codigo de Unidad": 425, "SOV_Costo de la Tarea": null, "SOV_Cantidad de la Tarea": 34.89, "SOV_Agrupador Tarea": 1.02, "SOV_Fecha de la Tarea": "26/01/2026", "SOV_Observaciones": null, "SOV_Plan de Obra": null, "SOV_Fecha Recepcion Definitiva": null, "SOV_Fecha Recepcion Provisoria": null, "SOV_Fecha de Fin": null, "SOV_Fecha de Inicio": "26/05/2025", "SOV_Proveedor": null, "SOV_Responsable": null, "SOV_Cuadrilla": null, "SOV_Unidad": 425, "SOV_Calle Hasta": "AMANCAY", "SOV_Calle Desde": "ARQ HORACIO ACOSTA Y LARA", "SOV_Calle Principal": "LOS AROMOS", "SOV_CCZ": 8, "SOV_Resolucion": null, "SOV_Contrato": 2077, "SOV_Proyecto": null, "SOV_Modalidad": 1, "SOV_Descripcion de la Obra": null, "SOV_Nro. de Obra (interno)": 91244 }, "geometry": { "type": "MultiLineString", "coordinates": [ [ [ -56.043738300537647, -34.872283041133244 ], [ -56.043766562758762, -34.872087381170566 ], [ -56.043786052166261, -34.871984910960109 ], [ -56.04379431130166, -34.871950284150934 ], [ -56.043804814258017, -34.871915776925157 ], [ -56.0438314478221, -34.871845127812882 ], [ -56.04387644576321, -34.871679443684172 ], [ -56.043904046369462, -34.871546396926547 ], [ -56.04391962118379, -34.87144085168805 ], [ -56.043935412239286, -34.871260236331793 ], [ -56.043935278279257, -34.871197098038245 ], [ -56.043927698791009, -34.871021836499466 ], [ -56.043918068608846, -34.870919691731856 ], [ -56.04390282557425, -34.870831979471916 ] ] ] } },
{ "type": "Feature", "properties": { "fid": 18555, "nom_calle": "ARQ HORACIO ACOSTA Y LARA", "cod_depto": 1, "cod_locali": 20, "gid": 106166317.0, "cod_nombre": 106, "tipo": "CALLE", "SOV_Costo Unitario": null, "SOV_Unidad de la Tarea": "m2", "SOV_Nombre Tarea": "BACHEO ASFALTICO SUPERFICIAL", "SOV_Codigo de Tarea": 2, "SOV_Codigo de Calle Ppal.": 106, "SOV_Codigo de Calle Desde": 8828, "SOV_Codigo de Calle Hasta": 2817, "SOV_Descripción Modalidad": "CONTRATO", "SOV_Nombre Proveedor": null, "SOV_Nombre Cuadrilla": null, "SOV_Nombre de Unidad": "MANTENIMIENTO VIAL", "SOV_Codigo de Unidad": 425, "SOV_Costo de la Tarea": null, "SOV_Cantidad de la Tarea": 1.08, "SOV_Agrupador Tarea": 1.02, "SOV_Fecha de la Tarea": "26/01/2026", "SOV_Observaciones": null, "SOV_Plan de Obra": null, "SOV_Fecha Recepcion Definitiva": null, "SOV_Fecha Recepcion Provisoria": null, "SOV_Fecha de Fin": null, "SOV_Fecha de Inicio": "26/05/2025", "SOV_Proveedor": null, "SOV_Responsable": null, "SOV_Cuadrilla": null, "SOV_Unidad": 425, "SOV_Calle Hasta": "GRAL  FRENCH", "SOV_Calle Desde": "LOS AROMOS", "SOV_Calle Principal": "ARQ HORACIO ACOSTA Y LARA", "SOV_CCZ": 8, "SOV_Resolucion": null, "SOV_Contrato": 2077, "SOV_Proyecto": null, "SOV_Modalidad": 1, "SOV_Descripcion de la Obra": null, "SOV_Nro. de Obra (interno)": 91246 }, "geometry": { "type": "MultiLineString", "coordinates": [ [ [ -56.044529009704533, -34.870024425999226 ], [ -56.044287809181782, -34.870005336083281 ], [ -56.044130292315913, -34.869999702902888 ], [ -56.043940395836778, -34.87000009180003 ], [ -56.04388127483363, -34.870002668245306 ], [ -56.043797273628073, -34.870010465060162 ], [ -56.043775443003057, -34.870013149184295 ], [ -56.04366163876675, -34.870031115318277 ] ] ] } },
{ "type": "Feature", "properties": { "fid": 18998, "nom_calle": "AV DRA MA LUISA SALDUN DE RODRIGUEZ", "cod_depto": 1, "cod_locali": 20, "gid": 106166774.0, "cod_nombre": 7647, "tipo": "AVENIDA", "SOV_Costo Unitario": null, "SOV_Unidad de la Tarea": "m2", "SOV_Nombre Tarea": "BACHEO ASFALTICO SUPERFICIAL", "SOV_Codigo de Tarea": 2, "SOV_Codigo de Calle Ppal.": 7647, "SOV_Codigo de Calle Desde": 6762, "SOV_Codigo de Calle Hasta": 1683, "SOV_Descripción Modalidad": "CONTRATO", "SOV_Nombre Proveedor": null, "SOV_Nombre Cuadrilla": null, "SOV_Nombre de Unidad": "MANTENIMIENTO VIAL", "SOV_Codigo de Unidad": 425, "SOV_Costo de la Tarea": null, "SOV_Cantidad de la Tarea": 34.34, "SOV_Agrupador Tarea": 1.02, "SOV_Fecha de la Tarea": "19/01/2026", "SOV_Observaciones": null, "SOV_Plan de Obra": null, "SOV_Fecha Recepcion Definitiva": null, "SOV_Fecha Recepcion Provisoria": null, "SOV_Fecha de Fin": null, "SOV_Fecha de Inicio": "26/05/2025", "SOV_Proveedor": null, "SOV_Responsable": null, "SOV_Cuadrilla": null, "SOV_Unidad": 425, "SOV_Calle Hasta": "CNO CARRASCO", "SOV_Calle Desde": "GRAL MAXIMO TAJES", "SOV_Calle Principal": "AV DRA MA LUISA SALDUN DE RODRIGUEZ", "SOV_CCZ": 8, "SOV_Resolucion": null, "SOV_Contrato": 2077, "SOV_Proyecto": null, "SOV_Modalidad": 1, "SOV_Descripcion de la Obra": null, "SOV_Nro. de Obra (interno)": 91182 }, "geometry": { "type": "MultiLineString", "coordinates": [ [ [ -56.075499972770203, -34.871169879604246 ], [ -56.075196652780939, -34.870665386212359 ], [ -56.075014557940968, -34.870390208789793 ], [ -56.074999107993413, -34.870363782972362 ], [ -56.074962031705844, -34.870283397948924 ], [ -56.074943022388595, -34.870235876936626 ], [ -56.074919791381618, -34.870112144957339 ] ] ] } },
{ "type": "Feature", "properties": { "fid": 19092, "nom_calle": "AV JOSE BELLONI", "cod_depto": 1, "cod_locali": 20, "gid": 106167247.0, "cod_nombre": 918, "tipo": "AVENIDA", "SOV_Costo Unitario": null, "SOV_Unidad de la Tarea": "m2", "SOV_Nombre Tarea": "BACHEO ASFALTICO SUPERFICIAL", "SOV_Codigo de Tarea": 2, "SOV_Codigo de Calle Ppal.": 918, "SOV_Codigo de Calle Desde": 1197, "SOV_Codigo de Calle Hasta": 5670, "SOV_Descripción Modalidad": "CONTRATO", "SOV_Nombre Proveedor": null, "SOV_Nombre Cuadrilla": null, "SOV_Nombre de Unidad": "MANTENIMIENTO VIAL", "SOV_Codigo de Unidad": 425, "SOV_Costo de la Tarea": null, "SOV_Cantidad de la Tarea": 24.92, "SOV_Agrupador Tarea": 1.02, "SOV_Fecha de la Tarea": "23/01/2026", "SOV_Observaciones": null, "SOV_Plan de Obra": null, "SOV_Fecha Recepcion Definitiva": null, "SOV_Fecha Recepcion Provisoria": null, "SOV_Fecha de Fin": null, "SOV_Fecha de Inicio": "26/05/2025", "SOV_Proveedor": null, "SOV_Responsable": null, "SOV_Cuadrilla": null, "SOV_Unidad": 425, "SOV_Calle Hasta": "PREVISION", "SOV_Calle Desde": "BUYO JOSE MARIA", "SOV_Calle Principal": "AV JOSE BELLONI", "SOV_CCZ": 9, "SOV_Resolucion": null, "SOV_Contrato": 2077, "SOV_Proyecto": null, "SOV_Modalidad": 1, "SOV_Descripcion de la Obra": null, "SOV_Nro. de Obra (interno)": 91202 }, "geometry": { "type": "MultiLineString", "coordinates": [ [ [ -56.139841304182383, -34.820364400885559 ], [ -56.139640386177746, -34.819410424741427 ] ] ] } },
{ "type": "Feature", "properties": { "fid": 19123, "nom_calle": "AV JOSE BELLONI", "cod_depto": 1, "cod_locali": 20, "gid": 106167248.0, "cod_nombre": 918, "tipo": "AVENIDA", "SOV_Costo Unitario": null, "SOV_Unidad de la Tarea": "m2", "SOV_Nombre Tarea": "BACHEO ASFALTICO SUPERFICIAL", "SOV_Codigo de Tarea": 2, "SOV_Codigo de Calle Ppal.": 918, "SOV_Codigo de Calle Desde": 1197, "SOV_Codigo de Calle Hasta": 5670, "SOV_Descripción Modalidad": "CONTRATO", "SOV_Nombre Proveedor": null, "SOV_Nombre Cuadrilla": null, "SOV_Nombre de Unidad": "MANTENIMIENTO VIAL", "SOV_Codigo de Unidad": 425, "SOV_Costo de la Tarea": null, "SOV_Cantidad de la Tarea": 24.92, "SOV_Agrupador Tarea": 1.02, "SOV_Fecha de la Tarea": "23/01/2026", "SOV_Observaciones": null, "SOV_Plan de Obra": null, "SOV_Fecha Recepcion Definitiva": null, "SOV_Fecha Recepcion Provisoria": null, "SOV_Fecha de Fin": null, "SOV_Fecha de Inicio": "26/05/2025", "SOV_Proveedor": null, "SOV_Responsable": null, "SOV_Cuadrilla": null, "SOV_Unidad": 425, "SOV_Calle Hasta": "PREVISION", "SOV_Calle Desde": "BUYO JOSE MARIA", "SOV_Calle Principal": "AV JOSE BELLONI", "SOV_CCZ": 9, "SOV_Resolucion": null, "SOV_Contrato": 2077, "SOV_Proyecto": null, "SOV_Modalidad": 1, "SOV_Descripcion de la Obra": null, "SOV_Nro. de Obra (interno)": 91202 }, "geometry": { "type": "MultiLineString", "coordinates": [ [ [ -56.139584988805062, -34.819140544776019 ], [ -56.139640386177746, -34.819410424741427 ] ] ] } },
{ "type": "Feature", "properties": { "fid": 19372, "nom_calle": "AV JOSE BELLONI", "cod_depto": 1, "cod_locali": 20, "gid": 106167250.0, "cod_nombre": 918, "tipo": "AVENIDA", "SOV_Costo Unitario": null, "SOV_Unidad de la Tarea": "m2", "SOV_Nombre Tarea": "BACHEO ASFALTICO SUPERFICIAL", "SOV_Codigo de Tarea": 2, "SOV_Codigo de Calle Ppal.": 918, "SOV_Codigo de Calle Desde": 1197, "SOV_Codigo de Calle Hasta": 5670, "SOV_Descripción Modalidad": "CONTRATO", "SOV_Nombre Proveedor": null, "SOV_Nombre Cuadrilla": null, "SOV_Nombre de Unidad": "MANTENIMIENTO VIAL", "SOV_Codigo de Unidad": 425, "SOV_Costo de la Tarea": null, "SOV_Cantidad de la Tarea": 24.92, "SOV_Agrupador Tarea": 1.02, "SOV_Fecha de la Tarea": "23/01/2026", "SOV_Observaciones": null, "SOV_Plan de Obra": null, "SOV_Fecha Recepcion Definitiva": null, "SOV_Fecha Recepcion Provisoria": null, "SOV_Fecha de Fin": null, "SOV_Fecha de Inicio": "26/05/2025", "SOV_Proveedor": null, "SOV_Responsable": null, "SOV_Cuadrilla": null, "SOV_Unidad": 425, "SOV_Calle Hasta": "PREVISION", "SOV_Calle Desde": "BUYO JOSE MARIA", "SOV_Calle Principal": "AV JOSE BELLONI", "SOV_CCZ": 9, "SOV_Resolucion": null, "SOV_Contrato": 2077, "SOV_Proyecto": null, "SOV_Modalidad": 1, "SOV_Descripcion de la Obra": null, "SOV_Nro. de Obra (interno)": 91202 }, "geometry": { "type": "MultiLineString", "coordinates": [ [ [ -56.139584988805062, -34.819140544776019 ], [ -56.139420706155668, -34.818357249631582 ] ] ] } },
{ "type": "Feature", "properties": { "fid": 19449, "nom_calle": "AV JOSE BELLONI", "cod_depto": 1, "cod_locali": 20, "gid": 106167262.0, "cod_nombre": 918, "tipo": "AVENIDA", "SOV_Costo Unitario": null, "SOV_Unidad de la Tarea": "m2", "SOV_Nombre Tarea": "BACHEO ASFALTICO SUPERFICIAL", "SOV_Codigo de Tarea": 2, "SOV_Codigo de Calle Ppal.": 918, "SOV_Codigo de Calle Desde": 1197, "SOV_Codigo de Calle Hasta": 5670, "SOV_Descripción Modalidad": "CONTRATO", "SOV_Nombre Proveedor": null, "SOV_Nombre Cuadrilla": null, "SOV_Nombre de Unidad": "MANTENIMIENTO VIAL", "SOV_Codigo de Unidad": 425, "SOV_Costo de la Tarea": null, "SOV_Cantidad de la Tarea": 24.92, "SOV_Agrupador Tarea": 1.02, "SOV_Fecha de la Tarea": "23/01/2026", "SOV_Observaciones": null, "SOV_Plan de Obra": null, "SOV_Fecha Recepcion Definitiva": null, "SOV_Fecha Recepcion Provisoria": null, "SOV_Fecha de Fin": null, "SOV_Fecha de Inicio": "26/05/2025", "SOV_Proveedor": null, "SOV_Responsable": null, "SOV_Cuadrilla": null, "SOV_Unidad": 425, "SOV_Calle Hasta": "PREVISION", "SOV_Calle Desde": "BUYO JOSE MARIA", "SOV_Calle Principal": "AV JOSE BELLONI", "SOV_CCZ": 9, "SOV_Resolucion": null, "SOV_Contrato": 2077, "SOV_Proyecto": null, "SOV_Modalidad": 1, "SOV_Descripcion de la Obra": null, "SOV_Nro. de Obra (interno)": 91202 }, "geometry": { "type": "MultiLineString", "coordinates": [ [ [ -56.139420706155668, -34.818357249631582 ], [ -56.139113165583673, -34.81688521130237 ] ] ] } },
{ "type": "Feature", "properties": { "fid": 19830, "nom_calle": "AV JOSE BELLONI", "cod_depto": 1, "cod_locali": 20, "gid": 106167681.0, "cod_nombre": 918, "tipo": "AVENIDA", "SOV_Costo Unitario": null, "SOV_Unidad de la Tarea": "m2", "SOV_Nombre Tarea": "BACHEO ASFALTICO SUPERFICIAL", "SOV_Codigo de Tarea": 2, "SOV_Codigo de Calle Ppal.": 918, "SOV_Codigo de Calle Desde": 1197, "SOV_Codigo de Calle Hasta": 5670, "SOV_Descripción Modalidad": "CONTRATO", "SOV_Nombre Proveedor": null, "SOV_Nombre Cuadrilla": null, "SOV_Nombre de Unidad": "MANTENIMIENTO VIAL", "SOV_Codigo de Unidad": 425, "SOV_Costo de la Tarea": null, "SOV_Cantidad de la Tarea": 24.92, "SOV_Agrupador Tarea": 1.02, "SOV_Fecha de la Tarea": "23/01/2026", "SOV_Observaciones": null, "SOV_Plan de Obra": null, "SOV_Fecha Recepcion Definitiva": null, "SOV_Fecha Recepcion Provisoria": null, "SOV_Fecha de Fin": null, "SOV_Fecha de Inicio": "26/05/2025", "SOV_Proveedor": null, "SOV_Responsable": null, "SOV_Cuadrilla": null, "SOV_Unidad": 425, "SOV_Calle Hasta": "PREVISION", "SOV_Calle Desde": "BUYO JOSE MARIA", "SOV_Calle Principal": "AV JOSE BELLONI", "SOV_CCZ": 9, "SOV_Resolucion": null, "SOV_Contrato": 2077, "SOV_Proyecto": null, "SOV_Modalidad": 1, "SOV_Descripcion de la Obra": null, "SOV_Nro. de Obra (interno)": 91202 }, "geometry": { "type": "MultiLineString", "coordinates": [ [ [ -56.139113165583673, -34.81688521130237 ], [ -56.138840098001253, -34.815590917243064 ] ] ] } },
{ "type": "Feature", "properties": { "fid": 19836, "nom_calle": "AV JOSE BELLONI", "cod_depto": 1, "cod_locali": 20, "gid": 106167696.0, "cod_nombre": 918, "tipo": "AVENIDA", "SOV_Costo Unitario": null, "SOV_Unidad de la Tarea": "m2", "SOV_Nombre Tarea": "BACHEO ASFALTICO SUPERFICIAL", "SOV_Codigo de Tarea": 2, "SOV_Codigo de Calle Ppal.": 918, "SOV_Codigo de Calle Desde": 1197, "SOV_Codigo de Calle Hasta": 5670, "SOV_Descripción Modalidad": "CONTRATO", "SOV_Nombre Proveedor": null, "SOV_Nombre Cuadrilla": null, "SOV_Nombre de Unidad": "MANTENIMIENTO VIAL", "SOV_Codigo de Unidad": 425, "SOV_Costo de la Tarea": null, "SOV_Cantidad de la Tarea": 24.92, "SOV_Agrupador Tarea": 1.02, "SOV_Fecha de la Tarea": "23/01/2026", "SOV_Observaciones": null, "SOV_Plan de Obra": null, "SOV_Fecha Recepcion Definitiva": null, "SOV_Fecha Recepcion Provisoria": null, "SOV_Fecha de Fin": null, "SOV_Fecha de Inicio": "26/05/2025", "SOV_Proveedor": null, "SOV_Responsable": null, "SOV_Cuadrilla": null, "SOV_Unidad": 425, "SOV_Calle Hasta": "PREVISION", "SOV_Calle Desde": "BUYO JOSE MARIA", "SOV_Calle Principal": "AV JOSE BELLONI", "SOV_CCZ": 9, "SOV_Resolucion": null, "SOV_Contrato": 2077, "SOV_Proyecto": null, "SOV_Modalidad": 1, "SOV_Descripcion de la Obra": null, "SOV_Nro. de Obra (interno)": 91202 }, "geometry": { "type": "MultiLineString", "coordinates": [ [ [ -56.138840098001253, -34.815590917243064 ], [ -56.138504560548874, -34.813961379119434 ] ] ] } },
{ "type": "Feature", "properties": { "fid": 21160, "nom_calle": "PREVISION", "cod_depto": 1, "cod_locali": 20, "gid": 106169043.0, "cod_nombre": 5670, "tipo": "CALLE", "SOV_Costo Unitario": null, "SOV_Unidad de la Tarea": "m2", "SOV_Nombre Tarea": "BACHEO ASFALTICO PROFUNDO", "SOV_Codigo de Tarea": 1, "SOV_Codigo de Calle Ppal.": 5670, "SOV_Codigo de Calle Desde": 6999, "SOV_Codigo de Calle Hasta": 4293, "SOV_Descripción Modalidad": "CONTRATO", "SOV_Nombre Proveedor": null, "SOV_Nombre Cuadrilla": null, "SOV_Nombre de Unidad": "MANTENIMIENTO VIAL", "SOV_Codigo de Unidad": 425, "SOV_Costo de la Tarea": null, "SOV_Cantidad de la Tarea": 30.22, "SOV_Agrupador Tarea": 1.01, "SOV_Fecha de la Tarea": "23/01/2026", "SOV_Observaciones": null, "SOV_Plan de Obra": null, "SOV_Fecha Recepcion Definitiva": null, "SOV_Fecha Recepcion Provisoria": null, "SOV_Fecha de Fin": null, "SOV_Fecha de Inicio": "26/05/2025", "SOV_Proveedor": null, "SOV_Responsable": null, "SOV_Cuadrilla": null, "SOV_Unidad": 425, "SOV_Calle Hasta": "MASOLLER", "SOV_Calle Desde": "TUPAMBAE", "SOV_Calle Principal": "PREVISION", "SOV_CCZ": 10, "SOV_Resolucion": null, "SOV_Contrato": 2077, "SOV_Proyecto": null, "SOV_Modalidad": 1, "SOV_Descripcion de la Obra": null, "SOV_Nro. de Obra (interno)": 91201 }, "geometry": { "type": "MultiLineString", "coordinates": [ [ [ -56.142122135872256, -34.813431801884285 ], [ -56.141157372689889, -34.813574814097834 ], [ -56.141018407134872, -34.813591671836392 ] ] ] } },
{ "type": "Feature", "properties": { "fid": 22475, "nom_calle": "CNO DOMINGO ARENA", "cod_depto": 1, "cod_locali": 20, "gid": 106170462.0, "cod_nombre": 501, "tipo": "CALLE", "SOV_Costo Unitario": null, "SOV_Unidad de la Tarea": "m2", "SOV_Nombre Tarea": "BACHEO ASFALTICO SUPERFICIAL", "SOV_Codigo de Tarea": 2, "SOV_Codigo de Calle Ppal.": 501, "SOV_Codigo de Calle Desde": 4395, "SOV_Codigo de Calle Hasta": 6315, "SOV_Descripción Modalidad": "CONTRATO", "SOV_Nombre Proveedor": null, "SOV_Nombre Cuadrilla": null, "SOV_Nombre de Unidad": "MANTENIMIENTO VIAL", "SOV_Codigo de Unidad": 425, "SOV_Costo de la Tarea": null, "SOV_Cantidad de la Tarea": 41.84, "SOV_Agrupador Tarea": 1.02, "SOV_Fecha de la Tarea": "20/01/2026", "SOV_Observaciones": null, "SOV_Plan de Obra": null, "SOV_Fecha Recepcion Definitiva": null, "SOV_Fecha Recepcion Provisoria": null, "SOV_Fecha de Fin": null, "SOV_Fecha de Inicio": "26/05/2025", "SOV_Proveedor": null, "SOV_Responsable": null, "SOV_Cuadrilla": null, "SOV_Unidad": 425, "SOV_Calle Hasta": "AV GRAL SAN MARTIN", "SOV_Calle Desde": "AV DON PEDRO DE MENDOZA", "SOV_Calle Principal": "CNO DOMINGO ARENA", "SOV_CCZ": 11, "SOV_Resolucion": null, "SOV_Contrato": 2077, "SOV_Proyecto": null, "SOV_Modalidad": 1, "SOV_Descripcion de la Obra": null, "SOV_Nro. de Obra (interno)": 91213 }, "geometry": { "type": "MultiLineString", "coordinates": [ [ [ -56.157989128405731, -34.819029589255109 ], [ -56.156870223036705, -34.818865523927862 ], [ -56.156865788405767, -34.8188649452674 ], [ -56.156861342353722, -34.818864429645785 ], [ -56.156856886198042, -34.818863977215784 ], [ -56.156852421259217, -34.818863588111512 ], [ -56.156847948860296, -34.818863262448232 ], [ -56.156843470326585, -34.818863000322452 ], [ -56.156838986985186, -34.818862801811839 ], [ -56.156834500164614, -34.818862666975235 ], [ -56.15683001119443, -34.8188625958526 ], [ -56.156825521404834, -34.818862588464981 ], [ -56.15682103212626, -34.818862644814601 ], [ -56.156816544689001, -34.818862764884749 ], [ -56.156812060422787, -34.818862948639818 ], [ -56.156807580656434, -34.818863196025383 ], [ -56.156803106717391, -34.818863506968135 ], [ -56.156798639931417, -34.81886388137594 ], [ -56.156794181622118, -34.81886431913783 ], [ -56.156789733110621, -34.818864820124112 ], [ -56.156785295715117, -34.818865384186317 ], [ -56.156780870750524, -34.81886601115729 ], [ -56.156776459528075, -34.81886670085126 ] ] ] } },
{ "type": "Feature", "properties": { "fid": 22476, "nom_calle": "CNO DOMINGO ARENA", "cod_depto": 1, "cod_locali": 20, "gid": 106170463.0, "cod_nombre": 501, "tipo": "CALLE", "SOV_Costo Unitario": null, "SOV_Unidad de la Tarea": "m2", "SOV_Nombre Tarea": "BACHEO ASFALTICO SUPERFICIAL", "SOV_Codigo de Tarea": 2, "SOV_Codigo de Calle Ppal.": 501, "SOV_Codigo de Calle Desde": 4395, "SOV_Codigo de Calle Hasta": 6315, "SOV_Descripción Modalidad": "CONTRATO", "SOV_Nombre Proveedor": null, "SOV_Nombre Cuadrilla": null, "SOV_Nombre de Unidad": "MANTENIMIENTO VIAL", "SOV_Codigo de Unidad": 425, "SOV_Costo de la Tarea": null, "SOV_Cantidad de la Tarea": 41.84, "SOV_Agrupador Tarea": 1.02, "SOV_Fecha de la Tarea": "20/01/2026", "SOV_Observaciones": null, "SOV_Plan de Obra": null, "SOV_Fecha Recepcion Definitiva": null, "SOV_Fecha Recepcion Provisoria": null, "SOV_Fecha de Fin": null, "SOV_Fecha de Inicio": "26/05/2025", "SOV_Proveedor": null, "SOV_Responsable": null, "SOV_Cuadrilla": null, "SOV_Unidad": 425, "SOV_Calle Hasta": "AV GRAL SAN MARTIN", "SOV_Calle Desde": "AV DON PEDRO DE MENDOZA", "SOV_Calle Principal": "CNO DOMINGO ARENA", "SOV_CCZ": 11, "SOV_Resolucion": null, "SOV_Contrato": 2077, "SOV_Proyecto": null, "SOV_Modalidad": 1, "SOV_Descripcion de la Obra": null, "SOV_Nro. de Obra (interno)": 91213 }, "geometry": { "type": "MultiLineString", "coordinates": [ [ [ -56.167107036552224, -34.820503093525005 ], [ -56.166685907041376, -34.820436965545532 ] ] ] } },
{ "type": "Feature", "properties": { "fid": 22477, "nom_calle": "CNO DOMINGO ARENA", "cod_depto": 1, "cod_locali": 20, "gid": 106170464.0, "cod_nombre": 501, "tipo": "CALLE", "SOV_Costo Unitario": null, "SOV_Unidad de la Tarea": "m2", "SOV_Nombre Tarea": "BACHEO ASFALTICO SUPERFICIAL", "SOV_Codigo de Tarea": 2, "SOV_Codigo de Calle Ppal.": 501, "SOV_Codigo de Calle Desde": 4395, "SOV_Codigo de Calle Hasta": 6315, "SOV_Descripción Modalidad": "CONTRATO", "SOV_Nombre Proveedor": null, "SOV_Nombre Cuadrilla": null, "SOV_Nombre de Unidad": "MANTENIMIENTO VIAL", "SOV_Codigo de Unidad": 425, "SOV_Costo de la Tarea": null, "SOV_Cantidad de la Tarea": 41.84, "SOV_Agrupador Tarea": 1.02, "SOV_Fecha de la Tarea": "20/01/2026", "SOV_Observaciones": null, "SOV_Plan de Obra": null, "SOV_Fecha Recepcion Definitiva": null, "SOV_Fecha Recepcion Provisoria": null, "SOV_Fecha de Fin": null, "SOV_Fecha de Inicio": "26/05/2025", "SOV_Proveedor": null, "SOV_Responsable": null, "SOV_Cuadrilla": null, "SOV_Unidad": 425, "SOV_Calle Hasta": "AV GRAL SAN MARTIN", "SOV_Calle Desde": "AV DON PEDRO DE MENDOZA", "SOV_Calle Principal": "CNO DOMINGO ARENA", "SOV_CCZ": 11, "SOV_Resolucion": null, "SOV_Contrato": 2077, "SOV_Proyecto": null, "SOV_Modalidad": 1, "SOV_Descripcion de la Obra": null, "SOV_Nro. de Obra (interno)": 91213 }, "geometry": { "type": "MultiLineString", "coordinates": [ [ [ -56.161570033440427, -34.819563651938289 ], [ -56.160291737942032, -34.819377321066064 ] ] ] } },
{ "type": "Feature", "properties": { "fid": 22478, "nom_calle": "CNO DOMINGO ARENA", "cod_depto": 1, "cod_locali": 20, "gid": 106170465.0, "cod_nombre": 501, "tipo": "CALLE", "SOV_Costo Unitario": null, "SOV_Unidad de la Tarea": "m2", "SOV_Nombre Tarea": "BACHEO ASFALTICO SUPERFICIAL", "SOV_Codigo de Tarea": 2, "SOV_Codigo de Calle Ppal.": 501, "SOV_Codigo de Calle Desde": 4395, "SOV_Codigo de Calle Hasta": 6315, "SOV_Descripción Modalidad": "CONTRATO", "SOV_Nombre Proveedor": null, "SOV_Nombre Cuadrilla": null, "SOV_Nombre de Unidad": "MANTENIMIENTO VIAL", "SOV_Codigo de Unidad": 425, "SOV_Costo de la Tarea": null, "SOV_Cantidad de la Tarea": 41.84, "SOV_Agrupador Tarea": 1.02, "SOV_Fecha de la Tarea": "20/01/2026", "SOV_Observaciones": null, "SOV_Plan de Obra": null, "SOV_Fecha Recepcion Definitiva": null, "SOV_Fecha Recepcion Provisoria": null, "SOV_Fecha de Fin": null, "SOV_Fecha de Inicio": "26/05/2025", "SOV_Proveedor": null, "SOV_Responsable": null, "SOV_Cuadrilla": null, "SOV_Unidad": 425, "SOV_Calle Hasta": "AV GRAL SAN MARTIN", "SOV_Calle Desde": "AV DON PEDRO DE MENDOZA", "SOV_Calle Principal": "CNO DOMINGO ARENA", "SOV_CCZ": 11, "SOV_Resolucion": null, "SOV_Contrato": 2077, "SOV_Proyecto": null, "SOV_Modalidad": 1, "SOV_Descripcion de la Obra": null, "SOV_Nro. de Obra (interno)": 91213 }, "geometry": { "type": "MultiLineString", "coordinates": [ [ [ -56.160291737942032, -34.819377321066064 ], [ -56.159147513038079, -34.819204839770912 ] ] ] } },
{ "type": "Feature", "properties": { "fid": 22479, "nom_calle": "CNO DOMINGO ARENA", "cod_depto": 1, "cod_locali": 20, "gid": 106170466.0, "cod_nombre": 501, "tipo": "CALLE", "SOV_Costo Unitario": null, "SOV_Unidad de la Tarea": "m2", "SOV_Nombre Tarea": "BACHEO ASFALTICO SUPERFICIAL", "SOV_Codigo de Tarea": 2, "SOV_Codigo de Calle Ppal.": 501, "SOV_Codigo de Calle Desde": 4395, "SOV_Codigo de Calle Hasta": 6315, "SOV_Descripción Modalidad": "CONTRATO", "SOV_Nombre Proveedor": null, "SOV_Nombre Cuadrilla": null, "SOV_Nombre de Unidad": "MANTENIMIENTO VIAL", "SOV_Codigo de Unidad": 425, "SOV_Costo de la Tarea": null, "SOV_Cantidad de la Tarea": 41.84, "SOV_Agrupador Tarea": 1.02, "SOV_Fecha de la Tarea": "20/01/2026", "SOV_Observaciones": null, "SOV_Plan de Obra": null, "SOV_Fecha Recepcion Definitiva": null, "SOV_Fecha Recepcion Provisoria": null, "SOV_Fecha de Fin": null, "SOV_Fecha de Inicio": "26/05/2025", "SOV_Proveedor": null, "SOV_Responsable": null, "SOV_Cuadrilla": null, "SOV_Unidad": 425, "SOV_Calle Hasta": "AV GRAL SAN MARTIN", "SOV_Calle Desde": "AV DON PEDRO DE MENDOZA", "SOV_Calle Principal": "CNO DOMINGO ARENA", "SOV_CCZ": 11, "SOV_Resolucion": null, "SOV_Contrato": 2077, "SOV_Proyecto": null, "SOV_Modalidad": 1, "SOV_Descripcion de la Obra": null, "SOV_Nro. de Obra (interno)": 91213 }, "geometry": { "type": "MultiLineString", "coordinates": [ [ [ -56.163579328885753, -34.819939160067555 ], [ -56.162478352791723, -34.819760666383843 ], [ -56.162308272187779, -34.819725410382745 ] ] ] } },
{ "type": "Feature", "properties": { "fid": 22480, "nom_calle": "CNO DOMINGO ARENA", "cod_depto": 1, "cod_locali": 20, "gid": 106170467.0, "cod_nombre": 501, "tipo": "CALLE", "SOV_Costo Unitario": null, "SOV_Unidad de la Tarea": "m2", "SOV_Nombre Tarea": "BACHEO ASFALTICO SUPERFICIAL", "SOV_Codigo de Tarea": 2, "SOV_Codigo de Calle Ppal.": 501, "SOV_Codigo de Calle Desde": 4395, "SOV_Codigo de Calle Hasta": 6315, "SOV_Descripción Modalidad": "CONTRATO", "SOV_Nombre Proveedor": null, "SOV_Nombre Cuadrilla": null, "SOV_Nombre de Unidad": "MANTENIMIENTO VIAL", "SOV_Codigo de Unidad": 425, "SOV_Costo de la Tarea": null, "SOV_Cantidad de la Tarea": 41.84, "SOV_Agrupador Tarea": 1.02, "SOV_Fecha de la Tarea": "20/01/2026", "SOV_Observaciones": null, "SOV_Plan de Obra": null, "SOV_Fecha Recepcion Definitiva": null, "SOV_Fecha Recepcion Provisoria": null, "SOV_Fecha de Fin": null, "SOV_Fecha de Inicio": "26/05/2025", "SOV_Proveedor": null, "SOV_Responsable": null, "SOV_Cuadrilla": null, "SOV_Unidad": 425, "SOV_Calle Hasta": "AV GRAL SAN MARTIN", "SOV_Calle Desde": "AV DON PEDRO DE MENDOZA", "SOV_Calle Principal": "CNO DOMINGO ARENA", "SOV_CCZ": 11, "SOV_Resolucion": null, "SOV_Contrato": 2077, "SOV_Proyecto": null, "SOV_Modalidad": 1, "SOV_Descripcion de la Obra": null, "SOV_Nro. de Obra (interno)": 91213 }, "geometry": { "type": "MultiLineString", "coordinates": [ [ [ -56.162308272187779, -34.819725410382745 ], [ -56.16175472789763, -34.819599699164257 ], [ -56.161570033440427, -34.819563651938289 ] ] ] } },
{ "type": "Feature", "properties": { "fid": 22481, "nom_calle": "CNO DOMINGO ARENA", "cod_depto": 1, "cod_locali": 20, "gid": 106170468.0, "cod_nombre": 501, "tipo": "CALLE", "SOV_Costo Unitario": null, "SOV_Unidad de la Tarea": "m2", "SOV_Nombre Tarea": "BACHEO ASFALTICO SUPERFICIAL", "SOV_Codigo de Tarea": 2, "SOV_Codigo de Calle Ppal.": 501, "SOV_Codigo de Calle Desde": 4395, "SOV_Codigo de Calle Hasta": 6315, "SOV_Descripción Modalidad": "CONTRATO", "SOV_Nombre Proveedor": null, "SOV_Nombre Cuadrilla": null, "SOV_Nombre de Unidad": "MANTENIMIENTO VIAL", "SOV_Codigo de Unidad": 425, "SOV_Costo de la Tarea": null, "SOV_Cantidad de la Tarea": 41.84, "SOV_Agrupador Tarea": 1.02, "SOV_Fecha de la Tarea": "20/01/2026", "SOV_Observaciones": null, "SOV_Plan de Obra": null, "SOV_Fecha Recepcion Definitiva": null, "SOV_Fecha Recepcion Provisoria": null, "SOV_Fecha de Fin": null, "SOV_Fecha de Inicio": "26/05/2025", "SOV_Proveedor": null, "SOV_Responsable": null, "SOV_Cuadrilla": null, "SOV_Unidad": 425, "SOV_Calle Hasta": "AV GRAL SAN MARTIN", "SOV_Calle Desde": "AV DON PEDRO DE MENDOZA", "SOV_Calle Principal": "CNO DOMINGO ARENA", "SOV_CCZ": 11, "SOV_Resolucion": null, "SOV_Contrato": 2077, "SOV_Proyecto": null, "SOV_Modalidad": 1, "SOV_Descripcion de la Obra": null, "SOV_Nro. de Obra (interno)": 91213 }, "geometry": { "type": "MultiLineString", "coordinates": [ [ [ -56.165617466079162, -34.820265063968606 ], [ -56.165177483513752, -34.820198002074143 ] ] ] } },
{ "type": "Feature", "properties": { "fid": 22482, "nom_calle": "CNO DOMINGO ARENA", "cod_depto": 1, "cod_locali": 20, "gid": 106170469.0, "cod_nombre": 501, "tipo": "CALLE", "SOV_Costo Unitario": null, "SOV_Unidad de la Tarea": "m2", "SOV_Nombre Tarea": "BACHEO ASFALTICO SUPERFICIAL", "SOV_Codigo de Tarea": 2, "SOV_Codigo de Calle Ppal.": 501, "SOV_Codigo de Calle Desde": 4395, "SOV_Codigo de Calle Hasta": 6315, "SOV_Descripción Modalidad": "CONTRATO", "SOV_Nombre Proveedor": null, "SOV_Nombre Cuadrilla": null, "SOV_Nombre de Unidad": "MANTENIMIENTO VIAL", "SOV_Codigo de Unidad": 425, "SOV_Costo de la Tarea": null, "SOV_Cantidad de la Tarea": 41.84, "SOV_Agrupador Tarea": 1.02, "SOV_Fecha de la Tarea": "20/01/2026", "SOV_Observaciones": null, "SOV_Plan de Obra": null, "SOV_Fecha Recepcion Definitiva": null, "SOV_Fecha Recepcion Provisoria": null, "SOV_Fecha de Fin": null, "SOV_Fecha de Inicio": "26/05/2025", "SOV_Proveedor": null, "SOV_Responsable": null, "SOV_Cuadrilla": null, "SOV_Unidad": 425, "SOV_Calle Hasta": "AV GRAL SAN MARTIN", "SOV_Calle Desde": "AV DON PEDRO DE MENDOZA", "SOV_Calle Principal": "CNO DOMINGO ARENA", "SOV_CCZ": 11, "SOV_Resolucion": null, "SOV_Contrato": 2077, "SOV_Proyecto": null, "SOV_Modalidad": 1, "SOV_Descripcion de la Obra": null, "SOV_Nro. de Obra (interno)": 91213 }, "geometry": { "type": "MultiLineString", "coordinates": [ [ [ -56.166299145608335, -34.820375557421762 ], [ -56.165617466079162, -34.820265063968606 ] ] ] } },
{ "type": "Feature", "properties": { "fid": 22483, "nom_calle": "CNO DOMINGO ARENA", "cod_depto": 1, "cod_locali": 20, "gid": 106170470.0, "cod_nombre": 501, "tipo": "CALLE", "SOV_Costo Unitario": null, "SOV_Unidad de la Tarea": "m2", "SOV_Nombre Tarea": "BACHEO ASFALTICO SUPERFICIAL", "SOV_Codigo de Tarea": 2, "SOV_Codigo de Calle Ppal.": 501, "SOV_Codigo de Calle Desde": 4395, "SOV_Codigo de Calle Hasta": 6315, "SOV_Descripción Modalidad": "CONTRATO", "SOV_Nombre Proveedor": null, "SOV_Nombre Cuadrilla": null, "SOV_Nombre de Unidad": "MANTENIMIENTO VIAL", "SOV_Codigo de Unidad": 425, "SOV_Costo de la Tarea": null, "SOV_Cantidad de la Tarea": 41.84, "SOV_Agrupador Tarea": 1.02, "SOV_Fecha de la Tarea": "20/01/2026", "SOV_Observaciones": null, "SOV_Plan de Obra": null, "SOV_Fecha Recepcion Definitiva": null, "SOV_Fecha Recepcion Provisoria": null, "SOV_Fecha de Fin": null, "SOV_Fecha de Inicio": "26/05/2025", "SOV_Proveedor": null, "SOV_Responsable": null, "SOV_Cuadrilla": null, "SOV_Unidad": 425, "SOV_Calle Hasta": "AV GRAL SAN MARTIN", "SOV_Calle Desde": "AV DON PEDRO DE MENDOZA", "SOV_Calle Principal": "CNO DOMINGO ARENA", "SOV_CCZ": 11, "SOV_Resolucion": null, "SOV_Contrato": 2077, "SOV_Proyecto": null, "SOV_Modalidad": 1, "SOV_Descripcion de la Obra": null, "SOV_Nro. de Obra (interno)": 91213 }, "geometry": { "type": "MultiLineString", "coordinates": [ [ [ -56.166299145608335, -34.820375557421762 ], [ -56.166685907041376, -34.820436965545532 ] ] ] } },
{ "type": "Feature", "properties": { "fid": 22484, "nom_calle": "CNO DOMINGO ARENA", "cod_depto": 1, "cod_locali": 20, "gid": 106170471.0, "cod_nombre": 501, "tipo": "CALLE", "SOV_Costo Unitario": null, "SOV_Unidad de la Tarea": "m2", "SOV_Nombre Tarea": "BACHEO ASFALTICO SUPERFICIAL", "SOV_Codigo de Tarea": 2, "SOV_Codigo de Calle Ppal.": 501, "SOV_Codigo de Calle Desde": 4395, "SOV_Codigo de Calle Hasta": 6315, "SOV_Descripción Modalidad": "CONTRATO", "SOV_Nombre Proveedor": null, "SOV_Nombre Cuadrilla": null, "SOV_Nombre de Unidad": "MANTENIMIENTO VIAL", "SOV_Codigo de Unidad": 425, "SOV_Costo de la Tarea": null, "SOV_Cantidad de la Tarea": 41.84, "SOV_Agrupador Tarea": 1.02, "SOV_Fecha de la Tarea": "20/01/2026", "SOV_Observaciones": null, "SOV_Plan de Obra": null, "SOV_Fecha Recepcion Definitiva": null, "SOV_Fecha Recepcion Provisoria": null, "SOV_Fecha de Fin": null, "SOV_Fecha de Inicio": "26/05/2025", "SOV_Proveedor": null, "SOV_Responsable": null, "SOV_Cuadrilla": null, "SOV_Unidad": 425, "SOV_Calle Hasta": "AV GRAL SAN MARTIN", "SOV_Calle Desde": "AV DON PEDRO DE MENDOZA", "SOV_Calle Principal": "CNO DOMINGO ARENA", "SOV_CCZ": 11, "SOV_Resolucion": null, "SOV_Contrato": 2077, "SOV_Proyecto": null, "SOV_Modalidad": 1, "SOV_Descripcion de la Obra": null, "SOV_Nro. de Obra (interno)": 91213 }, "geometry": { "type": "MultiLineString", "coordinates": [ [ [ -56.164458301010178, -34.820081031059296 ], [ -56.165177483513752, -34.820198002074143 ] ] ] } },
{ "type": "Feature", "properties": { "fid": 22485, "nom_calle": "CNO DOMINGO ARENA", "cod_depto": 1, "cod_locali": 20, "gid": 106170472.0, "cod_nombre": 501, "tipo": "CALLE", "SOV_Costo Unitario": null, "SOV_Unidad de la Tarea": "m2", "SOV_Nombre Tarea": "BACHEO ASFALTICO SUPERFICIAL", "SOV_Codigo de Tarea": 2, "SOV_Codigo de Calle Ppal.": 501, "SOV_Codigo de Calle Desde": 4395, "SOV_Codigo de Calle Hasta": 6315, "SOV_Descripción Modalidad": "CONTRATO", "SOV_Nombre Proveedor": null, "SOV_Nombre Cuadrilla": null, "SOV_Nombre de Unidad": "MANTENIMIENTO VIAL", "SOV_Codigo de Unidad": 425, "SOV_Costo de la Tarea": null, "SOV_Cantidad de la Tarea": 41.84, "SOV_Agrupador Tarea": 1.02, "SOV_Fecha de la Tarea": "20/01/2026", "SOV_Observaciones": null, "SOV_Plan de Obra": null, "SOV_Fecha Recepcion Definitiva": null, "SOV_Fecha Recepcion Provisoria": null, "SOV_Fecha de Fin": null, "SOV_Fecha de Inicio": "26/05/2025", "SOV_Proveedor": null, "SOV_Responsable": null, "SOV_Cuadrilla": null, "SOV_Unidad": 425, "SOV_Calle Hasta": "AV GRAL SAN MARTIN", "SOV_Calle Desde": "AV DON PEDRO DE MENDOZA", "SOV_Calle Principal": "CNO DOMINGO ARENA", "SOV_CCZ": 11, "SOV_Resolucion": null, "SOV_Contrato": 2077, "SOV_Proyecto": null, "SOV_Modalidad": 1, "SOV_Descripcion de la Obra": null, "SOV_Nro. de Obra (interno)": 91213 }, "geometry": { "type": "MultiLineString", "coordinates": [ [ [ -56.164010003206862, -34.820004485411751 ], [ -56.164458301010178, -34.820081031059296 ] ] ] } },
{ "type": "Feature", "properties": { "fid": 22486, "nom_calle": "CNO DOMINGO ARENA", "cod_depto": 1, "cod_locali": 20, "gid": 106170473.0, "cod_nombre": 501, "tipo": "CALLE", "SOV_Costo Unitario": null, "SOV_Unidad de la Tarea": "m2", "SOV_Nombre Tarea": "BACHEO ASFALTICO SUPERFICIAL", "SOV_Codigo de Tarea": 2, "SOV_Codigo de Calle Ppal.": 501, "SOV_Codigo de Calle Desde": 4395, "SOV_Codigo de Calle Hasta": 6315, "SOV_Descripción Modalidad": "CONTRATO", "SOV_Nombre Proveedor": null, "SOV_Nombre Cuadrilla": null, "SOV_Nombre de Unidad": "MANTENIMIENTO VIAL", "SOV_Codigo de Unidad": 425, "SOV_Costo de la Tarea": null, "SOV_Cantidad de la Tarea": 41.84, "SOV_Agrupador Tarea": 1.02, "SOV_Fecha de la Tarea": "20/01/2026", "SOV_Observaciones": null, "SOV_Plan de Obra": null, "SOV_Fecha Recepcion Definitiva": null, "SOV_Fecha Recepcion Provisoria": null, "SOV_Fecha de Fin": null, "SOV_Fecha de Inicio": "26/05/2025", "SOV_Proveedor": null, "SOV_Responsable": null, "SOV_Cuadrilla": null, "SOV_Unidad": 425, "SOV_Calle Hasta": "AV GRAL SAN MARTIN", "SOV_Calle Desde": "AV DON PEDRO DE MENDOZA", "SOV_Calle Principal": "CNO DOMINGO ARENA", "SOV_CCZ": 11, "SOV_Resolucion": null, "SOV_Contrato": 2077, "SOV_Proyecto": null, "SOV_Modalidad": 1, "SOV_Descripcion de la Obra": null, "SOV_Nro. de Obra (interno)": 91213 }, "geometry": { "type": "MultiLineString", "coordinates": [ [ [ -56.167586447188427, -34.820579010818193 ], [ -56.167107036552224, -34.820503093525005 ] ] ] } },
{ "type": "Feature", "properties": { "fid": 22487, "nom_calle": "CNO DOMINGO ARENA", "cod_depto": 1, "cod_locali": 20, "gid": 106170474.0, "cod_nombre": 501, "tipo": "CALLE", "SOV_Costo Unitario": null, "SOV_Unidad de la Tarea": "m2", "SOV_Nombre Tarea": "BACHEO ASFALTICO SUPERFICIAL", "SOV_Codigo de Tarea": 2, "SOV_Codigo de Calle Ppal.": 501, "SOV_Codigo de Calle Desde": 4395, "SOV_Codigo de Calle Hasta": 6315, "SOV_Descripción Modalidad": "CONTRATO", "SOV_Nombre Proveedor": null, "SOV_Nombre Cuadrilla": null, "SOV_Nombre de Unidad": "MANTENIMIENTO VIAL", "SOV_Codigo de Unidad": 425, "SOV_Costo de la Tarea": null, "SOV_Cantidad de la Tarea": 41.84, "SOV_Agrupador Tarea": 1.02, "SOV_Fecha de la Tarea": "20/01/2026", "SOV_Observaciones": null, "SOV_Plan de Obra": null, "SOV_Fecha Recepcion Definitiva": null, "SOV_Fecha Recepcion Provisoria": null, "SOV_Fecha de Fin": null, "SOV_Fecha de Inicio": "26/05/2025", "SOV_Proveedor": null, "SOV_Responsable": null, "SOV_Cuadrilla": null, "SOV_Unidad": 425, "SOV_Calle Hasta": "AV GRAL SAN MARTIN", "SOV_Calle Desde": "AV DON PEDRO DE MENDOZA", "SOV_Calle Principal": "CNO DOMINGO ARENA", "SOV_CCZ": 11, "SOV_Resolucion": null, "SOV_Contrato": 2077, "SOV_Proyecto": null, "SOV_Modalidad": 1, "SOV_Descripcion de la Obra": null, "SOV_Nro. de Obra (interno)": 91213 }, "geometry": { "type": "MultiLineString", "coordinates": [ [ [ -56.168167740783474, -34.820671059120947 ], [ -56.167832614823013, -34.820617992021845 ] ] ] } },
{ "type": "Feature", "properties": { "fid": 22488, "nom_calle": "CNO DOMINGO ARENA", "cod_depto": 1, "cod_locali": 20, "gid": 106170475.0, "cod_nombre": 501, "tipo": "CALLE", "SOV_Costo Unitario": null, "SOV_Unidad de la Tarea": "m2", "SOV_Nombre Tarea": "BACHEO ASFALTICO SUPERFICIAL", "SOV_Codigo de Tarea": 2, "SOV_Codigo de Calle Ppal.": 501, "SOV_Codigo de Calle Desde": 4395, "SOV_Codigo de Calle Hasta": 6315, "SOV_Descripción Modalidad": "CONTRATO", "SOV_Nombre Proveedor": null, "SOV_Nombre Cuadrilla": null, "SOV_Nombre de Unidad": "MANTENIMIENTO VIAL", "SOV_Codigo de Unidad": 425, "SOV_Costo de la Tarea": null, "SOV_Cantidad de la Tarea": 41.84, "SOV_Agrupador Tarea": 1.02, "SOV_Fecha de la Tarea": "20/01/2026", "SOV_Observaciones": null, "SOV_Plan de Obra": null, "SOV_Fecha Recepcion Definitiva": null, "SOV_Fecha Recepcion Provisoria": null, "SOV_Fecha de Fin": null, "SOV_Fecha de Inicio": "26/05/2025", "SOV_Proveedor": null, "SOV_Responsable": null, "SOV_Cuadrilla": null, "SOV_Unidad": 425, "SOV_Calle Hasta": "AV GRAL SAN MARTIN", "SOV_Calle Desde": "AV DON PEDRO DE MENDOZA", "SOV_Calle Principal": "CNO DOMINGO ARENA", "SOV_CCZ": 11, "SOV_Resolucion": null, "SOV_Contrato": 2077, "SOV_Proyecto": null, "SOV_Modalidad": 1, "SOV_Descripcion de la Obra": null, "SOV_Nro. de Obra (interno)": 91213 }, "geometry": { "type": "MultiLineString", "coordinates": [ [ [ -56.167832614823013, -34.820617992021845 ], [ -56.167586447188427, -34.820579010818193 ] ] ] } },
{ "type": "Feature", "properties": { "fid": 22489, "nom_calle": "CNO DOMINGO ARENA", "cod_depto": 1, "cod_locali": 20, "gid": 106170476.0, "cod_nombre": 501, "tipo": "CALLE", "SOV_Costo Unitario": null, "SOV_Unidad de la Tarea": "m2", "SOV_Nombre Tarea": "BACHEO ASFALTICO SUPERFICIAL", "SOV_Codigo de Tarea": 2, "SOV_Codigo de Calle Ppal.": 501, "SOV_Codigo de Calle Desde": 4395, "SOV_Codigo de Calle Hasta": 6315, "SOV_Descripción Modalidad": "CONTRATO", "SOV_Nombre Proveedor": null, "SOV_Nombre Cuadrilla": null, "SOV_Nombre de Unidad": "MANTENIMIENTO VIAL", "SOV_Codigo de Unidad": 425, "SOV_Costo de la Tarea": null, "SOV_Cantidad de la Tarea": 41.84, "SOV_Agrupador Tarea": 1.02, "SOV_Fecha de la Tarea": "20/01/2026", "SOV_Observaciones": null, "SOV_Plan de Obra": null, "SOV_Fecha Recepcion Definitiva": null, "SOV_Fecha Recepcion Provisoria": null, "SOV_Fecha de Fin": null, "SOV_Fecha de Inicio": "26/05/2025", "SOV_Proveedor": null, "SOV_Responsable": null, "SOV_Cuadrilla": null, "SOV_Unidad": 425, "SOV_Calle Hasta": "AV GRAL SAN MARTIN", "SOV_Calle Desde": "AV DON PEDRO DE MENDOZA", "SOV_Calle Principal": "CNO DOMINGO ARENA", "SOV_CCZ": 11, "SOV_Resolucion": null, "SOV_Contrato": 2077, "SOV_Proyecto": null, "SOV_Modalidad": 1, "SOV_Descripcion de la Obra": null, "SOV_Nro. de Obra (interno)": 91213 }, "geometry": { "type": "MultiLineString", "coordinates": [ [ [ -56.169038282245999, -34.820891406141712 ], [ -56.168859268143393, -34.82084823610537 ], [ -56.168856587216354, -34.820847185026722 ], [ -56.168853928540067, -34.820846096189378 ], [ -56.168851292896441, -34.820844969913551 ], [ -56.168848681060574, -34.820843806530476 ], [ -56.168846093800603, -34.820842606382307 ], [ -56.168843531877421, -34.820841369821991 ], [ -56.168840996044459, -34.820840097213178 ], [ -56.168838487047495, -34.820838788930153 ], [ -56.168835182500423, -34.820836982824524 ] ] ] } },
{ "type": "Feature", "properties": { "fid": 22490, "nom_calle": "CNO DOMINGO ARENA", "cod_depto": 1, "cod_locali": 20, "gid": 106170477.0, "cod_nombre": 501, "tipo": "CALLE", "SOV_Costo Unitario": null, "SOV_Unidad de la Tarea": "m2", "SOV_Nombre Tarea": "BACHEO ASFALTICO SUPERFICIAL", "SOV_Codigo de Tarea": 2, "SOV_Codigo de Calle Ppal.": 501, "SOV_Codigo de Calle Desde": 4395, "SOV_Codigo de Calle Hasta": 6315, "SOV_Descripción Modalidad": "CONTRATO", "SOV_Nombre Proveedor": null, "SOV_Nombre Cuadrilla": null, "SOV_Nombre de Unidad": "MANTENIMIENTO VIAL", "SOV_Codigo de Unidad": 425, "SOV_Costo de la Tarea": null, "SOV_Cantidad de la Tarea": 41.84, "SOV_Agrupador Tarea": 1.02, "SOV_Fecha de la Tarea": "20/01/2026", "SOV_Observaciones": null, "SOV_Plan de Obra": null, "SOV_Fecha Recepcion Definitiva": null, "SOV_Fecha Recepcion Provisoria": null, "SOV_Fecha de Fin": null, "SOV_Fecha de Inicio": "26/05/2025", "SOV_Proveedor": null, "SOV_Responsable": null, "SOV_Cuadrilla": null, "SOV_Unidad": 425, "SOV_Calle Hasta": "AV GRAL SAN MARTIN", "SOV_Calle Desde": "AV DON PEDRO DE MENDOZA", "SOV_Calle Principal": "CNO DOMINGO ARENA", "SOV_CCZ": 11, "SOV_Resolucion": null, "SOV_Contrato": 2077, "SOV_Proyecto": null, "SOV_Modalidad": 1, "SOV_Descripcion de la Obra": null, "SOV_Nro. de Obra (interno)": 91213 }, "geometry": { "type": "MultiLineString", "coordinates": [ [ [ -56.168835182500423, -34.820836982824524 ], [ -56.168833552504935, -34.820836066890848 ], [ -56.168831128410559, -34.820834653935094 ], [ -56.168828734054159, -34.820833206905938 ], [ -56.168826370139904, -34.82083172622896 ], [ -56.168824037363009, -34.820830212339608 ], [ -56.168821736409512, -34.820828665683102 ], [ -56.168819467956105, -34.820827086714282 ], [ -56.16881723266993, -34.82082547589755 ], [ -56.168815031208361, -34.820823833706612 ], [ -56.168812864218822, -34.820822160624424 ], [ -56.168810732338621, -34.820820457143029 ], [ -56.168808636194704, -34.820818723763409 ], [ -56.168806576403554, -34.82081696099533 ], [ -56.168804553570908, -34.820815169357232 ], [ -56.168802568291682, -34.820813349375982 ], [ -56.168800621149728, -34.820811501586853 ], [ -56.168798712717681, -34.820809626533261 ], [ -56.168788606737216, -34.820800794756479 ], [ -56.168785325497034, -34.8207983628009 ], [ -56.168781993886157, -34.820795977874006 ], [ -56.168778612895586, -34.820793640685167 ], [ -56.168775183530983, -34.820791351929572 ], [ -56.168771706812436, -34.820789112288033 ], [ -56.168768183774077, -34.820786922426713 ], [ -56.16876461546385, -34.820784782996988 ], [ -56.168761002943143, -34.820782694635234 ], [ -56.168757347286501, -34.820780657962636 ], [ -56.168753649581312, -34.820778673584996 ], [ -56.168749910927453, -34.820776742092569 ], [ -56.168746132436979, -34.820774864059871 ], [ -56.168742315233821, -34.820773040045538 ], [ -56.16873846045339, -34.820771270592097 ], [ -56.168734569242289, -34.820769556225876 ], [ -56.168730642757971, -34.820767897456825 ], [ -56.168726682168362, -34.820766294778338 ], [ -56.168722688651535, -34.820764748667152 ], [ -56.168718663395367, -34.820763259583103 ], [ -56.168714607597174, -34.820761827969172 ], [ -56.168710522463336, -34.820760454251158 ], [ -56.168706409208987, -34.82075913883768 ], [ -56.168702269057604, -34.820757882120013 ], [ -56.168698103240679, -34.820756684471974 ], [ -56.168693912997341, -34.820755546249785 ], [ -56.168689699573953, -34.820754467792014 ], [ -56.168577597710055, -34.820735958503199 ], [ -56.168167740783474, -34.820671059120947 ] ] ] } },
{ "type": "Feature", "properties": { "fid": 22491, "nom_calle": "CNO DOMINGO ARENA", "cod_depto": 1, "cod_locali": 20, "gid": 106170478.0, "cod_nombre": 501, "tipo": "CALLE", "SOV_Costo Unitario": null, "SOV_Unidad de la Tarea": "m2", "SOV_Nombre Tarea": "BACHEO ASFALTICO SUPERFICIAL", "SOV_Codigo de Tarea": 2, "SOV_Codigo de Calle Ppal.": 501, "SOV_Codigo de Calle Desde": 4395, "SOV_Codigo de Calle Hasta": 6315, "SOV_Descripción Modalidad": "CONTRATO", "SOV_Nombre Proveedor": null, "SOV_Nombre Cuadrilla": null, "SOV_Nombre de Unidad": "MANTENIMIENTO VIAL", "SOV_Codigo de Unidad": 425, "SOV_Costo de la Tarea": null, "SOV_Cantidad de la Tarea": 41.84, "SOV_Agrupador Tarea": 1.02, "SOV_Fecha de la Tarea": "20/01/2026", "SOV_Observaciones": null, "SOV_Plan de Obra": null, "SOV_Fecha Recepcion Definitiva": null, "SOV_Fecha Recepcion Provisoria": null, "SOV_Fecha de Fin": null, "SOV_Fecha de Inicio": "26/05/2025", "SOV_Proveedor": null, "SOV_Responsable": null, "SOV_Cuadrilla": null, "SOV_Unidad": 425, "SOV_Calle Hasta": "AV GRAL SAN MARTIN", "SOV_Calle Desde": "AV DON PEDRO DE MENDOZA", "SOV_Calle Principal": "CNO DOMINGO ARENA", "SOV_CCZ": 11, "SOV_Resolucion": null, "SOV_Contrato": 2077, "SOV_Proyecto": null, "SOV_Modalidad": 1, "SOV_Descripcion de la Obra": null, "SOV_Nro. de Obra (interno)": 91213 }, "geometry": { "type": "MultiLineString", "coordinates": [ [ [ -56.159147513038079, -34.819204839770912 ], [ -56.158613594525235, -34.819124065386902 ] ] ] } },
{ "type": "Feature", "properties": { "fid": 22492, "nom_calle": "CNO DOMINGO ARENA", "cod_depto": 1, "cod_locali": 20, "gid": 106170479.0, "cod_nombre": 501, "tipo": "CALLE", "SOV_Costo Unitario": null, "SOV_Unidad de la Tarea": "m2", "SOV_Nombre Tarea": "BACHEO ASFALTICO SUPERFICIAL", "SOV_Codigo de Tarea": 2, "SOV_Codigo de Calle Ppal.": 501, "SOV_Codigo de Calle Desde": 4395, "SOV_Codigo de Calle Hasta": 6315, "SOV_Descripción Modalidad": "CONTRATO", "SOV_Nombre Proveedor": null, "SOV_Nombre Cuadrilla": null, "SOV_Nombre de Unidad": "MANTENIMIENTO VIAL", "SOV_Codigo de Unidad": 425, "SOV_Costo de la Tarea": null, "SOV_Cantidad de la Tarea": 41.84, "SOV_Agrupador Tarea": 1.02, "SOV_Fecha de la Tarea": "20/01/2026", "SOV_Observaciones": null, "SOV_Plan de Obra": null, "SOV_Fecha Recepcion Definitiva": null, "SOV_Fecha Recepcion Provisoria": null, "SOV_Fecha de Fin": null, "SOV_Fecha de Inicio": "26/05/2025", "SOV_Proveedor": null, "SOV_Responsable": null, "SOV_Cuadrilla": null, "SOV_Unidad": 425, "SOV_Calle Hasta": "AV GRAL SAN MARTIN", "SOV_Calle Desde": "AV DON PEDRO DE MENDOZA", "SOV_Calle Principal": "CNO DOMINGO ARENA", "SOV_CCZ": 11, "SOV_Resolucion": null, "SOV_Contrato": 2077, "SOV_Proyecto": null, "SOV_Modalidad": 1, "SOV_Descripcion de la Obra": null, "SOV_Nro. de Obra (interno)": 91213 }, "geometry": { "type": "MultiLineString", "coordinates": [ [ [ -56.163579328885753, -34.819939160067555 ], [ -56.164010003206862, -34.820004485411751 ] ] ] } },
{ "type": "Feature", "properties": { "fid": 22493, "nom_calle": "CNO DOMINGO ARENA", "cod_depto": 1, "cod_locali": 20, "gid": 106170480.0, "cod_nombre": 501, "tipo": "CALLE", "SOV_Costo Unitario": null, "SOV_Unidad de la Tarea": "m2", "SOV_Nombre Tarea": "BACHEO ASFALTICO SUPERFICIAL", "SOV_Codigo de Tarea": 2, "SOV_Codigo de Calle Ppal.": 501, "SOV_Codigo de Calle Desde": 4395, "SOV_Codigo de Calle Hasta": 6315, "SOV_Descripción Modalidad": "CONTRATO", "SOV_Nombre Proveedor": null, "SOV_Nombre Cuadrilla": null, "SOV_Nombre de Unidad": "MANTENIMIENTO VIAL", "SOV_Codigo de Unidad": 425, "SOV_Costo de la Tarea": null, "SOV_Cantidad de la Tarea": 41.84, "SOV_Agrupador Tarea": 1.02, "SOV_Fecha de la Tarea": "20/01/2026", "SOV_Observaciones": null, "SOV_Plan de Obra": null, "SOV_Fecha Recepcion Definitiva": null, "SOV_Fecha Recepcion Provisoria": null, "SOV_Fecha de Fin": null, "SOV_Fecha de Inicio": "26/05/2025", "SOV_Proveedor": null, "SOV_Responsable": null, "SOV_Cuadrilla": null, "SOV_Unidad": 425, "SOV_Calle Hasta": "AV GRAL SAN MARTIN", "SOV_Calle Desde": "AV DON PEDRO DE MENDOZA", "SOV_Calle Principal": "CNO DOMINGO ARENA", "SOV_CCZ": 11, "SOV_Resolucion": null, "SOV_Contrato": 2077, "SOV_Proyecto": null, "SOV_Modalidad": 1, "SOV_Descripcion de la Obra": null, "SOV_Nro. de Obra (interno)": 91213 }, "geometry": { "type": "MultiLineString", "coordinates": [ [ [ -56.158613594525235, -34.819124065386902 ], [ -56.157989128405731, -34.819029589255109 ] ] ] } },
{ "type": "Feature", "properties": { "fid": 22919, "nom_calle": "CNO CARLOS A LOPEZ", "cod_depto": 1, "cod_locali": 20, "gid": 106170933.0, "cod_nombre": 4014, "tipo": "CAMINO", "SOV_Costo Unitario": null, "SOV_Unidad de la Tarea": "m2", "SOV_Nombre Tarea": "BACHEO ASFALTICO SUPERFICIAL", "SOV_Codigo de Tarea": 2, "SOV_Codigo de Calle Ppal.": 4014, "SOV_Codigo de Calle Desde": 206, "SOV_Codigo de Calle Hasta": 2775, "SOV_Descripción Modalidad": "CONTRATO", "SOV_Nombre Proveedor": null, "SOV_Nombre Cuadrilla": null, "SOV_Nombre de Unidad": "MANTENIMIENTO VIAL", "SOV_Codigo de Unidad": 425, "SOV_Costo de la Tarea": null, "SOV_Cantidad de la Tarea": 14.32, "SOV_Agrupador Tarea": 1.02, "SOV_Fecha de la Tarea": "22/01/2026", "SOV_Observaciones": null, "SOV_Plan de Obra": null, "SOV_Fecha Recepcion Definitiva": null, "SOV_Fecha Recepcion Provisoria": null, "SOV_Fecha de Fin": null, "SOV_Fecha de Inicio": "26/05/2025", "SOV_Proveedor": null, "SOV_Responsable": null, "SOV_Cuadrilla": null, "SOV_Unidad": 425, "SOV_Calle Hasta": "CNO MANUEL FORTET", "SOV_Calle Desde": "CNO AL PASO DE LA CRUZ", "SOV_Calle Principal": "CNO CARLOS A LOPEZ", "SOV_CCZ": 12, "SOV_Resolucion": null, "SOV_Contrato": 2077, "SOV_Proyecto": null, "SOV_Modalidad": 1, "SOV_Descripcion de la Obra": null, "SOV_Nro. de Obra (interno)": 91225 }, "geometry": { "type": "MultiLineString", "coordinates": [ [ [ -56.210479731213248, -34.799892731932481 ], [ -56.210296872563774, -34.799986696287505 ], [ -56.209869743069092, -34.800172851607648 ], [ -56.207134447280367, -34.801317991765586 ], [ -56.204379098072678, -34.802435690058736 ], [ -56.202122007559687, -34.803371827141738 ] ] ] } },
{ "type": "Feature", "properties": { "fid": 22945, "nom_calle": "CNO CARLOS A LOPEZ", "cod_depto": 1, "cod_locali": 20, "gid": 106170957.0, "cod_nombre": 4014, "tipo": "CAMINO", "SOV_Costo Unitario": null, "SOV_Unidad de la Tarea": "m2", "SOV_Nombre Tarea": "BACHEO ASFALTICO SUPERFICIAL", "SOV_Codigo de Tarea": 2, "SOV_Codigo de Calle Ppal.": 4014, "SOV_Codigo de Calle Desde": 206, "SOV_Codigo de Calle Hasta": 2775, "SOV_Descripción Modalidad": "CONTRATO", "SOV_Nombre Proveedor": null, "SOV_Nombre Cuadrilla": null, "SOV_Nombre de Unidad": "MANTENIMIENTO VIAL", "SOV_Codigo de Unidad": 425, "SOV_Costo de la Tarea": null, "SOV_Cantidad de la Tarea": 14.32, "SOV_Agrupador Tarea": 1.02, "SOV_Fecha de la Tarea": "22/01/2026", "SOV_Observaciones": null, "SOV_Plan de Obra": null, "SOV_Fecha Recepcion Definitiva": null, "SOV_Fecha Recepcion Provisoria": null, "SOV_Fecha de Fin": null, "SOV_Fecha de Inicio": "26/05/2025", "SOV_Proveedor": null, "SOV_Responsable": null, "SOV_Cuadrilla": null, "SOV_Unidad": 425, "SOV_Calle Hasta": "CNO MANUEL FORTET", "SOV_Calle Desde": "CNO AL PASO DE LA CRUZ", "SOV_Calle Principal": "CNO CARLOS A LOPEZ", "SOV_CCZ": 12, "SOV_Resolucion": null, "SOV_Contrato": 2077, "SOV_Proyecto": null, "SOV_Modalidad": 1, "SOV_Descripcion de la Obra": null, "SOV_Nro. de Obra (interno)": 91225 }, "geometry": { "type": "MultiLineString", "coordinates": [ [ [ -56.202122007559687, -34.803371827141738 ], [ -56.199990695498926, -34.804278631940171 ], [ -56.198877339904037, -34.804736531327663 ], [ -56.198481198199651, -34.804909632077006 ], [ -56.198438980523683, -34.804928499360891 ], [ -56.19839714146034, -34.804947931985815 ], [ -56.198355692136118, -34.804967924784101 ], [ -56.198314643573895, -34.804988472439049 ], [ -56.198284157084309, -34.805004299809319 ], [ -56.19826697687926, -34.805015617473309 ], [ -56.198252298330289, -34.805026696157597 ], [ -56.198166703516812, -34.805101407944349 ] ] ] } },
{ "type": "Feature", "properties": { "fid": 23386, "nom_calle": "JUAN PROUDFOOT", "cod_depto": 1, "cod_locali": 20, "gid": 106171411.0, "cod_nombre": 1158, "tipo": "CALLE", "SOV_Costo Unitario": null, "SOV_Unidad de la Tarea": "m2", "SOV_Nombre Tarea": "BACHEO ASFALTICO SUPERFICIAL", "SOV_Codigo de Tarea": 2, "SOV_Codigo de Calle Ppal.": 1158, "SOV_Codigo de Calle Desde": 3300, "SOV_Codigo de Calle Hasta": 2847, "SOV_Descripción Modalidad": "CONTRATO", "SOV_Nombre Proveedor": null, "SOV_Nombre Cuadrilla": null, "SOV_Nombre de Unidad": "MANTENIMIENTO VIAL", "SOV_Codigo de Unidad": 425, "SOV_Costo de la Tarea": null, "SOV_Cantidad de la Tarea": 3.3, "SOV_Agrupador Tarea": 1.02, "SOV_Fecha de la Tarea": "21/01/2026", "SOV_Observaciones": null, "SOV_Plan de Obra": null, "SOV_Fecha Recepcion Definitiva": null, "SOV_Fecha Recepcion Provisoria": null, "SOV_Fecha de Fin": null, "SOV_Fecha de Inicio": "26/05/2025", "SOV_Proveedor": null, "SOV_Responsable": null, "SOV_Cuadrilla": null, "SOV_Unidad": 425, "SOV_Calle Hasta": "ISIDRO FYNN", "SOV_Calle Desde": "WALDEMAR HANSEN", "SOV_Calle Principal": "PROUDFOOT JUAN", "SOV_CCZ": 12, "SOV_Resolucion": null, "SOV_Contrato": 2077, "SOV_Proyecto": null, "SOV_Modalidad": 1, "SOV_Descripcion de la Obra": null, "SOV_Nro. de Obra (interno)": 91227 }, "geometry": { "type": "MultiLineString", "coordinates": [ [ [ -56.219036584253125, -34.810402465475541 ], [ -56.219736590123681, -34.81129950882967 ] ] ] } },
{ "type": "Feature", "properties": { "fid": 23406, "nom_calle": "JUAN PROUDFOOT", "cod_depto": 1, "cod_locali": 20, "gid": 106171431.0, "cod_nombre": 1158, "tipo": "CALLE", "SOV_Costo Unitario": null, "SOV_Unidad de la Tarea": "m2", "SOV_Nombre Tarea": "BACHEO ASFALTICO SUPERFICIAL", "SOV_Codigo de Tarea": 2, "SOV_Codigo de Calle Ppal.": 1158, "SOV_Codigo de Calle Desde": 3300, "SOV_Codigo de Calle Hasta": 2847, "SOV_Descripción Modalidad": "CONTRATO", "SOV_Nombre Proveedor": null, "SOV_Nombre Cuadrilla": null, "SOV_Nombre de Unidad": "MANTENIMIENTO VIAL", "SOV_Codigo de Unidad": 425, "SOV_Costo de la Tarea": null, "SOV_Cantidad de la Tarea": 3.3, "SOV_Agrupador Tarea": 1.02, "SOV_Fecha de la Tarea": "21/01/2026", "SOV_Observaciones": null, "SOV_Plan de Obra": null, "SOV_Fecha Recepcion Definitiva": null, "SOV_Fecha Recepcion Provisoria": null, "SOV_Fecha de Fin": null, "SOV_Fecha de Inicio": "26/05/2025", "SOV_Proveedor": null, "SOV_Responsable": null, "SOV_Cuadrilla": null, "SOV_Unidad": 425, "SOV_Calle Hasta": "ISIDRO FYNN", "SOV_Calle Desde": "WALDEMAR HANSEN", "SOV_Calle Principal": "PROUDFOOT JUAN", "SOV_CCZ": 12, "SOV_Resolucion": null, "SOV_Contrato": 2077, "SOV_Proyecto": null, "SOV_Modalidad": 1, "SOV_Descripcion de la Obra": null, "SOV_Nro. de Obra (interno)": 91227 }, "geometry": { "type": "MultiLineString", "coordinates": [ [ [ -56.219736590123681, -34.81129950882967 ], [ -56.219954381804214, -34.811545690020694 ] ] ] } },
{ "type": "Feature", "properties": { "fid": 23644, "nom_calle": "ARQ HORACIO ACOSTA Y LARA", "cod_depto": 1, "cod_locali": 20, "gid": 106171674.0, "cod_nombre": 106, "tipo": "CALLE", "SOV_Costo Unitario": null, "SOV_Unidad de la Tarea": "m2", "SOV_Nombre Tarea": "BACHEO ASFALTICO SUPERFICIAL", "SOV_Codigo de Tarea": 2, "SOV_Codigo de Calle Ppal.": 106, "SOV_Codigo de Calle Desde": 8828, "SOV_Codigo de Calle Hasta": 2817, "SOV_Descripción Modalidad": "CONTRATO", "SOV_Nombre Proveedor": null, "SOV_Nombre Cuadrilla": null, "SOV_Nombre de Unidad": "MANTENIMIENTO VIAL", "SOV_Codigo de Unidad": 425, "SOV_Costo de la Tarea": null, "SOV_Cantidad de la Tarea": 1.08, "SOV_Agrupador Tarea": 1.02, "SOV_Fecha de la Tarea": "26/01/2026", "SOV_Observaciones": null, "SOV_Plan de Obra": null, "SOV_Fecha Recepcion Definitiva": null, "SOV_Fecha Recepcion Provisoria": null, "SOV_Fecha de Fin": null, "SOV_Fecha de Inicio": "26/05/2025", "SOV_Proveedor": null, "SOV_Responsable": null, "SOV_Cuadrilla": null, "SOV_Unidad": 425, "SOV_Calle Hasta": "GRAL  FRENCH", "SOV_Calle Desde": "LOS AROMOS", "SOV_Calle Principal": "ARQ HORACIO ACOSTA Y LARA", "SOV_CCZ": 8, "SOV_Resolucion": null, "SOV_Contrato": 2077, "SOV_Proyecto": null, "SOV_Modalidad": 1, "SOV_Descripcion de la Obra": null, "SOV_Nro. de Obra (interno)": 91246 }, "geometry": { "type": "MultiLineString", "coordinates": [ [ [ -56.048297777159121, -34.870251562943345 ], [ -56.048074989741366, -34.870235097853886 ], [ -56.047603438092032, -34.870199010729507 ] ] ] } },
{ "type": "Feature", "properties": { "fid": 24342, "nom_calle": "JUAN PEDRO BERANGER", "cod_depto": 1, "cod_locali": 20, "gid": 106172430.0, "cod_nombre": 885, "tipo": "CALLE", "SOV_Costo Unitario": null, "SOV_Unidad de la Tarea": "m2", "SOV_Nombre Tarea": "BACHEO ASFALTICO SUPERFICIAL", "SOV_Codigo de Tarea": 2, "SOV_Codigo de Calle Ppal.": 885, "SOV_Codigo de Calle Desde": 3306, "SOV_Codigo de Calle Hasta": 4986, "SOV_Descripción Modalidad": "CONTRATO", "SOV_Nombre Proveedor": null, "SOV_Nombre Cuadrilla": null, "SOV_Nombre de Unidad": "MANTENIMIENTO VIAL", "SOV_Codigo de Unidad": 425, "SOV_Costo de la Tarea": null, "SOV_Cantidad de la Tarea": 16.73, "SOV_Agrupador Tarea": 1.02, "SOV_Fecha de la Tarea": "20/01/2026", "SOV_Observaciones": null, "SOV_Plan de Obra": null, "SOV_Fecha Recepcion Definitiva": null, "SOV_Fecha Recepcion Provisoria": null, "SOV_Fecha de Fin": null, "SOV_Fecha de Inicio": "26/05/2025", "SOV_Proveedor": null, "SOV_Responsable": null, "SOV_Cuadrilla": null, "SOV_Unidad": 425, "SOV_Calle Hasta": "ORLEANS", "SOV_Calle Desde": "HAVRE", "SOV_Calle Principal": "JUAN PEDRO BERANGER", "SOV_CCZ": 8, "SOV_Resolucion": null, "SOV_Contrato": 2077, "SOV_Proyecto": null, "SOV_Modalidad": 1, "SOV_Descripcion de la Obra": null, "SOV_Nro. de Obra (interno)": 91212 }, "geometry": { "type": "MultiLineString", "coordinates": [ [ [ -56.070458623949854, -34.871507460480395 ], [ -56.070290035600642, -34.871490957387799 ], [ -56.069530940538485, -34.871429796823001 ], [ -56.069418621674984, -34.871423189932536 ], [ -56.069309455129506, -34.871416743713517 ] ] ] } },
{ "type": "Feature", "properties": { "fid": 24567, "nom_calle": "ARQ HORACIO ACOSTA Y LARA", "cod_depto": 1, "cod_locali": 20, "gid": 106172652.0, "cod_nombre": 106, "tipo": "CALLE", "SOV_Costo Unitario": null, "SOV_Unidad de la Tarea": "m2", "SOV_Nombre Tarea": "BACHEO ASFALTICO SUPERFICIAL", "SOV_Codigo de Tarea": 2, "SOV_Codigo de Calle Ppal.": 106, "SOV_Codigo de Calle Desde": 8828, "SOV_Codigo de Calle Hasta": 2817, "SOV_Descripción Modalidad": "CONTRATO", "SOV_Nombre Proveedor": null, "SOV_Nombre Cuadrilla": null, "SOV_Nombre de Unidad": "MANTENIMIENTO VIAL", "SOV_Codigo de Unidad": 425, "SOV_Costo de la Tarea": null, "SOV_Cantidad de la Tarea": 1.08, "SOV_Agrupador Tarea": 1.02, "SOV_Fecha de la Tarea": "26/01/2026", "SOV_Observaciones": null, "SOV_Plan de Obra": null, "SOV_Fecha Recepcion Definitiva": null, "SOV_Fecha Recepcion Provisoria": null, "SOV_Fecha de Fin": null, "SOV_Fecha de Inicio": "26/05/2025", "SOV_Proveedor": null, "SOV_Responsable": null, "SOV_Cuadrilla": null, "SOV_Unidad": 425, "SOV_Calle Hasta": "GRAL  FRENCH", "SOV_Calle Desde": "LOS AROMOS", "SOV_Calle Principal": "ARQ HORACIO ACOSTA Y LARA", "SOV_CCZ": 8, "SOV_Resolucion": null, "SOV_Contrato": 2077, "SOV_Proyecto": null, "SOV_Modalidad": 1, "SOV_Descripcion de la Obra": null, "SOV_Nro. de Obra (interno)": 91246 }, "geometry": { "type": "MultiLineString", "coordinates": [ [ [ -56.047603438092032, -34.870199010729507 ], [ -56.046433204390375, -34.870108443976576 ] ] ] } },
{ "type": "Feature", "properties": { "fid": 24569, "nom_calle": "ARQ HORACIO ACOSTA Y LARA", "cod_depto": 1, "cod_locali": 20, "gid": 106172654.0, "cod_nombre": 106, "tipo": "CALLE", "SOV_Costo Unitario": null, "SOV_Unidad de la Tarea": "m2", "SOV_Nombre Tarea": "BACHEO ASFALTICO SUPERFICIAL", "SOV_Codigo de Tarea": 2, "SOV_Codigo de Calle Ppal.": 106, "SOV_Codigo de Calle Desde": 8828, "SOV_Codigo de Calle Hasta": 2817, "SOV_Descripción Modalidad": "CONTRATO", "SOV_Nombre Proveedor": null, "SOV_Nombre Cuadrilla": null, "SOV_Nombre de Unidad": "MANTENIMIENTO VIAL", "SOV_Codigo de Unidad": 425, "SOV_Costo de la Tarea": null, "SOV_Cantidad de la Tarea": 1.08, "SOV_Agrupador Tarea": 1.02, "SOV_Fecha de la Tarea": "26/01/2026", "SOV_Observaciones": null, "SOV_Plan de Obra": null, "SOV_Fecha Recepcion Definitiva": null, "SOV_Fecha Recepcion Provisoria": null, "SOV_Fecha de Fin": null, "SOV_Fecha de Inicio": "26/05/2025", "SOV_Proveedor": null, "SOV_Responsable": null, "SOV_Cuadrilla": null, "SOV_Unidad": 425, "SOV_Calle Hasta": "GRAL  FRENCH", "SOV_Calle Desde": "LOS AROMOS", "SOV_Calle Principal": "ARQ HORACIO ACOSTA Y LARA", "SOV_CCZ": 8, "SOV_Resolucion": null, "SOV_Contrato": 2077, "SOV_Proyecto": null, "SOV_Modalidad": 1, "SOV_Descripcion de la Obra": null, "SOV_Nro. de Obra (interno)": 91246 }, "geometry": { "type": "MultiLineString", "coordinates": [ [ [ -56.046439637367421, -34.870031643482513 ], [ -56.046363112776184, -34.870025522037487 ], [ -56.046233650745158, -34.870017429503932 ], [ -56.046059685620833, -34.870013965905812 ], [ -56.045896355669264, -34.870015238735668 ], [ -56.045729912418466, -34.870024255118196 ], [ -56.045325675645834, -34.870058379624574 ], [ -56.0452398345723, -34.870063316221049 ], [ -56.045176206903555, -34.87006332832231 ], [ -56.045062246921326, -34.870061163249495 ], [ -56.044920402543255, -34.870054340344751 ], [ -56.044529009704533, -34.870024425999226 ] ] ] } },
{ "type": "Feature", "properties": { "fid": 24570, "nom_calle": "ARQ HORACIO ACOSTA Y LARA", "cod_depto": 1, "cod_locali": 20, "gid": 106172655.0, "cod_nombre": 106, "tipo": "CALLE", "SOV_Costo Unitario": null, "SOV_Unidad de la Tarea": "m2", "SOV_Nombre Tarea": "BACHEO ASFALTICO SUPERFICIAL", "SOV_Codigo de Tarea": 2, "SOV_Codigo de Calle Ppal.": 106, "SOV_Codigo de Calle Desde": 8828, "SOV_Codigo de Calle Hasta": 2817, "SOV_Descripción Modalidad": "CONTRATO", "SOV_Nombre Proveedor": null, "SOV_Nombre Cuadrilla": null, "SOV_Nombre de Unidad": "MANTENIMIENTO VIAL", "SOV_Codigo de Unidad": 425, "SOV_Costo de la Tarea": null, "SOV_Cantidad de la Tarea": 1.08, "SOV_Agrupador Tarea": 1.02, "SOV_Fecha de la Tarea": "26/01/2026", "SOV_Observaciones": null, "SOV_Plan de Obra": null, "SOV_Fecha Recepcion Definitiva": null, "SOV_Fecha Recepcion Provisoria": null, "SOV_Fecha de Fin": null, "SOV_Fecha de Inicio": "26/05/2025", "SOV_Proveedor": null, "SOV_Responsable": null, "SOV_Cuadrilla": null, "SOV_Unidad": 425, "SOV_Calle Hasta": "GRAL  FRENCH", "SOV_Calle Desde": "LOS AROMOS", "SOV_Calle Principal": "ARQ HORACIO ACOSTA Y LARA", "SOV_CCZ": 8, "SOV_Resolucion": null, "SOV_Contrato": 2077, "SOV_Proyecto": null, "SOV_Modalidad": 1, "SOV_Descripcion de la Obra": null, "SOV_Nro. de Obra (interno)": 91246 }, "geometry": { "type": "MultiLineString", "coordinates": [ [ [ -56.046439637367421, -34.870031643482513 ], [ -56.046433204390375, -34.870108443976576 ] ] ] } },
{ "type": "Feature", "properties": { "fid": 25340, "nom_calle": "CALDERON DE LA BARCA", "cod_depto": 1, "cod_locali": 20, "gid": 106173508.0, "cod_nombre": 762, "tipo": "CALLE", "SOV_Costo Unitario": null, "SOV_Unidad de la Tarea": "m2", "SOV_Nombre Tarea": "BACHEO ASFALTICO SUPERFICIAL", "SOV_Codigo de Tarea": 2, "SOV_Codigo de Calle Ppal.": 762, "SOV_Codigo de Calle Desde": 1695, "SOV_Codigo de Calle Hasta": 3162, "SOV_Descripción Modalidad": "CONTRATO", "SOV_Nombre Proveedor": null, "SOV_Nombre Cuadrilla": null, "SOV_Nombre de Unidad": "MANTENIMIENTO VIAL", "SOV_Codigo de Unidad": 425, "SOV_Costo de la Tarea": null, "SOV_Cantidad de la Tarea": 8.27, "SOV_Agrupador Tarea": 1.02, "SOV_Fecha de la Tarea": "20/01/2026", "SOV_Observaciones": null, "SOV_Plan de Obra": null, "SOV_Fecha Recepcion Definitiva": null, "SOV_Fecha Recepcion Provisoria": null, "SOV_Fecha de Fin": null, "SOV_Fecha de Inicio": "26/05/2025", "SOV_Proveedor": null, "SOV_Responsable": null, "SOV_Cuadrilla": null, "SOV_Unidad": 425, "SOV_Calle Hasta": "MATTO GROSSO", "SOV_Calle Desde": "CARVE", "SOV_Calle Principal": "CALDERON DE LA BARCA", "SOV_CCZ": 12, "SOV_Resolucion": null, "SOV_Contrato": 2077, "SOV_Proyecto": null, "SOV_Modalidad": 1, "SOV_Descripcion de la Obra": null, "SOV_Nro. de Obra (interno)": 91187 }, "geometry": { "type": "MultiLineString", "coordinates": [ [ [ -56.228640422092226, -34.807962886182978 ], [ -56.228409766164731, -34.807196687537683 ] ] ] } },
{ "type": "Feature", "properties": { "fid": 25452, "nom_calle": "CAACUPE", "cod_depto": 1, "cod_locali": 20, "gid": 106173616.0, "cod_nombre": 1209, "tipo": "CALLE", "SOV_Costo Unitario": null, "SOV_Unidad de la Tarea": "m2", "SOV_Nombre Tarea": "BACHEO ASFALTICO SUPERFICIAL", "SOV_Codigo de Tarea": 2, "SOV_Codigo de Calle Ppal.": 1209, "SOV_Codigo de Calle Desde": 1695, "SOV_Codigo de Calle Hasta": 3741, "SOV_Descripción Modalidad": "CONTRATO", "SOV_Nombre Proveedor": null, "SOV_Nombre Cuadrilla": null, "SOV_Nombre de Unidad": "MANTENIMIENTO VIAL", "SOV_Codigo de Unidad": 425, "SOV_Costo de la Tarea": null, "SOV_Cantidad de la Tarea": 3.88, "SOV_Agrupador Tarea": 1.02, "SOV_Fecha de la Tarea": "15/01/2026", "SOV_Observaciones": null, "SOV_Plan de Obra": null, "SOV_Fecha Recepcion Definitiva": null, "SOV_Fecha Recepcion Provisoria": null, "SOV_Fecha de Fin": null, "SOV_Fecha de Inicio": "26/05/2025", "SOV_Proveedor": null, "SOV_Responsable": null, "SOV_Cuadrilla": null, "SOV_Unidad": 425, "SOV_Calle Hasta": "LANUS", "SOV_Calle Desde": "CARVE", "SOV_Calle Principal": "CAACUPE", "SOV_CCZ": 12, "SOV_Resolucion": null, "SOV_Contrato": 2077, "SOV_Proyecto": null, "SOV_Modalidad": 1, "SOV_Descripcion de la Obra": null, "SOV_Nro. de Obra (interno)": 91156 }, "geometry": { "type": "MultiLineString", "coordinates": [ [ [ -56.234124223741809, -34.80424479181962 ], [ -56.234599005691265, -34.805983500007898 ] ] ] } },
{ "type": "Feature", "properties": { "fid": 25496, "nom_calle": "RBLA COSTANERA", "cod_depto": 1, "cod_locali": 20, "gid": 106173664.0, "cod_nombre": 2221, "tipo": "RAMBLA", "SOV_Costo Unitario": null, "SOV_Unidad de la Tarea": "m2", "SOV_Nombre Tarea": "BACHEO ASFALTICO SUPERFICIAL", "SOV_Codigo de Tarea": 2, "SOV_Codigo de Calle Ppal.": 2221, "SOV_Codigo de Calle Desde": 5340, "SOV_Codigo de Calle Hasta": 1695, "SOV_Descripción Modalidad": "CONTRATO", "SOV_Nombre Proveedor": null, "SOV_Nombre Cuadrilla": null, "SOV_Nombre de Unidad": "MANTENIMIENTO VIAL", "SOV_Codigo de Unidad": 425, "SOV_Costo de la Tarea": null, "SOV_Cantidad de la Tarea": 42.6, "SOV_Agrupador Tarea": 1.02, "SOV_Fecha de la Tarea": "15/01/2026", "SOV_Observaciones": null, "SOV_Plan de Obra": null, "SOV_Fecha Recepcion Definitiva": null, "SOV_Fecha Recepcion Provisoria": null, "SOV_Fecha de Fin": null, "SOV_Fecha de Inicio": "26/05/2025", "SOV_Proveedor": null, "SOV_Responsable": null, "SOV_Cuadrilla": null, "SOV_Unidad": 425, "SOV_Calle Hasta": "CARVE", "SOV_Calle Desde": "OTT CARLOS", "SOV_Calle Principal": "RBLA COSTANERA", "SOV_CCZ": 12, "SOV_Resolucion": null, "SOV_Contrato": 2077, "SOV_Proyecto": null, "SOV_Modalidad": 1, "SOV_Descripcion de la Obra": null, "SOV_Nro. de Obra (interno)": 91157 }, "geometry": { "type": "MultiLineString", "coordinates": [ [ [ -56.237180195536723, -34.805553881633529 ], [ -56.236926742195386, -34.806505596994661 ], [ -56.236925450933896, -34.806508601841564 ], [ -56.236924097303756, -34.806511587956209 ], [ -56.236922681704165, -34.806514554457934 ], [ -56.23692120455258, -34.806517500471962 ], [ -56.236919666284599, -34.806520425129456 ], [ -56.236918067353855, -34.806523327567938 ], [ -56.236916408231892, -34.806526206931473 ], [ -56.236914689407975, -34.806529062370927 ], [ -56.236912911388984, -34.806531893044202 ], [ -56.236911074699258, -34.806534698116558 ], [ -56.236909179880442, -34.806537476760717 ], [ -56.236907227491322, -34.806540228157289 ], [ -56.236905218107651, -34.806542951494862 ], [ -56.236903152322007, -34.80654564597031 ], [ -56.236901030743589, -34.806548310789026 ], [ -56.236898853998056, -34.806550945165128 ], [ -56.236896622727336, -34.806553548321745 ], [ -56.236894337589433, -34.806556119491184 ], [ -56.236891999258248, -34.806558657915197 ], [ -56.23688960842334, -34.806561162845199 ], [ -56.236887165789781, -34.80656363354246 ], [ -56.23688467207792, -34.806566069278389 ], [ -56.236882128023154, -34.806568469334664 ], [ -56.236879534375724, -34.806570833003484 ], [ -56.236876891900508, -34.806573159587792 ], [ -56.236874201376779, -34.80657544840151 ], [ -56.236871463597986, -34.806577698769601 ], [ -56.236868679371511, -34.806579910028461 ], [ -56.236865849518423, -34.806582081525967 ], [ -56.236862974873247, -34.806584212621701 ], [ -56.236860056283746, -34.806586302687251 ], [ -56.236857094610613, -34.806588351106221 ], [ -56.236854090727256, -34.806590357274516 ], [ -56.236851045519529, -34.806592320600508 ], [ -56.236847959885473, -34.80659424050522 ], [ -56.236844834735066, -34.806596116422448 ], [ -56.236841670989904, -34.806597947798984 ], [ -56.23683846958302, -34.806599734094739 ], [ -56.236835231458493, -34.80660147478293 ], [ -56.236831957571269, -34.806603169350225 ], [ -56.236828648886842, -34.806604817296865 ], [ -56.236825306380936, -34.806606418136887 ], [ -56.236821931039287, -34.806607971398201 ], [ -56.236818523857288, -34.806609476622711 ], [ -56.236815085839737, -34.806610933366557 ], [ -56.236811618000523, -34.806612341200108 ], [ -56.236808121362323, -34.806613699708201 ], [ -56.236804596956304, -34.806615008490205 ], [ -56.236801045821849, -34.806616267160152 ], [ -56.236797469006184, -34.806617475346854 ], [ -56.236793867564138, -34.806618632694004 ], [ -56.236790242557802, -34.806619738860313 ], [ -56.236786595056188, -34.806620793519556 ], [ -56.236782926134971, -34.806621796360702 ], [ -56.236779236876131, -34.806622747088042 ], [ -56.236775528367666, -34.806623645421134 ], [ -56.236771801703199, -34.806624491095114 ], [ -56.23676805798177, -34.806625283860569 ], [ -56.236764298307413, -34.806626023483709 ], [ -56.236760523788874, -34.806626709746425 ], [ -56.236689125575019, -34.806643117398501 ] ] ] } },
{ "type": "Feature", "properties": { "fid": 25863, "nom_calle": "CNO FAUQUET", "cod_depto": 1, "cod_locali": 20, "gid": 106174099.0, "cod_nombre": 2670, "tipo": "CAMINO", "SOV_Costo Unitario": null, "SOV_Unidad de la Tarea": "m2", "SOV_Nombre Tarea": "BACHEO ASFALTICO SUPERFICIAL", "SOV_Codigo de Tarea": 2, "SOV_Codigo de Calle Ppal.": 2670, "SOV_Codigo de Calle Desde": 5505, "SOV_Codigo de Calle Hasta": 3186, "SOV_Descripción Modalidad": "CONTRATO", "SOV_Nombre Proveedor": null, "SOV_Nombre Cuadrilla": null, "SOV_Nombre de Unidad": "MANTENIMIENTO VIAL", "SOV_Codigo de Unidad": 425, "SOV_Costo de la Tarea": null, "SOV_Cantidad de la Tarea": 20.34, "SOV_Agrupador Tarea": 1.02, "SOV_Fecha de la Tarea": "21/01/2026", "SOV_Observaciones": null, "SOV_Plan de Obra": null, "SOV_Fecha Recepcion Definitiva": null, "SOV_Fecha Recepcion Provisoria": null, "SOV_Fecha de Fin": null, "SOV_Fecha de Inicio": "26/05/2025", "SOV_Proveedor": null, "SOV_Responsable": null, "SOV_Cuadrilla": null, "SOV_Unidad": 425, "SOV_Calle Hasta": "GUANAHANY", "SOV_Calle Desde": "PINTA", "SOV_Calle Principal": "CNO FAUQUET", "SOV_CCZ": 12, "SOV_Resolucion": null, "SOV_Contrato": 2077, "SOV_Proyecto": null, "SOV_Modalidad": 1, "SOV_Descripcion de la Obra": null, "SOV_Nro. de Obra (interno)": 91228 }, "geometry": { "type": "MultiLineString", "coordinates": [ [ [ -56.242435596288168, -34.792459087528187 ], [ -56.242726869704434, -34.792203406927072 ] ] ] } },
{ "type": "Feature", "properties": { "fid": 25866, "nom_calle": "CNO FAUQUET", "cod_depto": 1, "cod_locali": 20, "gid": 106174103.0, "cod_nombre": 2670, "tipo": "CAMINO", "SOV_Costo Unitario": null, "SOV_Unidad de la Tarea": "m2", "SOV_Nombre Tarea": "BACHEO ASFALTICO SUPERFICIAL", "SOV_Codigo de Tarea": 2, "SOV_Codigo de Calle Ppal.": 2670, "SOV_Codigo de Calle Desde": 5505, "SOV_Codigo de Calle Hasta": 3186, "SOV_Descripción Modalidad": "CONTRATO", "SOV_Nombre Proveedor": null, "SOV_Nombre Cuadrilla": null, "SOV_Nombre de Unidad": "MANTENIMIENTO VIAL", "SOV_Codigo de Unidad": 425, "SOV_Costo de la Tarea": null, "SOV_Cantidad de la Tarea": 20.34, "SOV_Agrupador Tarea": 1.02, "SOV_Fecha de la Tarea": "21/01/2026", "SOV_Observaciones": null, "SOV_Plan de Obra": null, "SOV_Fecha Recepcion Definitiva": null, "SOV_Fecha Recepcion Provisoria": null, "SOV_Fecha de Fin": null, "SOV_Fecha de Inicio": "26/05/2025", "SOV_Proveedor": null, "SOV_Responsable": null, "SOV_Cuadrilla": null, "SOV_Unidad": 425, "SOV_Calle Hasta": "GUANAHANY", "SOV_Calle Desde": "PINTA", "SOV_Calle Principal": "CNO FAUQUET", "SOV_CCZ": 12, "SOV_Resolucion": null, "SOV_Contrato": 2077, "SOV_Proyecto": null, "SOV_Modalidad": 1, "SOV_Descripcion de la Obra": null, "SOV_Nro. de Obra (interno)": 91228 }, "geometry": { "type": "MultiLineString", "coordinates": [ [ [ -56.241347636377519, -34.793481193938774 ], [ -56.241813070960553, -34.793039763878312 ] ] ] } },
{ "type": "Feature", "properties": { "fid": 25867, "nom_calle": "CNO FAUQUET", "cod_depto": 1, "cod_locali": 20, "gid": 106174104.0, "cod_nombre": 2670, "tipo": "CAMINO", "SOV_Costo Unitario": null, "SOV_Unidad de la Tarea": "m2", "SOV_Nombre Tarea": "BACHEO ASFALTICO SUPERFICIAL", "SOV_Codigo de Tarea": 2, "SOV_Codigo de Calle Ppal.": 2670, "SOV_Codigo de Calle Desde": 5505, "SOV_Codigo de Calle Hasta": 3186, "SOV_Descripción Modalidad": "CONTRATO", "SOV_Nombre Proveedor": null, "SOV_Nombre Cuadrilla": null, "SOV_Nombre de Unidad": "MANTENIMIENTO VIAL", "SOV_Codigo de Unidad": 425, "SOV_Costo de la Tarea": null, "SOV_Cantidad de la Tarea": 20.34, "SOV_Agrupador Tarea": 1.02, "SOV_Fecha de la Tarea": "21/01/2026", "SOV_Observaciones": null, "SOV_Plan de Obra": null, "SOV_Fecha Recepcion Definitiva": null, "SOV_Fecha Recepcion Provisoria": null, "SOV_Fecha de Fin": null, "SOV_Fecha de Inicio": "26/05/2025", "SOV_Proveedor": null, "SOV_Responsable": null, "SOV_Cuadrilla": null, "SOV_Unidad": 425, "SOV_Calle Hasta": "GUANAHANY", "SOV_Calle Desde": "PINTA", "SOV_Calle Principal": "CNO FAUQUET", "SOV_CCZ": 12, "SOV_Resolucion": null, "SOV_Contrato": 2077, "SOV_Proyecto": null, "SOV_Modalidad": 1, "SOV_Descripcion de la Obra": null, "SOV_Nro. de Obra (interno)": 91228 }, "geometry": { "type": "MultiLineString", "coordinates": [ [ [ -56.241813070960553, -34.793039763878312 ], [ -56.242435596288168, -34.792459087528187 ] ] ] } },
{ "type": "Feature", "properties": { "fid": 26019, "nom_calle": "TACUATY", "cod_depto": 1, "cod_locali": 20, "gid": 106174405.0, "cod_nombre": 6750, "tipo": "CALLE", "SOV_Costo Unitario": null, "SOV_Unidad de la Tarea": "m2", "SOV_Nombre Tarea": "BACHEO ASFALTICO SUPERFICIAL", "SOV_Codigo de Tarea": 2, "SOV_Codigo de Calle Ppal.": 6750, "SOV_Codigo de Calle Desde": 4728, "SOV_Codigo de Calle Hasta": 4362, "SOV_Descripción Modalidad": "CONTRATO", "SOV_Nombre Proveedor": null, "SOV_Nombre Cuadrilla": null, "SOV_Nombre de Unidad": "MANTENIMIENTO VIAL", "SOV_Codigo de Unidad": 425, "SOV_Costo de la Tarea": null, "SOV_Cantidad de la Tarea": 9.33, "SOV_Agrupador Tarea": 1.02, "SOV_Fecha de la Tarea": "13/01/2026", "SOV_Observaciones": null, "SOV_Plan de Obra": null, "SOV_Fecha Recepcion Definitiva": null, "SOV_Fecha Recepcion Provisoria": null, "SOV_Fecha de Fin": null, "SOV_Fecha de Inicio": "26/05/2025", "SOV_Proveedor": null, "SOV_Responsable": null, "SOV_Cuadrilla": null, "SOV_Unidad": 425, "SOV_Calle Hasta": "CNO MELILLA", "SOV_Calle Desde": "NIÑA", "SOV_Calle Principal": "TACUATY", "SOV_CCZ": 12, "SOV_Resolucion": null, "SOV_Contrato": 2077, "SOV_Proyecto": null, "SOV_Modalidad": 1, "SOV_Descripcion de la Obra": null, "SOV_Nro. de Obra (interno)": 91138 }, "geometry": { "type": "MultiLineString", "coordinates": [ [ [ -56.252784412189868, -34.805832892315536 ], [ -56.252110380523213, -34.806143013461671 ], [ -56.249982033964415, -34.80705681611169 ] ] ] } },
{ "type": "Feature", "properties": { "fid": 26022, "nom_calle": "JUAN P LAMOLLE", "cod_depto": 1, "cod_locali": 20, "gid": 106174406.0, "cod_nombre": 3726, "tipo": "CALLE", "SOV_Costo Unitario": null, "SOV_Unidad de la Tarea": "m2", "SOV_Nombre Tarea": "BACHEO ASFALTICO SUPERFICIAL", "SOV_Codigo de Tarea": 2, "SOV_Codigo de Calle Ppal.": 3726, "SOV_Codigo de Calle Desde": 813, "SOV_Codigo de Calle Hasta": 4533, "SOV_Descripción Modalidad": "CONTRATO", "SOV_Nombre Proveedor": null, "SOV_Nombre Cuadrilla": null, "SOV_Nombre de Unidad": "MANTENIMIENTO VIAL", "SOV_Codigo de Unidad": 425, "SOV_Costo de la Tarea": null, "SOV_Cantidad de la Tarea": 2.14, "SOV_Agrupador Tarea": 1.02, "SOV_Fecha de la Tarea": "12/01/2026", "SOV_Observaciones": null, "SOV_Plan de Obra": null, "SOV_Fecha Recepcion Definitiva": null, "SOV_Fecha Recepcion Provisoria": null, "SOV_Fecha de Fin": null, "SOV_Fecha de Inicio": "26/05/2025", "SOV_Proveedor": null, "SOV_Responsable": null, "SOV_Cuadrilla": null, "SOV_Unidad": 425, "SOV_Calle Hasta": "MONTALVO", "SOV_Calle Desde": "DOMINGO BASSO", "SOV_Calle Principal": "LAMOLLE JUAN P.", "SOV_CCZ": 12, "SOV_Resolucion": null, "SOV_Contrato": 2077, "SOV_Proyecto": null, "SOV_Modalidad": 1, "SOV_Descripcion de la Obra": null, "SOV_Nro. de Obra (interno)": 91111 }, "geometry": { "type": "MultiLineString", "coordinates": [ [ [ -56.246667955234884, -34.805209525217727 ], [ -56.246098450815992, -34.804342652768128 ], [ -56.246076719243071, -34.804310458511154 ], [ -56.246067127498733, -34.804297157738731 ], [ -56.246057269677053, -34.804283989989493 ], [ -56.246047148489041, -34.804270958884509 ], [ -56.246036766718085, -34.804258068007272 ], [ -56.246026127219253, -34.804245320902723 ], [ -56.246015232918467, -34.804232721076239 ], [ -56.246004086811737, -34.804220271992733 ], [ -56.24599269196429, -34.80420797707562 ], [ -56.245981051509766, -34.804195839705962 ], [ -56.245969168649339, -34.804183863221454 ], [ -56.24595704665083, -34.804172050915547 ], [ -56.245944688847835, -34.804160406036601 ], [ -56.245932098638768, -34.804148931786862 ], [ -56.245919279485967, -34.804137631321701 ], [ -56.24590623491472, -34.804126507748663 ], [ -56.245892968512294, -34.804115564126676 ], [ -56.245879483926956, -34.804104803465165 ], [ -56.245865784866972, -34.80409422872323 ], [ -56.245351457807985, -34.803694971044202 ] ] ] } },
{ "type": "Feature", "properties": { "fid": 26027, "nom_calle": "TACUATY", "cod_depto": 1, "cod_locali": 20, "gid": 106174411.0, "cod_nombre": 6750, "tipo": "CALLE", "SOV_Costo Unitario": null, "SOV_Unidad de la Tarea": "m2", "SOV_Nombre Tarea": "BACHEO ASFALTICO SUPERFICIAL", "SOV_Codigo de Tarea": 2, "SOV_Codigo de Calle Ppal.": 6750, "SOV_Codigo de Calle Desde": 4728, "SOV_Codigo de Calle Hasta": 4362, "SOV_Descripción Modalidad": "CONTRATO", "SOV_Nombre Proveedor": null, "SOV_Nombre Cuadrilla": null, "SOV_Nombre de Unidad": "MANTENIMIENTO VIAL", "SOV_Codigo de Unidad": 425, "SOV_Costo de la Tarea": null, "SOV_Cantidad de la Tarea": 9.33, "SOV_Agrupador Tarea": 1.02, "SOV_Fecha de la Tarea": "13/01/2026", "SOV_Observaciones": null, "SOV_Plan de Obra": null, "SOV_Fecha Recepcion Definitiva": null, "SOV_Fecha Recepcion Provisoria": null, "SOV_Fecha de Fin": null, "SOV_Fecha de Inicio": "26/05/2025", "SOV_Proveedor": null, "SOV_Responsable": null, "SOV_Cuadrilla": null, "SOV_Unidad": 425, "SOV_Calle Hasta": "CNO MELILLA", "SOV_Calle Desde": "NIÑA", "SOV_Calle Principal": "TACUATY", "SOV_CCZ": 12, "SOV_Resolucion": null, "SOV_Contrato": 2077, "SOV_Proyecto": null, "SOV_Modalidad": 1, "SOV_Descripcion de la Obra": null, "SOV_Nro. de Obra (interno)": 91138 }, "geometry": { "type": "MultiLineString", "coordinates": [ [ [ -56.253694027739463, -34.805531019520672 ], [ -56.253650310722747, -34.8055318778502 ], [ -56.253639550876457, -34.805532151591017 ], [ -56.253628798315077, -34.805532577682442 ], [ -56.253618056209078, -34.805533155998873 ], [ -56.253607327725845, -34.805533886369766 ], [ -56.253596616028759, -34.805534768579761 ], [ -56.253585924276237, -34.805535802368738 ], [ -56.253575255620831, -34.805536987431879 ], [ -56.253564613208269, -34.805538323419754 ], [ -56.25355400017655, -34.805539809938445 ], [ -56.25354341965501, -34.805541446549611 ], [ -56.253532874763387, -34.805543232770724 ], [ -56.253522368610945, -34.805545168075071 ], [ -56.253511904295486, -34.805547251892044 ], [ -56.253501484902507, -34.805549483607173 ], [ -56.253454885210438, -34.805560941036227 ], [ -56.253393277155382, -34.80557984989602 ], [ -56.253328891005417, -34.805601767063123 ], [ -56.253260113600199, -34.805627628066745 ], [ -56.253026354078195, -34.805721493015866 ], [ -56.252784412189868, -34.805832892315536 ] ] ] } },
{ "type": "Feature", "properties": { "fid": 26076, "nom_calle": "GUANAHANY", "cod_depto": 1, "cod_locali": 20, "gid": 106174466.0, "cod_nombre": 3186, "tipo": "CALLE", "SOV_Costo Unitario": null, "SOV_Unidad de la Tarea": "m2", "SOV_Nombre Tarea": "BACHEO ASFALTICO SUPERFICIAL", "SOV_Codigo de Tarea": 2, "SOV_Codigo de Calle Ppal.": 3186, "SOV_Codigo de Calle Desde": 3276, "SOV_Codigo de Calle Hasta": 2670, "SOV_Descripción Modalidad": "CONTRATO", "SOV_Nombre Proveedor": null, "SOV_Nombre Cuadrilla": null, "SOV_Nombre de Unidad": "MANTENIMIENTO VIAL", "SOV_Codigo de Unidad": 425, "SOV_Costo de la Tarea": null, "SOV_Cantidad de la Tarea": 42.62, "SOV_Agrupador Tarea": 1.02, "SOV_Fecha de la Tarea": "15/01/2026", "SOV_Observaciones": null, "SOV_Plan de Obra": null, "SOV_Fecha Recepcion Definitiva": null, "SOV_Fecha Recepcion Provisoria": null, "SOV_Fecha de Fin": null, "SOV_Fecha de Inicio": "26/05/2025", "SOV_Proveedor": null, "SOV_Responsable": null, "SOV_Cuadrilla": null, "SOV_Unidad": 425, "SOV_Calle Hasta": "CNO FAUQUET", "SOV_Calle Desde": "GUTTEMBERG", "SOV_Calle Principal": "GUANAHANY", "SOV_CCZ": 12, "SOV_Resolucion": null, "SOV_Contrato": 2077, "SOV_Proyecto": null, "SOV_Modalidad": 1, "SOV_Descripcion de la Obra": null, "SOV_Nro. de Obra (interno)": 91155 }, "geometry": { "type": "MultiLineString", "coordinates": [ [ [ -56.244978465203836, -34.793961704015587 ], [ -56.246493473561806, -34.795133862727432 ] ] ] } },
{ "type": "Feature", "properties": { "fid": 26241, "nom_calle": "LUIS LASAGNA", "cod_depto": 1, "cod_locali": 20, "gid": 106174633.0, "cod_nombre": 3831, "tipo": "CALLE", "SOV_Costo Unitario": null, "SOV_Unidad de la Tarea": "m2", "SOV_Nombre Tarea": "BACHEO ASFALTICO SUPERFICIAL", "SOV_Codigo de Tarea": 2, "SOV_Codigo de Calle Ppal.": 3831, "SOV_Codigo de Calle Desde": 7197, "SOV_Codigo de Calle Hasta": 5337, "SOV_Descripción Modalidad": "CONTRATO", "SOV_Nombre Proveedor": null, "SOV_Nombre Cuadrilla": null, "SOV_Nombre de Unidad": "MANTENIMIENTO VIAL", "SOV_Codigo de Unidad": 425, "SOV_Costo de la Tarea": null, "SOV_Cantidad de la Tarea": 14.5, "SOV_Agrupador Tarea": 1.02, "SOV_Fecha de la Tarea": "21/01/2026", "SOV_Observaciones": null, "SOV_Plan de Obra": null, "SOV_Fecha Recepcion Definitiva": null, "SOV_Fecha Recepcion Provisoria": null, "SOV_Fecha de Fin": null, "SOV_Fecha de Inicio": "26/05/2025", "SOV_Proveedor": null, "SOV_Responsable": null, "SOV_Cuadrilla": null, "SOV_Unidad": 425, "SOV_Calle Hasta": "PEABODY", "SOV_Calle Desde": "VERAGUAS", "SOV_Calle Principal": "LASAGNA LUIS", "SOV_CCZ": 12, "SOV_Resolucion": null, "SOV_Contrato": 2077, "SOV_Proyecto": null, "SOV_Modalidad": 1, "SOV_Descripcion de la Obra": null, "SOV_Nro. de Obra (interno)": 91231 }, "geometry": { "type": "MultiLineString", "coordinates": [ [ [ -56.250988533781317, -34.796300965460773 ], [ -56.25241150510093, -34.795059828970253 ] ] ] } },
{ "type": "Feature", "properties": { "fid": 26281, "nom_calle": "PEABODY", "cod_depto": 1, "cod_locali": 20, "gid": 106174758.0, "cod_nombre": 5337, "tipo": "CALLE", "SOV_Costo Unitario": null, "SOV_Unidad de la Tarea": "m2", "SOV_Nombre Tarea": "BACHEO ASFALTICO SUPERFICIAL", "SOV_Codigo de Tarea": 2, "SOV_Codigo de Calle Ppal.": 5337, "SOV_Codigo de Calle Desde": 3276, "SOV_Codigo de Calle Hasta": 3003, "SOV_Descripción Modalidad": "CONTRATO", "SOV_Nombre Proveedor": null, "SOV_Nombre Cuadrilla": null, "SOV_Nombre de Unidad": "MANTENIMIENTO VIAL", "SOV_Codigo de Unidad": 425, "SOV_Costo de la Tarea": null, "SOV_Cantidad de la Tarea": 10.06, "SOV_Agrupador Tarea": 1.02, "SOV_Fecha de la Tarea": "13/01/2026", "SOV_Observaciones": null, "SOV_Plan de Obra": null, "SOV_Fecha Recepcion Definitiva": null, "SOV_Fecha Recepcion Provisoria": null, "SOV_Fecha de Fin": null, "SOV_Fecha de Inicio": "26/05/2025", "SOV_Proveedor": null, "SOV_Responsable": null, "SOV_Cuadrilla": null, "SOV_Unidad": 425, "SOV_Calle Hasta": "GIOIA", "SOV_Calle Desde": "GUTTEMBERG", "SOV_Calle Principal": "PEABODY", "SOV_CCZ": 12, "SOV_Resolucion": null, "SOV_Contrato": 2077, "SOV_Proyecto": null, "SOV_Modalidad": 1, "SOV_Descripcion de la Obra": null, "SOV_Nro. de Obra (interno)": 91137 }, "geometry": { "type": "MultiLineString", "coordinates": [ [ [ -56.249347001409284, -34.792658510459866 ], [ -56.248530915773131, -34.792029401462571 ] ] ] } },
{ "type": "Feature", "properties": { "fid": 26297, "nom_calle": "GUANAHANY", "cod_depto": 1, "cod_locali": 20, "gid": 106174691.0, "cod_nombre": 3186, "tipo": "CALLE", "SOV_Costo Unitario": null, "SOV_Unidad de la Tarea": "m2", "SOV_Nombre Tarea": "BACHEO ASFALTICO SUPERFICIAL", "SOV_Codigo de Tarea": 2, "SOV_Codigo de Calle Ppal.": 3186, "SOV_Codigo de Calle Desde": 3276, "SOV_Codigo de Calle Hasta": 2670, "SOV_Descripción Modalidad": "CONTRATO", "SOV_Nombre Proveedor": null, "SOV_Nombre Cuadrilla": null, "SOV_Nombre de Unidad": "MANTENIMIENTO VIAL", "SOV_Codigo de Unidad": 425, "SOV_Costo de la Tarea": null, "SOV_Cantidad de la Tarea": 42.62, "SOV_Agrupador Tarea": 1.02, "SOV_Fecha de la Tarea": "15/01/2026", "SOV_Observaciones": null, "SOV_Plan de Obra": null, "SOV_Fecha Recepcion Definitiva": null, "SOV_Fecha Recepcion Provisoria": null, "SOV_Fecha de Fin": null, "SOV_Fecha de Inicio": "26/05/2025", "SOV_Proveedor": null, "SOV_Responsable": null, "SOV_Cuadrilla": null, "SOV_Unidad": 425, "SOV_Calle Hasta": "CNO FAUQUET", "SOV_Calle Desde": "GUTTEMBERG", "SOV_Calle Principal": "GUANAHANY", "SOV_CCZ": 12, "SOV_Resolucion": null, "SOV_Contrato": 2077, "SOV_Proyecto": null, "SOV_Modalidad": 1, "SOV_Descripcion de la Obra": null, "SOV_Nro. de Obra (interno)": 91155 }, "geometry": { "type": "MultiLineString", "coordinates": [ [ [ -56.242726869704434, -34.792203406927072 ], [ -56.244978465203836, -34.793961704015587 ] ] ] } },
{ "type": "Feature", "properties": { "fid": 26306, "nom_calle": "VERAGUAS", "cod_depto": 1, "cod_locali": 20, "gid": 106174701.0, "cod_nombre": 7197, "tipo": "CALLE", "SOV_Costo Unitario": null, "SOV_Unidad de la Tarea": "m2", "SOV_Nombre Tarea": "BACHEO ASFALTICO SUPERFICIAL", "SOV_Codigo de Tarea": 2, "SOV_Codigo de Calle Ppal.": 7197, "SOV_Codigo de Calle Desde": 3918, "SOV_Codigo de Calle Hasta": 3276, "SOV_Descripción Modalidad": "CONTRATO", "SOV_Nombre Proveedor": null, "SOV_Nombre Cuadrilla": null, "SOV_Nombre de Unidad": "MANTENIMIENTO VIAL", "SOV_Codigo de Unidad": 425, "SOV_Costo de la Tarea": null, "SOV_Cantidad de la Tarea": 13.44, "SOV_Agrupador Tarea": 1.02, "SOV_Fecha de la Tarea": "21/01/2026", "SOV_Observaciones": null, "SOV_Plan de Obra": null, "SOV_Fecha Recepcion Definitiva": null, "SOV_Fecha Recepcion Provisoria": null, "SOV_Fecha de Fin": null, "SOV_Fecha de Inicio": "26/05/2025", "SOV_Proveedor": null, "SOV_Responsable": null, "SOV_Cuadrilla": null, "SOV_Unidad": 425, "SOV_Calle Hasta": "GUTTEMBERG", "SOV_Calle Desde": "AV LEZICA", "SOV_Calle Principal": "VERAGUAS", "SOV_CCZ": 12, "SOV_Resolucion": null, "SOV_Contrato": 2077, "SOV_Proyecto": null, "SOV_Modalidad": 1, "SOV_Descripcion de la Obra": null, "SOV_Nro. de Obra (interno)": 91230 }, "geometry": { "type": "MultiLineString", "coordinates": [ [ [ -56.247918297773616, -34.79389776954698 ], [ -56.24945527410749, -34.795099516199208 ] ] ] } },
{ "type": "Feature", "properties": { "fid": 26337, "nom_calle": "PEABODY", "cod_depto": 1, "cod_locali": 20, "gid": 106174757.0, "cod_nombre": 5337, "tipo": "CALLE", "SOV_Costo Unitario": null, "SOV_Unidad de la Tarea": "m2", "SOV_Nombre Tarea": "BACHEO ASFALTICO SUPERFICIAL", "SOV_Codigo de Tarea": 2, "SOV_Codigo de Calle Ppal.": 5337, "SOV_Codigo de Calle Desde": 3276, "SOV_Codigo de Calle Hasta": 3003, "SOV_Descripción Modalidad": "CONTRATO", "SOV_Nombre Proveedor": null, "SOV_Nombre Cuadrilla": null, "SOV_Nombre de Unidad": "MANTENIMIENTO VIAL", "SOV_Codigo de Unidad": 425, "SOV_Costo de la Tarea": null, "SOV_Cantidad de la Tarea": 10.06, "SOV_Agrupador Tarea": 1.02, "SOV_Fecha de la Tarea": "13/01/2026", "SOV_Observaciones": null, "SOV_Plan de Obra": null, "SOV_Fecha Recepcion Definitiva": null, "SOV_Fecha Recepcion Provisoria": null, "SOV_Fecha de Fin": null, "SOV_Fecha de Inicio": "26/05/2025", "SOV_Proveedor": null, "SOV_Responsable": null, "SOV_Cuadrilla": null, "SOV_Unidad": 425, "SOV_Calle Hasta": "GIOIA", "SOV_Calle Desde": "GUTTEMBERG", "SOV_Calle Principal": "PEABODY", "SOV_CCZ": 12, "SOV_Resolucion": null, "SOV_Contrato": 2077, "SOV_Proyecto": null, "SOV_Modalidad": 1, "SOV_Descripcion de la Obra": null, "SOV_Nro. de Obra (interno)": 91137 }, "geometry": { "type": "MultiLineString", "coordinates": [ [ [ -56.248530915773131, -34.792029401462571 ], [ -56.247826409146697, -34.791492382534784 ] ] ] } },
{ "type": "Feature", "properties": { "fid": 26459, "nom_calle": "CNO DE LA REDENCION", "cod_depto": 1, "cod_locali": 20, "gid": 106174861.0, "cod_nombre": 5889, "tipo": "CAMINO", "SOV_Costo Unitario": null, "SOV_Unidad de la Tarea": "m2", "SOV_Nombre Tarea": "BACHEO ASFALTICO SUPERFICIAL", "SOV_Codigo de Tarea": 2, "SOV_Codigo de Calle Ppal.": 5889, "SOV_Codigo de Calle Desde": 9810, "SOV_Codigo de Calle Hasta": 711, "SOV_Descripción Modalidad": "ADMINISTRACION", "SOV_Nombre Proveedor": null, "SOV_Nombre Cuadrilla": "CUADRILLA 9", "SOV_Nombre de Unidad": "MANTENIMIENTO VIAL", "SOV_Codigo de Unidad": 425, "SOV_Costo de la Tarea": null, "SOV_Cantidad de la Tarea": 47.25, "SOV_Agrupador Tarea": 1.02, "SOV_Fecha de la Tarea": "13/01/2026", "SOV_Observaciones": null, "SOV_Plan de Obra": null, "SOV_Fecha Recepcion Definitiva": null, "SOV_Fecha Recepcion Provisoria": null, "SOV_Fecha de Fin": null, "SOV_Fecha de Inicio": "01/01/2025", "SOV_Proveedor": null, "SOV_Responsable": null, "SOV_Cuadrilla": 3.0, "SOV_Unidad": 425, "SOV_Calle Hasta": "CNO DR FRANCISCO AZAROLA", "SOV_Calle Desde": "RUTA NAL 5 BRIG GRAL F RIVERA", "SOV_Calle Principal": "DE LA REDENCION CAMINO", "SOV_CCZ": 12, "SOV_Resolucion": null, "SOV_Contrato": null, "SOV_Proyecto": null, "SOV_Modalidad": 3, "SOV_Descripcion de la Obra": null, "SOV_Nro. de Obra (interno)": 91512 }, "geometry": { "type": "MultiLineString", "coordinates": [ [ [ -56.282589071972353, -34.792525627356682 ], [ -56.284100047057983, -34.791854765718462 ] ] ] } },
{ "type": "Feature", "properties": { "fid": 26460, "nom_calle": "CNO DE LA REDENCION", "cod_depto": 1, "cod_locali": 20, "gid": 106174862.0, "cod_nombre": 5889, "tipo": "CAMINO", "SOV_Costo Unitario": null, "SOV_Unidad de la Tarea": "m2", "SOV_Nombre Tarea": "BACHEO ASFALTICO SUPERFICIAL", "SOV_Codigo de Tarea": 2, "SOV_Codigo de Calle Ppal.": 5889, "SOV_Codigo de Calle Desde": 9810, "SOV_Codigo de Calle Hasta": 711, "SOV_Descripción Modalidad": "ADMINISTRACION", "SOV_Nombre Proveedor": null, "SOV_Nombre Cuadrilla": "CUADRILLA 9", "SOV_Nombre de Unidad": "MANTENIMIENTO VIAL", "SOV_Codigo de Unidad": 425, "SOV_Costo de la Tarea": null, "SOV_Cantidad de la Tarea": 47.25, "SOV_Agrupador Tarea": 1.02, "SOV_Fecha de la Tarea": "13/01/2026", "SOV_Observaciones": null, "SOV_Plan de Obra": null, "SOV_Fecha Recepcion Definitiva": null, "SOV_Fecha Recepcion Provisoria": null, "SOV_Fecha de Fin": null, "SOV_Fecha de Inicio": "01/01/2025", "SOV_Proveedor": null, "SOV_Responsable": null, "SOV_Cuadrilla": 3.0, "SOV_Unidad": 425, "SOV_Calle Hasta": "CNO DR FRANCISCO AZAROLA", "SOV_Calle Desde": "RUTA NAL 5 BRIG GRAL F RIVERA", "SOV_Calle Principal": "DE LA REDENCION CAMINO", "SOV_CCZ": 12, "SOV_Resolucion": null, "SOV_Contrato": null, "SOV_Proyecto": null, "SOV_Modalidad": 3, "SOV_Descripcion de la Obra": null, "SOV_Nro. de Obra (interno)": 91512 }, "geometry": { "type": "MultiLineString", "coordinates": [ [ [ -56.282589071972353, -34.792525627356682 ], [ -56.278512377676627, -34.794338318666064 ] ] ] } },
{ "type": "Feature", "properties": { "fid": 26461, "nom_calle": "CNO DE LA REDENCION", "cod_depto": 1, "cod_locali": 20, "gid": 106174863.0, "cod_nombre": 5889, "tipo": "CAMINO", "SOV_Costo Unitario": null, "SOV_Unidad de la Tarea": "m2", "SOV_Nombre Tarea": "BACHEO ASFALTICO SUPERFICIAL", "SOV_Codigo de Tarea": 2, "SOV_Codigo de Calle Ppal.": 5889, "SOV_Codigo de Calle Desde": 9810, "SOV_Codigo de Calle Hasta": 711, "SOV_Descripción Modalidad": "ADMINISTRACION", "SOV_Nombre Proveedor": null, "SOV_Nombre Cuadrilla": "CUADRILLA 9", "SOV_Nombre de Unidad": "MANTENIMIENTO VIAL", "SOV_Codigo de Unidad": 425, "SOV_Costo de la Tarea": null, "SOV_Cantidad de la Tarea": 47.25, "SOV_Agrupador Tarea": 1.02, "SOV_Fecha de la Tarea": "13/01/2026", "SOV_Observaciones": null, "SOV_Plan de Obra": null, "SOV_Fecha Recepcion Definitiva": null, "SOV_Fecha Recepcion Provisoria": null, "SOV_Fecha de Fin": null, "SOV_Fecha de Inicio": "01/01/2025", "SOV_Proveedor": null, "SOV_Responsable": null, "SOV_Cuadrilla": 3.0, "SOV_Unidad": 425, "SOV_Calle Hasta": "CNO DR FRANCISCO AZAROLA", "SOV_Calle Desde": "RUTA NAL 5 BRIG GRAL F RIVERA", "SOV_Calle Principal": "DE LA REDENCION CAMINO", "SOV_CCZ": 12, "SOV_Resolucion": null, "SOV_Contrato": null, "SOV_Proyecto": null, "SOV_Modalidad": 3, "SOV_Descripcion de la Obra": null, "SOV_Nro. de Obra (interno)": 91512 }, "geometry": { "type": "MultiLineString", "coordinates": [ [ [ -56.278512377676627, -34.794338318666064 ], [ -56.273286335392356, -34.796657429855685 ] ] ] } },
{ "type": "Feature", "properties": { "fid": 26470, "nom_calle": "CNO DE LA REDENCION", "cod_depto": 1, "cod_locali": 20, "gid": 106174874.0, "cod_nombre": 5889, "tipo": "CAMINO", "SOV_Costo Unitario": null, "SOV_Unidad de la Tarea": "m2", "SOV_Nombre Tarea": "BACHEO ASFALTICO SUPERFICIAL", "SOV_Codigo de Tarea": 2, "SOV_Codigo de Calle Ppal.": 5889, "SOV_Codigo de Calle Desde": 9810, "SOV_Codigo de Calle Hasta": 711, "SOV_Descripción Modalidad": "ADMINISTRACION", "SOV_Nombre Proveedor": null, "SOV_Nombre Cuadrilla": "CUADRILLA 9", "SOV_Nombre de Unidad": "MANTENIMIENTO VIAL", "SOV_Codigo de Unidad": 425, "SOV_Costo de la Tarea": null, "SOV_Cantidad de la Tarea": 47.25, "SOV_Agrupador Tarea": 1.02, "SOV_Fecha de la Tarea": "13/01/2026", "SOV_Observaciones": null, "SOV_Plan de Obra": null, "SOV_Fecha Recepcion Definitiva": null, "SOV_Fecha Recepcion Provisoria": null, "SOV_Fecha de Fin": null, "SOV_Fecha de Inicio": "01/01/2025", "SOV_Proveedor": null, "SOV_Responsable": null, "SOV_Cuadrilla": 3.0, "SOV_Unidad": 425, "SOV_Calle Hasta": "CNO DR FRANCISCO AZAROLA", "SOV_Calle Desde": "RUTA NAL 5 BRIG GRAL F RIVERA", "SOV_Calle Principal": "DE LA REDENCION CAMINO", "SOV_CCZ": 12, "SOV_Resolucion": null, "SOV_Contrato": null, "SOV_Proyecto": null, "SOV_Modalidad": 3, "SOV_Descripcion de la Obra": null, "SOV_Nro. de Obra (interno)": 91512 }, "geometry": { "type": "MultiLineString", "coordinates": [ [ [ -56.298987329322642, -34.769464402922843 ], [ -56.299031082799466, -34.769249761319536 ] ] ] } },
{ "type": "Feature", "properties": { "fid": 26507, "nom_calle": "CNO DE LA REDENCION", "cod_depto": 1, "cod_locali": 20, "gid": 106174913.0, "cod_nombre": 5889, "tipo": "CAMINO", "SOV_Costo Unitario": null, "SOV_Unidad de la Tarea": "m2", "SOV_Nombre Tarea": "BACHEO ASFALTICO SUPERFICIAL", "SOV_Codigo de Tarea": 2, "SOV_Codigo de Calle Ppal.": 5889, "SOV_Codigo de Calle Desde": 9810, "SOV_Codigo de Calle Hasta": 711, "SOV_Descripción Modalidad": "ADMINISTRACION", "SOV_Nombre Proveedor": null, "SOV_Nombre Cuadrilla": "CUADRILLA 9", "SOV_Nombre de Unidad": "MANTENIMIENTO VIAL", "SOV_Codigo de Unidad": 425, "SOV_Costo de la Tarea": null, "SOV_Cantidad de la Tarea": 47.25, "SOV_Agrupador Tarea": 1.02, "SOV_Fecha de la Tarea": "13/01/2026", "SOV_Observaciones": null, "SOV_Plan de Obra": null, "SOV_Fecha Recepcion Definitiva": null, "SOV_Fecha Recepcion Provisoria": null, "SOV_Fecha de Fin": null, "SOV_Fecha de Inicio": "01/01/2025", "SOV_Proveedor": null, "SOV_Responsable": null, "SOV_Cuadrilla": 3.0, "SOV_Unidad": 425, "SOV_Calle Hasta": "CNO DR FRANCISCO AZAROLA", "SOV_Calle Desde": "RUTA NAL 5 BRIG GRAL F RIVERA", "SOV_Calle Principal": "DE LA REDENCION CAMINO", "SOV_CCZ": 12, "SOV_Resolucion": null, "SOV_Contrato": null, "SOV_Proyecto": null, "SOV_Modalidad": 3, "SOV_Descripcion de la Obra": null, "SOV_Nro. de Obra (interno)": 91512 }, "geometry": { "type": "MultiLineString", "coordinates": [ [ [ -56.299685132925141, -34.76556498741239 ], [ -56.299706436209107, -34.765438921455882 ] ] ] } },
{ "type": "Feature", "properties": { "fid": 26508, "nom_calle": "CNO DE LA REDENCION", "cod_depto": 1, "cod_locali": 20, "gid": 106174914.0, "cod_nombre": 5889, "tipo": "CAMINO", "SOV_Costo Unitario": null, "SOV_Unidad de la Tarea": "m2", "SOV_Nombre Tarea": "BACHEO ASFALTICO SUPERFICIAL", "SOV_Codigo de Tarea": 2, "SOV_Codigo de Calle Ppal.": 5889, "SOV_Codigo de Calle Desde": 9810, "SOV_Codigo de Calle Hasta": 711, "SOV_Descripción Modalidad": "ADMINISTRACION", "SOV_Nombre Proveedor": null, "SOV_Nombre Cuadrilla": "CUADRILLA 9", "SOV_Nombre de Unidad": "MANTENIMIENTO VIAL", "SOV_Codigo de Unidad": 425, "SOV_Costo de la Tarea": null, "SOV_Cantidad de la Tarea": 47.25, "SOV_Agrupador Tarea": 1.02, "SOV_Fecha de la Tarea": "13/01/2026", "SOV_Observaciones": null, "SOV_Plan de Obra": null, "SOV_Fecha Recepcion Definitiva": null, "SOV_Fecha Recepcion Provisoria": null, "SOV_Fecha de Fin": null, "SOV_Fecha de Inicio": "01/01/2025", "SOV_Proveedor": null, "SOV_Responsable": null, "SOV_Cuadrilla": 3.0, "SOV_Unidad": 425, "SOV_Calle Hasta": "CNO DR FRANCISCO AZAROLA", "SOV_Calle Desde": "RUTA NAL 5 BRIG GRAL F RIVERA", "SOV_Calle Principal": "DE LA REDENCION CAMINO", "SOV_CCZ": 12, "SOV_Resolucion": null, "SOV_Contrato": null, "SOV_Proyecto": null, "SOV_Modalidad": 3, "SOV_Descripcion de la Obra": null, "SOV_Nro. de Obra (interno)": 91512 }, "geometry": { "type": "MultiLineString", "coordinates": [ [ [ -56.297800751672021, -34.774054839226793 ], [ -56.297749508201569, -34.774211698067226 ] ] ] } },
{ "type": "Feature", "properties": { "fid": 26513, "nom_calle": "CNO DE LA REDENCION", "cod_depto": 1, "cod_locali": 20, "gid": 106174919.0, "cod_nombre": 5889, "tipo": "CAMINO", "SOV_Costo Unitario": null, "SOV_Unidad de la Tarea": "m2", "SOV_Nombre Tarea": "BACHEO ASFALTICO SUPERFICIAL", "SOV_Codigo de Tarea": 2, "SOV_Codigo de Calle Ppal.": 5889, "SOV_Codigo de Calle Desde": 9810, "SOV_Codigo de Calle Hasta": 711, "SOV_Descripción Modalidad": "ADMINISTRACION", "SOV_Nombre Proveedor": null, "SOV_Nombre Cuadrilla": "CUADRILLA 9", "SOV_Nombre de Unidad": "MANTENIMIENTO VIAL", "SOV_Codigo de Unidad": 425, "SOV_Costo de la Tarea": null, "SOV_Cantidad de la Tarea": 47.25, "SOV_Agrupador Tarea": 1.02, "SOV_Fecha de la Tarea": "13/01/2026", "SOV_Observaciones": null, "SOV_Plan de Obra": null, "SOV_Fecha Recepcion Definitiva": null, "SOV_Fecha Recepcion Provisoria": null, "SOV_Fecha de Fin": null, "SOV_Fecha de Inicio": "01/01/2025", "SOV_Proveedor": null, "SOV_Responsable": null, "SOV_Cuadrilla": 3.0, "SOV_Unidad": 425, "SOV_Calle Hasta": "CNO DR FRANCISCO AZAROLA", "SOV_Calle Desde": "RUTA NAL 5 BRIG GRAL F RIVERA", "SOV_Calle Principal": "DE LA REDENCION CAMINO", "SOV_CCZ": 12, "SOV_Resolucion": null, "SOV_Contrato": null, "SOV_Proyecto": null, "SOV_Modalidad": 3, "SOV_Descripcion de la Obra": null, "SOV_Nro. de Obra (interno)": 91512 }, "geometry": { "type": "MultiLineString", "coordinates": [ [ [ -56.273286335392356, -34.796657429855685 ], [ -56.26556771229076, -34.800108018525052 ] ] ] } },
{ "type": "Feature", "properties": { "fid": 26514, "nom_calle": "CNO DE LA REDENCION", "cod_depto": 1, "cod_locali": 20, "gid": 106174920.0, "cod_nombre": 5889, "tipo": "CAMINO", "SOV_Costo Unitario": null, "SOV_Unidad de la Tarea": "m2", "SOV_Nombre Tarea": "BACHEO ASFALTICO SUPERFICIAL", "SOV_Codigo de Tarea": 2, "SOV_Codigo de Calle Ppal.": 5889, "SOV_Codigo de Calle Desde": 9810, "SOV_Codigo de Calle Hasta": 711, "SOV_Descripción Modalidad": "ADMINISTRACION", "SOV_Nombre Proveedor": null, "SOV_Nombre Cuadrilla": "CUADRILLA 9", "SOV_Nombre de Unidad": "MANTENIMIENTO VIAL", "SOV_Codigo de Unidad": 425, "SOV_Costo de la Tarea": null, "SOV_Cantidad de la Tarea": 47.25, "SOV_Agrupador Tarea": 1.02, "SOV_Fecha de la Tarea": "13/01/2026", "SOV_Observaciones": null, "SOV_Plan de Obra": null, "SOV_Fecha Recepcion Definitiva": null, "SOV_Fecha Recepcion Provisoria": null, "SOV_Fecha de Fin": null, "SOV_Fecha de Inicio": "01/01/2025", "SOV_Proveedor": null, "SOV_Responsable": null, "SOV_Cuadrilla": 3.0, "SOV_Unidad": 425, "SOV_Calle Hasta": "CNO DR FRANCISCO AZAROLA", "SOV_Calle Desde": "RUTA NAL 5 BRIG GRAL F RIVERA", "SOV_Calle Principal": "DE LA REDENCION CAMINO", "SOV_CCZ": 12, "SOV_Resolucion": null, "SOV_Contrato": null, "SOV_Proyecto": null, "SOV_Modalidad": 3, "SOV_Descripcion de la Obra": null, "SOV_Nro. de Obra (interno)": 91512 }, "geometry": { "type": "MultiLineString", "coordinates": [ [ [ -56.265057011508709, -34.800337890508082 ], [ -56.26556771229076, -34.800108018525052 ] ] ] } },
{ "type": "Feature", "properties": { "fid": 26516, "nom_calle": "CNO DE LA REDENCION", "cod_depto": 1, "cod_locali": 20, "gid": 106174922.0, "cod_nombre": 5889, "tipo": "CAMINO", "SOV_Costo Unitario": null, "SOV_Unidad de la Tarea": "m2", "SOV_Nombre Tarea": "BACHEO ASFALTICO SUPERFICIAL", "SOV_Codigo de Tarea": 2, "SOV_Codigo de Calle Ppal.": 5889, "SOV_Codigo de Calle Desde": 9810, "SOV_Codigo de Calle Hasta": 711, "SOV_Descripción Modalidad": "ADMINISTRACION", "SOV_Nombre Proveedor": null, "SOV_Nombre Cuadrilla": "CUADRILLA 9", "SOV_Nombre de Unidad": "MANTENIMIENTO VIAL", "SOV_Codigo de Unidad": 425, "SOV_Costo de la Tarea": null, "SOV_Cantidad de la Tarea": 47.25, "SOV_Agrupador Tarea": 1.02, "SOV_Fecha de la Tarea": "13/01/2026", "SOV_Observaciones": null, "SOV_Plan de Obra": null, "SOV_Fecha Recepcion Definitiva": null, "SOV_Fecha Recepcion Provisoria": null, "SOV_Fecha de Fin": null, "SOV_Fecha de Inicio": "01/01/2025", "SOV_Proveedor": null, "SOV_Responsable": null, "SOV_Cuadrilla": 3.0, "SOV_Unidad": 425, "SOV_Calle Hasta": "CNO DR FRANCISCO AZAROLA", "SOV_Calle Desde": "RUTA NAL 5 BRIG GRAL F RIVERA", "SOV_Calle Principal": "DE LA REDENCION CAMINO", "SOV_CCZ": 12, "SOV_Resolucion": null, "SOV_Contrato": null, "SOV_Proyecto": null, "SOV_Modalidad": 3, "SOV_Descripcion de la Obra": null, "SOV_Nro. de Obra (interno)": 91512 }, "geometry": { "type": "MultiLineString", "coordinates": [ [ [ -56.265057011508709, -34.800337890508082 ], [ -56.264925507743975, -34.800381153524498 ], [ -56.264900243397527, -34.800386673528742 ], [ -56.26487576361167, -34.800389865711828 ], [ -56.26486680054208, -34.80039042802759 ], [ -56.264857827121759, -34.800390863774382 ], [ -56.264848845977298, -34.800391172824682 ], [ -56.264839859737499, -34.800391355088017 ], [ -56.264830871032714, -34.80039141051104 ], [ -56.264821882493976, -34.800391339077564 ], [ -56.264812896752289, -34.800391140808451 ], [ -56.264803916437849, -34.800390815761752 ], [ -56.264794944179229, -34.800390364032609 ], [ -56.264785982602668, -34.800389785753261 ], [ -56.264777034331274, -34.800389081092952 ], [ -56.264768101984266, -34.80038825025796 ], [ -56.264759188176185, -34.800387293491454 ], [ -56.264750295516166, -34.800386211073516 ], [ -56.264741426607138, -34.800385003320962 ], [ -56.26473258404507, -34.800383670587308 ], [ -56.26472377041825, -34.800382213262651 ], [ -56.264714988306473, -34.800380631773542 ], [ -56.264706240280312, -34.800378926582923 ], [ -56.264697528900349, -34.800377098189912 ], [ -56.264688856716475, -34.800375147129671 ], [ -56.264680226267075, -34.800373073973304 ], [ -56.264671640078333, -34.800370879327623 ], [ -56.264663100663469, -34.800368563835029 ], [ -56.264654610522015, -34.800366128173266 ], [ -56.264646172139088, -34.800363573055257 ], [ -56.264637787984633, -34.800360899228941 ], [ -56.264629460512744, -34.800358107476917 ], [ -56.264621192160909, -34.80035519861638 ], [ -56.264612985349316, -34.800352173498766 ], [ -56.264595465799971, -34.800346292914902 ], [ -56.264433420527858, -34.800298939192466 ] ] ] } },
{ "type": "Feature", "properties": { "fid": 26576, "nom_calle": "CNO DE LA REDENCION", "cod_depto": 1, "cod_locali": 20, "gid": 106174992.0, "cod_nombre": 5889, "tipo": "CAMINO", "SOV_Costo Unitario": null, "SOV_Unidad de la Tarea": "m2", "SOV_Nombre Tarea": "BACHEO ASFALTICO SUPERFICIAL", "SOV_Codigo de Tarea": 2, "SOV_Codigo de Calle Ppal.": 5889, "SOV_Codigo de Calle Desde": 9810, "SOV_Codigo de Calle Hasta": 711, "SOV_Descripción Modalidad": "ADMINISTRACION", "SOV_Nombre Proveedor": null, "SOV_Nombre Cuadrilla": "CUADRILLA 9", "SOV_Nombre de Unidad": "MANTENIMIENTO VIAL", "SOV_Codigo de Unidad": 425, "SOV_Costo de la Tarea": null, "SOV_Cantidad de la Tarea": 47.25, "SOV_Agrupador Tarea": 1.02, "SOV_Fecha de la Tarea": "13/01/2026", "SOV_Observaciones": null, "SOV_Plan de Obra": null, "SOV_Fecha Recepcion Definitiva": null, "SOV_Fecha Recepcion Provisoria": null, "SOV_Fecha de Fin": null, "SOV_Fecha de Inicio": "01/01/2025", "SOV_Proveedor": null, "SOV_Responsable": null, "SOV_Cuadrilla": 3.0, "SOV_Unidad": 425, "SOV_Calle Hasta": "CNO DR FRANCISCO AZAROLA", "SOV_Calle Desde": "RUTA NAL 5 BRIG GRAL F RIVERA", "SOV_Calle Principal": "DE LA REDENCION CAMINO", "SOV_CCZ": 12, "SOV_Resolucion": null, "SOV_Contrato": null, "SOV_Proyecto": null, "SOV_Modalidad": 3, "SOV_Descripcion de la Obra": null, "SOV_Nro. de Obra (interno)": 91512 }, "geometry": { "type": "MultiLineString", "coordinates": [ [ [ -56.285330477892714, -34.791302600705997 ], [ -56.284100047057983, -34.791854765718462 ] ] ] } },
{ "type": "Feature", "properties": { "fid": 26603, "nom_calle": "CNO DE LA REDENCION", "cod_depto": 1, "cod_locali": 20, "gid": 106175019.0, "cod_nombre": 5889, "tipo": "CAMINO", "SOV_Costo Unitario": null, "SOV_Unidad de la Tarea": "m2", "SOV_Nombre Tarea": "BACHEO ASFALTICO SUPERFICIAL", "SOV_Codigo de Tarea": 2, "SOV_Codigo de Calle Ppal.": 5889, "SOV_Codigo de Calle Desde": 9810, "SOV_Codigo de Calle Hasta": 711, "SOV_Descripción Modalidad": "ADMINISTRACION", "SOV_Nombre Proveedor": null, "SOV_Nombre Cuadrilla": "CUADRILLA 9", "SOV_Nombre de Unidad": "MANTENIMIENTO VIAL", "SOV_Codigo de Unidad": 425, "SOV_Costo de la Tarea": null, "SOV_Cantidad de la Tarea": 47.25, "SOV_Agrupador Tarea": 1.02, "SOV_Fecha de la Tarea": "13/01/2026", "SOV_Observaciones": null, "SOV_Plan de Obra": null, "SOV_Fecha Recepcion Definitiva": null, "SOV_Fecha Recepcion Provisoria": null, "SOV_Fecha de Fin": null, "SOV_Fecha de Inicio": "01/01/2025", "SOV_Proveedor": null, "SOV_Responsable": null, "SOV_Cuadrilla": 3.0, "SOV_Unidad": 425, "SOV_Calle Hasta": "CNO DR FRANCISCO AZAROLA", "SOV_Calle Desde": "RUTA NAL 5 BRIG GRAL F RIVERA", "SOV_Calle Principal": "DE LA REDENCION CAMINO", "SOV_CCZ": 12, "SOV_Resolucion": null, "SOV_Contrato": null, "SOV_Proyecto": null, "SOV_Modalidad": 3, "SOV_Descripcion de la Obra": null, "SOV_Nro. de Obra (interno)": 91512 }, "geometry": { "type": "MultiLineString", "coordinates": [ [ [ -56.299031082799466, -34.769249761319536 ], [ -56.299685132925141, -34.76556498741239 ] ] ] } },
{ "type": "Feature", "properties": { "fid": 26604, "nom_calle": "CNO DE LA REDENCION", "cod_depto": 1, "cod_locali": 20, "gid": 106175020.0, "cod_nombre": 5889, "tipo": "CAMINO", "SOV_Costo Unitario": null, "SOV_Unidad de la Tarea": "m2", "SOV_Nombre Tarea": "BACHEO ASFALTICO SUPERFICIAL", "SOV_Codigo de Tarea": 2, "SOV_Codigo de Calle Ppal.": 5889, "SOV_Codigo de Calle Desde": 9810, "SOV_Codigo de Calle Hasta": 711, "SOV_Descripción Modalidad": "ADMINISTRACION", "SOV_Nombre Proveedor": null, "SOV_Nombre Cuadrilla": "CUADRILLA 9", "SOV_Nombre de Unidad": "MANTENIMIENTO VIAL", "SOV_Codigo de Unidad": 425, "SOV_Costo de la Tarea": null, "SOV_Cantidad de la Tarea": 47.25, "SOV_Agrupador Tarea": 1.02, "SOV_Fecha de la Tarea": "13/01/2026", "SOV_Observaciones": null, "SOV_Plan de Obra": null, "SOV_Fecha Recepcion Definitiva": null, "SOV_Fecha Recepcion Provisoria": null, "SOV_Fecha de Fin": null, "SOV_Fecha de Inicio": "01/01/2025", "SOV_Proveedor": null, "SOV_Responsable": null, "SOV_Cuadrilla": 3.0, "SOV_Unidad": 425, "SOV_Calle Hasta": "CNO DR FRANCISCO AZAROLA", "SOV_Calle Desde": "RUTA NAL 5 BRIG GRAL F RIVERA", "SOV_Calle Principal": "DE LA REDENCION CAMINO", "SOV_CCZ": 12, "SOV_Resolucion": null, "SOV_Contrato": null, "SOV_Proyecto": null, "SOV_Modalidad": 3, "SOV_Descripcion de la Obra": null, "SOV_Nro. de Obra (interno)": 91512 }, "geometry": { "type": "MultiLineString", "coordinates": [ [ [ -56.297800751672021, -34.774054839226793 ], [ -56.298021212979869, -34.773339187873326 ], [ -56.298101333965661, -34.773089449447703 ], [ -56.298178375259326, -34.772839052134429 ], [ -56.298258821739431, -34.772559761766956 ], [ -56.298345143684372, -34.772281668389674 ], [ -56.298437314912867, -34.772004856158688 ], [ -56.298505252055961, -34.771788150209588 ], [ -56.298569925036759, -34.771570765317669 ], [ -56.298641523546642, -34.771284153894356 ], [ -56.298709338237785, -34.770996916566659 ], [ -56.298746812141424, -34.770781722124973 ], [ -56.298786814172509, -34.770566837793176 ], [ -56.298874738168536, -34.770097849162077 ], [ -56.298896780308183, -34.769965773395846 ], [ -56.298920884646435, -34.769833943170163 ], [ -56.298947047164738, -34.769702380409413 ], [ -56.298987329322642, -34.769464402922843 ] ] ] } },
{ "type": "Feature", "properties": { "fid": 26637, "nom_calle": "CNO DE LOS ORIENTALES", "cod_depto": 1, "cod_locali": 20, "gid": 106175057.0, "cod_nombre": 4974, "tipo": "CAMINO", "SOV_Costo Unitario": null, "SOV_Unidad de la Tarea": "m", "SOV_Nombre Tarea": "BANQUINAS EN TOSCA CEMENTO", "SOV_Codigo de Tarea": 54, "SOV_Codigo de Calle Ppal.": 4974, "SOV_Codigo de Calle Desde": 5366, "SOV_Codigo de Calle Hasta": 5601, "SOV_Descripción Modalidad": "ADMINISTRACION", "SOV_Nombre Proveedor": null, "SOV_Nombre Cuadrilla": "CUADRILLA 9", "SOV_Nombre de Unidad": "MANTENIMIENTO VIAL", "SOV_Codigo de Unidad": 425, "SOV_Costo de la Tarea": null, "SOV_Cantidad de la Tarea": 5.0, "SOV_Agrupador Tarea": 3.07, "SOV_Fecha de la Tarea": "12/01/2026", "SOV_Observaciones": null, "SOV_Plan de Obra": null, "SOV_Fecha Recepcion Definitiva": null, "SOV_Fecha Recepcion Provisoria": null, "SOV_Fecha de Fin": null, "SOV_Fecha de Inicio": "01/01/2025", "SOV_Proveedor": null, "SOV_Responsable": null, "SOV_Cuadrilla": 3.0, "SOV_Unidad": 425, "SOV_Calle Hasta": "EL POLVORIN CAMINO", "SOV_Calle Desde": "PEREZ CAMINO LUIS EDUARDO", "SOV_Calle Principal": "DE LOS ORIENTALES CAMINO", "SOV_CCZ": 18, "SOV_Resolucion": null, "SOV_Contrato": null, "SOV_Proyecto": null, "SOV_Modalidad": 3, "SOV_Descripcion de la Obra": null, "SOV_Nro. de Obra (interno)": 91510 }, "geometry": { "type": "MultiLineString", "coordinates": [ [ [ -56.295678418583677, -34.80175313554696 ], [ -56.296945448166525, -34.803686362225378 ], [ -56.297442202521019, -34.804381337659869 ] ] ] } },
{ "type": "Feature", "properties": { "fid": 26646, "nom_calle": "CNO DE LOS ORIENTALES", "cod_depto": 1, "cod_locali": 20, "gid": 106175066.0, "cod_nombre": 4974, "tipo": "CAMINO", "SOV_Costo Unitario": null, "SOV_Unidad de la Tarea": "m", "SOV_Nombre Tarea": "BANQUINAS EN TOSCA CEMENTO", "SOV_Codigo de Tarea": 54, "SOV_Codigo de Calle Ppal.": 4974, "SOV_Codigo de Calle Desde": 5366, "SOV_Codigo de Calle Hasta": 5601, "SOV_Descripción Modalidad": "ADMINISTRACION", "SOV_Nombre Proveedor": null, "SOV_Nombre Cuadrilla": "CUADRILLA 9", "SOV_Nombre de Unidad": "MANTENIMIENTO VIAL", "SOV_Codigo de Unidad": 425, "SOV_Costo de la Tarea": null, "SOV_Cantidad de la Tarea": 5.0, "SOV_Agrupador Tarea": 3.07, "SOV_Fecha de la Tarea": "12/01/2026", "SOV_Observaciones": null, "SOV_Plan de Obra": null, "SOV_Fecha Recepcion Definitiva": null, "SOV_Fecha Recepcion Provisoria": null, "SOV_Fecha de Fin": null, "SOV_Fecha de Inicio": "01/01/2025", "SOV_Proveedor": null, "SOV_Responsable": null, "SOV_Cuadrilla": 3.0, "SOV_Unidad": 425, "SOV_Calle Hasta": "EL POLVORIN CAMINO", "SOV_Calle Desde": "PEREZ CAMINO LUIS EDUARDO", "SOV_Calle Principal": "DE LOS ORIENTALES CAMINO", "SOV_CCZ": 18, "SOV_Resolucion": null, "SOV_Contrato": null, "SOV_Proyecto": null, "SOV_Modalidad": 3, "SOV_Descripcion de la Obra": null, "SOV_Nro. de Obra (interno)": 91510 }, "geometry": { "type": "MultiLineString", "coordinates": [ [ [ -56.292426136043851, -34.796800279670002 ], [ -56.295678418583677, -34.80175313554696 ] ] ] } },
{ "type": "Feature", "properties": { "fid": 26668, "nom_calle": "CNO DE LA REDENCION", "cod_depto": 1, "cod_locali": 20, "gid": 106175090.0, "cod_nombre": 5889, "tipo": "CAMINO", "SOV_Costo Unitario": null, "SOV_Unidad de la Tarea": "m2", "SOV_Nombre Tarea": "BACHEO ASFALTICO SUPERFICIAL", "SOV_Codigo de Tarea": 2, "SOV_Codigo de Calle Ppal.": 5889, "SOV_Codigo de Calle Desde": 9810, "SOV_Codigo de Calle Hasta": 711, "SOV_Descripción Modalidad": "ADMINISTRACION", "SOV_Nombre Proveedor": null, "SOV_Nombre Cuadrilla": "CUADRILLA 9", "SOV_Nombre de Unidad": "MANTENIMIENTO VIAL", "SOV_Codigo de Unidad": 425, "SOV_Costo de la Tarea": null, "SOV_Cantidad de la Tarea": 47.25, "SOV_Agrupador Tarea": 1.02, "SOV_Fecha de la Tarea": "13/01/2026", "SOV_Observaciones": null, "SOV_Plan de Obra": null, "SOV_Fecha Recepcion Definitiva": null, "SOV_Fecha Recepcion Provisoria": null, "SOV_Fecha de Fin": null, "SOV_Fecha de Inicio": "01/01/2025", "SOV_Proveedor": null, "SOV_Responsable": null, "SOV_Cuadrilla": 3.0, "SOV_Unidad": 425, "SOV_Calle Hasta": "CNO DR FRANCISCO AZAROLA", "SOV_Calle Desde": "RUTA NAL 5 BRIG GRAL F RIVERA", "SOV_Calle Principal": "DE LA REDENCION CAMINO", "SOV_CCZ": 12, "SOV_Resolucion": null, "SOV_Contrato": null, "SOV_Proyecto": null, "SOV_Modalidad": 3, "SOV_Descripcion de la Obra": null, "SOV_Nro. de Obra (interno)": 91512 }, "geometry": { "type": "MultiLineString", "coordinates": [ [ [ -56.292274019306156, -34.785259768534097 ], [ -56.292184389348101, -34.785375008725175 ], [ -56.292092466836323, -34.785489013144961 ], [ -56.29199827678854, -34.785601750754495 ], [ -56.291901844840083, -34.785713190859603 ], [ -56.291295920249631, -34.786383156251205 ], [ -56.288332212966132, -34.789710666506856 ], [ -56.288299338216454, -34.789745387188646 ], [ -56.288265747574123, -34.789779638349358 ], [ -56.288231450889313, -34.789813409944273 ], [ -56.288196458219296, -34.78984669206929 ], [ -56.288160779825482, -34.78987947496384 ], [ -56.288124426170427, -34.789911749013719 ], [ -56.288087407914745, -34.789943504753978 ], [ -56.288049735914022, -34.78997473287167 ], [ -56.288011421215572, -34.790005424208552 ], [ -56.287972475055248, -34.790035569763795 ], [ -56.287932908854131, -34.790065160696614 ] ] ] } },
{ "type": "Feature", "properties": { "fid": 26675, "nom_calle": "CNO DE LA REDENCION", "cod_depto": 1, "cod_locali": 20, "gid": 106175095.0, "cod_nombre": 5889, "tipo": "CAMINO", "SOV_Costo Unitario": null, "SOV_Unidad de la Tarea": "m2", "SOV_Nombre Tarea": "BACHEO ASFALTICO SUPERFICIAL", "SOV_Codigo de Tarea": 2, "SOV_Codigo de Calle Ppal.": 5889, "SOV_Codigo de Calle Desde": 9810, "SOV_Codigo de Calle Hasta": 711, "SOV_Descripción Modalidad": "ADMINISTRACION", "SOV_Nombre Proveedor": null, "SOV_Nombre Cuadrilla": "CUADRILLA 9", "SOV_Nombre de Unidad": "MANTENIMIENTO VIAL", "SOV_Codigo de Unidad": 425, "SOV_Costo de la Tarea": null, "SOV_Cantidad de la Tarea": 47.25, "SOV_Agrupador Tarea": 1.02, "SOV_Fecha de la Tarea": "13/01/2026", "SOV_Observaciones": null, "SOV_Plan de Obra": null, "SOV_Fecha Recepcion Definitiva": null, "SOV_Fecha Recepcion Provisoria": null, "SOV_Fecha de Fin": null, "SOV_Fecha de Inicio": "01/01/2025", "SOV_Proveedor": null, "SOV_Responsable": null, "SOV_Cuadrilla": 3.0, "SOV_Unidad": 425, "SOV_Calle Hasta": "CNO DR FRANCISCO AZAROLA", "SOV_Calle Desde": "RUTA NAL 5 BRIG GRAL F RIVERA", "SOV_Calle Principal": "DE LA REDENCION CAMINO", "SOV_CCZ": 12, "SOV_Resolucion": null, "SOV_Contrato": null, "SOV_Proyecto": null, "SOV_Modalidad": 3, "SOV_Descripcion de la Obra": null, "SOV_Nro. de Obra (interno)": 91512 }, "geometry": { "type": "MultiLineString", "coordinates": [ [ [ -56.287932908854131, -34.790065160696614 ], [ -56.287892734215163, -34.790094188328872 ], [ -56.28785689210185, -34.790119925716525 ], [ -56.287820545439843, -34.790145176945849 ], [ -56.287783703916709, -34.790169935286244 ], [ -56.287746377351901, -34.790194194138564 ], [ -56.287708575694204, -34.790217947036751 ], [ -56.287670309019063, -34.790241187649585 ], [ -56.287631587525894, -34.790263909782418 ], [ -56.287592421535372, -34.79028610737879 ], [ -56.28755282148667, -34.790307774522063 ], [ -56.287512797934674, -34.79032890543693 ], [ -56.287472361547209, -34.790349494491082 ], [ -56.287431523102121, -34.790369536196572 ], [ -56.287390293484471, -34.79038902521139 ], [ -56.287348683683611, -34.790407956340808 ], [ -56.287306704790247, -34.790426324538828 ], [ -56.285330477892714, -34.791302600705997 ] ] ] } },
{ "type": "Feature", "properties": { "fid": 26962, "nom_calle": "CARLIN BERTOLOTTI", "cod_depto": 1, "cod_locali": 20, "gid": 106175395.0, "cod_nombre": 8062, "tipo": "CALLE", "SOV_Costo Unitario": null, "SOV_Unidad de la Tarea": "m2", "SOV_Nombre Tarea": "BACHEO ASFALTICO SUPERFICIAL", "SOV_Codigo de Tarea": 2, "SOV_Codigo de Calle Ppal.": 8062, "SOV_Codigo de Calle Desde": 6350, "SOV_Codigo de Calle Hasta": 8063, "SOV_Descripción Modalidad": "ADMINISTRACION", "SOV_Nombre Proveedor": null, "SOV_Nombre Cuadrilla": "CUADRILLA 9", "SOV_Nombre de Unidad": "MANTENIMIENTO VIAL", "SOV_Codigo de Unidad": 425, "SOV_Costo de la Tarea": null, "SOV_Cantidad de la Tarea": 47.5, "SOV_Agrupador Tarea": 1.02, "SOV_Fecha de la Tarea": "15/01/2026", "SOV_Observaciones": null, "SOV_Plan de Obra": null, "SOV_Fecha Recepcion Definitiva": null, "SOV_Fecha Recepcion Provisoria": null, "SOV_Fecha de Fin": null, "SOV_Fecha de Inicio": "01/01/2025", "SOV_Proveedor": null, "SOV_Responsable": null, "SOV_Cuadrilla": 3.0, "SOV_Unidad": 425, "SOV_Calle Hasta": "CALLE 8063", "SOV_Calle Desde": "SANGUINETTI CAMINO", "SOV_Calle Principal": "CARLIN BERTOLOTTI", "SOV_CCZ": 18, "SOV_Resolucion": null, "SOV_Contrato": null, "SOV_Proyecto": null, "SOV_Modalidad": 3, "SOV_Descripcion de la Obra": null, "SOV_Nro. de Obra (interno)": 91520 }, "geometry": { "type": "MultiLineString", "coordinates": [ [ [ -56.374347087422855, -34.857126017576007 ], [ -56.372622220635378, -34.858016581487291 ] ] ] } },
{ "type": "Feature", "properties": { "fid": 26973, "nom_calle": "CARLIN BERTOLOTTI", "cod_depto": 1, "cod_locali": 20, "gid": 106175408.0, "cod_nombre": 8062, "tipo": "CALLE", "SOV_Costo Unitario": null, "SOV_Unidad de la Tarea": "m2", "SOV_Nombre Tarea": "BACHEO ASFALTICO SUPERFICIAL", "SOV_Codigo de Tarea": 2, "SOV_Codigo de Calle Ppal.": 8062, "SOV_Codigo de Calle Desde": 6350, "SOV_Codigo de Calle Hasta": 8063, "SOV_Descripción Modalidad": "ADMINISTRACION", "SOV_Nombre Proveedor": null, "SOV_Nombre Cuadrilla": "CUADRILLA 9", "SOV_Nombre de Unidad": "MANTENIMIENTO VIAL", "SOV_Codigo de Unidad": 425, "SOV_Costo de la Tarea": null, "SOV_Cantidad de la Tarea": 47.5, "SOV_Agrupador Tarea": 1.02, "SOV_Fecha de la Tarea": "15/01/2026", "SOV_Observaciones": null, "SOV_Plan de Obra": null, "SOV_Fecha Recepcion Definitiva": null, "SOV_Fecha Recepcion Provisoria": null, "SOV_Fecha de Fin": null, "SOV_Fecha de Inicio": "01/01/2025", "SOV_Proveedor": null, "SOV_Responsable": null, "SOV_Cuadrilla": 3.0, "SOV_Unidad": 425, "SOV_Calle Hasta": "CALLE 8063", "SOV_Calle Desde": "SANGUINETTI CAMINO", "SOV_Calle Principal": "CARLIN BERTOLOTTI", "SOV_CCZ": 18, "SOV_Resolucion": null, "SOV_Contrato": null, "SOV_Proyecto": null, "SOV_Modalidad": 3, "SOV_Descripcion de la Obra": null, "SOV_Nro. de Obra (interno)": 91520 }, "geometry": { "type": "MultiLineString", "coordinates": [ [ [ -56.374347087422855, -34.857126017576007 ], [ -56.375285955085388, -34.856622843337291 ] ] ] } },
{ "type": "Feature", "properties": { "fid": 29133, "nom_calle": "SERGIPE", "cod_depto": 1, "cod_locali": 20, "gid": 106177732.0, "cod_nombre": 6531, "tipo": "CALLE", "SOV_Costo Unitario": null, "SOV_Unidad de la Tarea": "m2", "SOV_Nombre Tarea": "BACHEO ASFALTICO SUPERFICIAL", "SOV_Codigo de Tarea": 2, "SOV_Codigo de Calle Ppal.": 6531, "SOV_Codigo de Calle Desde": 6822, "SOV_Codigo de Calle Hasta": 297, "SOV_Descripción Modalidad": "ADMINISTRACION", "SOV_Nombre Proveedor": null, "SOV_Nombre Cuadrilla": "CUADRILLA 9", "SOV_Nombre de Unidad": "MANTENIMIENTO VIAL", "SOV_Codigo de Unidad": 425, "SOV_Costo de la Tarea": null, "SOV_Cantidad de la Tarea": 61.5, "SOV_Agrupador Tarea": 1.02, "SOV_Fecha de la Tarea": "21/01/2026", "SOV_Observaciones": null, "SOV_Plan de Obra": null, "SOV_Fecha Recepcion Definitiva": null, "SOV_Fecha Recepcion Provisoria": null, "SOV_Fecha de Fin": null, "SOV_Fecha de Inicio": "01/01/2025", "SOV_Proveedor": null, "SOV_Responsable": null, "SOV_Cuadrilla": 3.0, "SOV_Unidad": 425, "SOV_Calle Hasta": "FLORENTINO AMEGHINO", "SOV_Calle Desde": "CARLOS TELLIER", "SOV_Calle Principal": "SERGIPE", "SOV_CCZ": 14, "SOV_Resolucion": null, "SOV_Contrato": null, "SOV_Proyecto": null, "SOV_Modalidad": 3, "SOV_Descripcion de la Obra": null, "SOV_Nro. de Obra (interno)": 91523 }, "geometry": { "type": "MultiLineString", "coordinates": [ [ [ -56.242490008277471, -34.852713025335269 ], [ -56.243101084803484, -34.853458463535624 ] ] ] } },
{ "type": "Feature", "properties": { "fid": 29158, "nom_calle": "SERGIPE", "cod_depto": 1, "cod_locali": 20, "gid": 106177758.0, "cod_nombre": 6531, "tipo": "CALLE", "SOV_Costo Unitario": null, "SOV_Unidad de la Tarea": "m2", "SOV_Nombre Tarea": "BACHEO ASFALTICO SUPERFICIAL", "SOV_Codigo de Tarea": 2, "SOV_Codigo de Calle Ppal.": 6531, "SOV_Codigo de Calle Desde": 6822, "SOV_Codigo de Calle Hasta": 297, "SOV_Descripción Modalidad": "ADMINISTRACION", "SOV_Nombre Proveedor": null, "SOV_Nombre Cuadrilla": "CUADRILLA 9", "SOV_Nombre de Unidad": "MANTENIMIENTO VIAL", "SOV_Codigo de Unidad": 425, "SOV_Costo de la Tarea": null, "SOV_Cantidad de la Tarea": 61.5, "SOV_Agrupador Tarea": 1.02, "SOV_Fecha de la Tarea": "21/01/2026", "SOV_Observaciones": null, "SOV_Plan de Obra": null, "SOV_Fecha Recepcion Definitiva": null, "SOV_Fecha Recepcion Provisoria": null, "SOV_Fecha de Fin": null, "SOV_Fecha de Inicio": "01/01/2025", "SOV_Proveedor": null, "SOV_Responsable": null, "SOV_Cuadrilla": 3.0, "SOV_Unidad": 425, "SOV_Calle Hasta": "FLORENTINO AMEGHINO", "SOV_Calle Desde": "CARLOS TELLIER", "SOV_Calle Principal": "SERGIPE", "SOV_CCZ": 14, "SOV_Resolucion": null, "SOV_Contrato": null, "SOV_Proyecto": null, "SOV_Modalidad": 3, "SOV_Descripcion de la Obra": null, "SOV_Nro. de Obra (interno)": 91523 }, "geometry": { "type": "MultiLineString", "coordinates": [ [ [ -56.243101084803484, -34.853458463535624 ], [ -56.243725933477911, -34.854220560750228 ] ] ] } },
{ "type": "Feature", "properties": { "fid": 29175, "nom_calle": "FLORENTINO AMEGHINO", "cod_depto": 1, "cod_locali": 20, "gid": 106177776.0, "cod_nombre": 297, "tipo": "CALLE", "SOV_Costo Unitario": null, "SOV_Unidad de la Tarea": "m2", "SOV_Nombre Tarea": "BACHEO ASFALTICO SUPERFICIAL", "SOV_Codigo de Tarea": 2, "SOV_Codigo de Calle Ppal.": 297, "SOV_Codigo de Calle Desde": 6531, "SOV_Codigo de Calle Hasta": 7596, "SOV_Descripción Modalidad": "ADMINISTRACION", "SOV_Nombre Proveedor": null, "SOV_Nombre Cuadrilla": "CUADRILLA 9", "SOV_Nombre de Unidad": "MANTENIMIENTO VIAL", "SOV_Codigo de Unidad": 425, "SOV_Costo de la Tarea": null, "SOV_Cantidad de la Tarea": 9.25, "SOV_Agrupador Tarea": 1.02, "SOV_Fecha de la Tarea": "14/01/2026", "SOV_Observaciones": null, "SOV_Plan de Obra": null, "SOV_Fecha Recepcion Definitiva": null, "SOV_Fecha Recepcion Provisoria": null, "SOV_Fecha de Fin": null, "SOV_Fecha de Inicio": "01/01/2025", "SOV_Proveedor": null, "SOV_Responsable": null, "SOV_Cuadrilla": 3.0, "SOV_Unidad": 425, "SOV_Calle Hasta": "EULOGIO CABALLERO", "SOV_Calle Desde": "SERGIPE", "SOV_Calle Principal": "FLORENTINO AMEGHINO", "SOV_CCZ": 14, "SOV_Resolucion": null, "SOV_Contrato": null, "SOV_Proyecto": null, "SOV_Modalidad": 3, "SOV_Descripcion de la Obra": null, "SOV_Nro. de Obra (interno)": 91516 }, "geometry": { "type": "MultiLineString", "coordinates": [ [ [ -56.242490008277471, -34.852713025335269 ], [ -56.243084994721073, -34.852378828239701 ], [ -56.243242335451633, -34.85227822745204 ] ] ] } },
{ "type": "Feature", "properties": { "fid": 29193, "nom_calle": "FLORENTINO AMEGHINO", "cod_depto": 1, "cod_locali": 20, "gid": 106177795.0, "cod_nombre": 297, "tipo": "CALLE", "SOV_Costo Unitario": null, "SOV_Unidad de la Tarea": "m2", "SOV_Nombre Tarea": "BACHEO ASFALTICO SUPERFICIAL", "SOV_Codigo de Tarea": 2, "SOV_Codigo de Calle Ppal.": 297, "SOV_Codigo de Calle Desde": 7596, "SOV_Codigo de Calle Hasta": 1206, "SOV_Descripción Modalidad": "ADMINISTRACION", "SOV_Nombre Proveedor": null, "SOV_Nombre Cuadrilla": "CUADRILLA 9", "SOV_Nombre de Unidad": "MANTENIMIENTO VIAL", "SOV_Codigo de Unidad": 425, "SOV_Costo de la Tarea": null, "SOV_Cantidad de la Tarea": 49.0, "SOV_Agrupador Tarea": 1.02, "SOV_Fecha de la Tarea": "19/01/2026", "SOV_Observaciones": null, "SOV_Plan de Obra": null, "SOV_Fecha Recepcion Definitiva": null, "SOV_Fecha Recepcion Provisoria": null, "SOV_Fecha de Fin": null, "SOV_Fecha de Inicio": "01/01/2025", "SOV_Proveedor": null, "SOV_Responsable": null, "SOV_Cuadrilla": 3.0, "SOV_Unidad": 425, "SOV_Calle Hasta": "CAÑAS", "SOV_Calle Desde": "EULOGIO CABALLERO", "SOV_Calle Principal": "FLORENTINO AMEGHINO", "SOV_CCZ": 14, "SOV_Resolucion": null, "SOV_Contrato": null, "SOV_Proyecto": null, "SOV_Modalidad": 3, "SOV_Descripcion de la Obra": null, "SOV_Nro. de Obra (interno)": 91521 }, "geometry": { "type": "MultiLineString", "coordinates": [ [ [ -56.243242335451633, -34.85227822745204 ], [ -56.243309374815638, -34.852229451533482 ] ] ] } },
{ "type": "Feature", "properties": { "fid": 29197, "nom_calle": "FLORENTINO AMEGHINO", "cod_depto": 1, "cod_locali": 20, "gid": 106177799.0, "cod_nombre": 297, "tipo": "CALLE", "SOV_Costo Unitario": null, "SOV_Unidad de la Tarea": "m2", "SOV_Nombre Tarea": "BACHEO ASFALTICO SUPERFICIAL", "SOV_Codigo de Tarea": 2, "SOV_Codigo de Calle Ppal.": 297, "SOV_Codigo de Calle Desde": 7596, "SOV_Codigo de Calle Hasta": 1206, "SOV_Descripción Modalidad": "ADMINISTRACION", "SOV_Nombre Proveedor": null, "SOV_Nombre Cuadrilla": "CUADRILLA 9", "SOV_Nombre de Unidad": "MANTENIMIENTO VIAL", "SOV_Codigo de Unidad": 425, "SOV_Costo de la Tarea": null, "SOV_Cantidad de la Tarea": 49.0, "SOV_Agrupador Tarea": 1.02, "SOV_Fecha de la Tarea": "19/01/2026", "SOV_Observaciones": null, "SOV_Plan de Obra": null, "SOV_Fecha Recepcion Definitiva": null, "SOV_Fecha Recepcion Provisoria": null, "SOV_Fecha de Fin": null, "SOV_Fecha de Inicio": "01/01/2025", "SOV_Proveedor": null, "SOV_Responsable": null, "SOV_Cuadrilla": 3.0, "SOV_Unidad": 425, "SOV_Calle Hasta": "CAÑAS", "SOV_Calle Desde": "EULOGIO CABALLERO", "SOV_Calle Principal": "FLORENTINO AMEGHINO", "SOV_CCZ": 14, "SOV_Resolucion": null, "SOV_Contrato": null, "SOV_Proyecto": null, "SOV_Modalidad": 3, "SOV_Descripcion de la Obra": null, "SOV_Nro. de Obra (interno)": 91521 }, "geometry": { "type": "MultiLineString", "coordinates": [ [ [ -56.243309374815638, -34.852229451533482 ], [ -56.243395312147413, -34.85217690797424 ], [ -56.24388326552593, -34.851889327867532 ], [ -56.243959673820747, -34.851851324103194 ] ] ] } },
{ "type": "Feature", "properties": { "fid": 29230, "nom_calle": "CAÑAS", "cod_depto": 1, "cod_locali": 20, "gid": 106177832.0, "cod_nombre": 1206, "tipo": "CALLE", "SOV_Costo Unitario": null, "SOV_Unidad de la Tarea": "m2", "SOV_Nombre Tarea": "BACHEO ASFALTICO SUPERFICIAL", "SOV_Codigo de Tarea": 2, "SOV_Codigo de Calle Ppal.": 1206, "SOV_Codigo de Calle Desde": 831, "SOV_Codigo de Calle Hasta": 297, "SOV_Descripción Modalidad": "ADMINISTRACION", "SOV_Nombre Proveedor": null, "SOV_Nombre Cuadrilla": "CUADRILLA 9", "SOV_Nombre de Unidad": "MANTENIMIENTO VIAL", "SOV_Codigo de Unidad": 425, "SOV_Costo de la Tarea": null, "SOV_Cantidad de la Tarea": 24.0, "SOV_Agrupador Tarea": 1.02, "SOV_Fecha de la Tarea": "15/01/2026", "SOV_Observaciones": null, "SOV_Plan de Obra": null, "SOV_Fecha Recepcion Definitiva": null, "SOV_Fecha Recepcion Provisoria": null, "SOV_Fecha de Fin": null, "SOV_Fecha de Inicio": "01/01/2025", "SOV_Proveedor": null, "SOV_Responsable": null, "SOV_Cuadrilla": 3.0, "SOV_Unidad": 425, "SOV_Calle Hasta": "FLORENTINO AMEGHINO", "SOV_Calle Desde": "AV LUIS BATLLE BERRES", "SOV_Calle Principal": "CAÑAS", "SOV_CCZ": 14, "SOV_Resolucion": null, "SOV_Contrato": null, "SOV_Proyecto": null, "SOV_Modalidad": 3, "SOV_Descripcion de la Obra": null, "SOV_Nro. de Obra (interno)": 91518 }, "geometry": { "type": "MultiLineString", "coordinates": [ [ [ -56.243242335451633, -34.85227822745204 ], [ -56.242991101565437, -34.851974842427715 ], [ -56.242951358759356, -34.851902025055644 ], [ -56.242776540119962, -34.851551222964687 ], [ -56.242727279008591, -34.851452371941541 ], [ -56.242672111580596, -34.851349205204897 ], [ -56.242576962686798, -34.851192957392009 ] ] ] } },
{ "type": "Feature", "properties": { "fid": 29234, "nom_calle": "CAÑAS", "cod_depto": 1, "cod_locali": 20, "gid": 106177836.0, "cod_nombre": 1206, "tipo": "CALLE", "SOV_Costo Unitario": null, "SOV_Unidad de la Tarea": "m2", "SOV_Nombre Tarea": "BACHEO ASFALTICO SUPERFICIAL", "SOV_Codigo de Tarea": 2, "SOV_Codigo de Calle Ppal.": 1206, "SOV_Codigo de Calle Desde": 831, "SOV_Codigo de Calle Hasta": 297, "SOV_Descripción Modalidad": "ADMINISTRACION", "SOV_Nombre Proveedor": null, "SOV_Nombre Cuadrilla": "CUADRILLA 9", "SOV_Nombre de Unidad": "MANTENIMIENTO VIAL", "SOV_Codigo de Unidad": 425, "SOV_Costo de la Tarea": null, "SOV_Cantidad de la Tarea": 24.0, "SOV_Agrupador Tarea": 1.02, "SOV_Fecha de la Tarea": "15/01/2026", "SOV_Observaciones": null, "SOV_Plan de Obra": null, "SOV_Fecha Recepcion Definitiva": null, "SOV_Fecha Recepcion Provisoria": null, "SOV_Fecha de Fin": null, "SOV_Fecha de Inicio": "01/01/2025", "SOV_Proveedor": null, "SOV_Responsable": null, "SOV_Cuadrilla": 3.0, "SOV_Unidad": 425, "SOV_Calle Hasta": "FLORENTINO AMEGHINO", "SOV_Calle Desde": "AV LUIS BATLLE BERRES", "SOV_Calle Principal": "CAÑAS", "SOV_CCZ": 14, "SOV_Resolucion": null, "SOV_Contrato": null, "SOV_Proyecto": null, "SOV_Modalidad": 3, "SOV_Descripcion de la Obra": null, "SOV_Nro. de Obra (interno)": 91518 }, "geometry": { "type": "MultiLineString", "coordinates": [ [ [ -56.242576962686798, -34.851192957392009 ], [ -56.242087337927458, -34.850606430400724 ] ] ] } },
{ "type": "Feature", "properties": { "fid": 31720, "nom_calle": "CNO DE LA REDENCION", "cod_depto": 1, "cod_locali": 20, "gid": 106180479.0, "cod_nombre": 5889, "tipo": "CAMINO", "SOV_Costo Unitario": null, "SOV_Unidad de la Tarea": "m2", "SOV_Nombre Tarea": "BACHEO ASFALTICO SUPERFICIAL", "SOV_Codigo de Tarea": 2, "SOV_Codigo de Calle Ppal.": 5889, "SOV_Codigo de Calle Desde": 9810, "SOV_Codigo de Calle Hasta": 711, "SOV_Descripción Modalidad": "ADMINISTRACION", "SOV_Nombre Proveedor": null, "SOV_Nombre Cuadrilla": "CUADRILLA 9", "SOV_Nombre de Unidad": "MANTENIMIENTO VIAL", "SOV_Codigo de Unidad": 425, "SOV_Costo de la Tarea": null, "SOV_Cantidad de la Tarea": 47.25, "SOV_Agrupador Tarea": 1.02, "SOV_Fecha de la Tarea": "13/01/2026", "SOV_Observaciones": null, "SOV_Plan de Obra": null, "SOV_Fecha Recepcion Definitiva": null, "SOV_Fecha Recepcion Provisoria": null, "SOV_Fecha de Fin": null, "SOV_Fecha de Inicio": "01/01/2025", "SOV_Proveedor": null, "SOV_Responsable": null, "SOV_Cuadrilla": 3.0, "SOV_Unidad": 425, "SOV_Calle Hasta": "CNO DR FRANCISCO AZAROLA", "SOV_Calle Desde": "RUTA NAL 5 BRIG GRAL F RIVERA", "SOV_Calle Principal": "DE LA REDENCION CAMINO", "SOV_CCZ": 12, "SOV_Resolucion": null, "SOV_Contrato": null, "SOV_Proyecto": null, "SOV_Modalidad": 3, "SOV_Descripcion de la Obra": null, "SOV_Nro. de Obra (interno)": 91512 }, "geometry": { "type": "MultiLineString", "coordinates": [ [ [ -56.296852045740977, -34.776374859233414 ], [ -56.297136740191938, -34.775824302584496 ], [ -56.297226696957125, -34.775636506569136 ], [ -56.297313984659212, -34.775447855014548 ], [ -56.297398591367802, -34.775258373744613 ], [ -56.297437741286736, -34.77516286568131 ], [ -56.297475203051235, -34.775066897753653 ], [ -56.29751096873747, -34.774970490275493 ], [ -56.297545030780704, -34.774873663653715 ], [ -56.2975773819769, -34.774776438383824 ], [ -56.297615876547631, -34.77466436138711 ], [ -56.297652344307451, -34.774551823856356 ], [ -56.297686777178562, -34.774438850744581 ], [ -56.297719167534446, -34.774325467101384 ], [ -56.297749508201569, -34.774211698067226 ] ] ] } },
{ "type": "Feature", "properties": { "fid": 31721, "nom_calle": "CNO DE LA REDENCION", "cod_depto": 1, "cod_locali": 20, "gid": 106180480.0, "cod_nombre": 5889, "tipo": "CAMINO", "SOV_Costo Unitario": null, "SOV_Unidad de la Tarea": "m2", "SOV_Nombre Tarea": "BACHEO ASFALTICO SUPERFICIAL", "SOV_Codigo de Tarea": 2, "SOV_Codigo de Calle Ppal.": 5889, "SOV_Codigo de Calle Desde": 9810, "SOV_Codigo de Calle Hasta": 711, "SOV_Descripción Modalidad": "ADMINISTRACION", "SOV_Nombre Proveedor": null, "SOV_Nombre Cuadrilla": "CUADRILLA 9", "SOV_Nombre de Unidad": "MANTENIMIENTO VIAL", "SOV_Codigo de Unidad": 425, "SOV_Costo de la Tarea": null, "SOV_Cantidad de la Tarea": 47.25, "SOV_Agrupador Tarea": 1.02, "SOV_Fecha de la Tarea": "13/01/2026", "SOV_Observaciones": null, "SOV_Plan de Obra": null, "SOV_Fecha Recepcion Definitiva": null, "SOV_Fecha Recepcion Provisoria": null, "SOV_Fecha de Fin": null, "SOV_Fecha de Inicio": "01/01/2025", "SOV_Proveedor": null, "SOV_Responsable": null, "SOV_Cuadrilla": 3.0, "SOV_Unidad": 425, "SOV_Calle Hasta": "CNO DR FRANCISCO AZAROLA", "SOV_Calle Desde": "RUTA NAL 5 BRIG GRAL F RIVERA", "SOV_Calle Principal": "DE LA REDENCION CAMINO", "SOV_CCZ": 12, "SOV_Resolucion": null, "SOV_Contrato": null, "SOV_Proyecto": null, "SOV_Modalidad": 3, "SOV_Descripcion de la Obra": null, "SOV_Nro. de Obra (interno)": 91512 }, "geometry": { "type": "MultiLineString", "coordinates": [ [ [ -56.292274019306156, -34.785259768534097 ], [ -56.29239259746344, -34.785077227922706 ], [ -56.292508247170439, -34.784893412988467 ], [ -56.292620948329784, -34.784708355705035 ], [ -56.292698161601685, -34.784572268929971 ], [ -56.292772910909036, -34.784435248975207 ], [ -56.292845179699803, -34.784297326203948 ], [ -56.292914951971831, -34.784158531179251 ], [ -56.292982212276449, -34.784018894657287 ], [ -56.293285659482848, -34.783426830656367 ], [ -56.293695957555386, -34.782612701003785 ], [ -56.293913027294437, -34.7821976613251 ], [ -56.294122898589158, -34.781780109246064 ], [ -56.294334643119797, -34.781349695443879 ], [ -56.294553050786625, -34.780921554525996 ], [ -56.294920605346363, -34.780193772253483 ], [ -56.295359862981456, -34.779320421430072 ], [ -56.295860050612639, -34.778333604492268 ], [ -56.296060384614577, -34.777932829320847 ], [ -56.296267172803553, -34.777534292484937 ], [ -56.296390572469193, -34.777278579187133 ], [ -56.296518685786232, -34.777024449090753 ], [ -56.296651482890468, -34.776771961350597 ], [ -56.296852045740977, -34.776374859233414 ] ] ] } },
{ "type": "Feature", "properties": { "fid": 32713, "nom_calle": "ANGEL SALVO", "cod_depto": 1, "cod_locali": 20, "gid": 106160249.0, "cod_nombre": 6270, "tipo": "CALLE", "SOV_Costo Unitario": null, "SOV_Unidad de la Tarea": "m2", "SOV_Nombre Tarea": "BACHEO ASFALTICO SUPERFICIAL", "SOV_Codigo de Tarea": 2, "SOV_Codigo de Calle Ppal.": 6270, "SOV_Codigo de Calle Desde": 4806, "SOV_Codigo de Calle Hasta": 4782, "SOV_Descripción Modalidad": "CONTRATO", "SOV_Nombre Proveedor": null, "SOV_Nombre Cuadrilla": null, "SOV_Nombre de Unidad": "MANTENIMIENTO VIAL", "SOV_Codigo de Unidad": 425, "SOV_Costo de la Tarea": null, "SOV_Cantidad de la Tarea": 17.55, "SOV_Agrupador Tarea": 1.02, "SOV_Fecha de la Tarea": "26/01/2026", "SOV_Observaciones": null, "SOV_Plan de Obra": null, "SOV_Fecha Recepcion Definitiva": null, "SOV_Fecha Recepcion Provisoria": null, "SOV_Fecha de Fin": null, "SOV_Fecha de Inicio": "26/05/2025", "SOV_Proveedor": null, "SOV_Responsable": null, "SOV_Cuadrilla": null, "SOV_Unidad": 425, "SOV_Calle Hasta": "PSJE NUEVA AURORA", "SOV_Calle Desde": "HERRERA Y OBES BULEVAR MANUEL", "SOV_Calle Principal": "SALVO ANGEL", "SOV_CCZ": 14, "SOV_Resolucion": null, "SOV_Contrato": 2077, "SOV_Proyecto": null, "SOV_Modalidad": 1, "SOV_Descripcion de la Obra": null, "SOV_Nro. de Obra (interno)": 91224 }, "geometry": { "type": "MultiLineString", "coordinates": [ [ [ -56.214885533283784, -34.861630659836251 ], [ -56.21462767965339, -34.861413675125291 ] ] ] } },
{ "type": "Feature", "properties": { "fid": 32714, "nom_calle": "ANGEL SALVO", "cod_depto": 1, "cod_locali": 20, "gid": 106160252.0, "cod_nombre": 6270, "tipo": "CALLE", "SOV_Costo Unitario": null, "SOV_Unidad de la Tarea": "m2", "SOV_Nombre Tarea": "BACHEO ASFALTICO SUPERFICIAL", "SOV_Codigo de Tarea": 2, "SOV_Codigo de Calle Ppal.": 6270, "SOV_Codigo de Calle Desde": 4806, "SOV_Codigo de Calle Hasta": 4782, "SOV_Descripción Modalidad": "CONTRATO", "SOV_Nombre Proveedor": null, "SOV_Nombre Cuadrilla": null, "SOV_Nombre de Unidad": "MANTENIMIENTO VIAL", "SOV_Codigo de Unidad": 425, "SOV_Costo de la Tarea": null, "SOV_Cantidad de la Tarea": 17.55, "SOV_Agrupador Tarea": 1.02, "SOV_Fecha de la Tarea": "26/01/2026", "SOV_Observaciones": null, "SOV_Plan de Obra": null, "SOV_Fecha Recepcion Definitiva": null, "SOV_Fecha Recepcion Provisoria": null, "SOV_Fecha de Fin": null, "SOV_Fecha de Inicio": "26/05/2025", "SOV_Proveedor": null, "SOV_Responsable": null, "SOV_Cuadrilla": null, "SOV_Unidad": 425, "SOV_Calle Hasta": "PSJE NUEVA AURORA", "SOV_Calle Desde": "HERRERA Y OBES BULEVAR MANUEL", "SOV_Calle Principal": "SALVO ANGEL", "SOV_CCZ": 14, "SOV_Resolucion": null, "SOV_Contrato": 2077, "SOV_Proyecto": null, "SOV_Modalidad": 1, "SOV_Descripcion de la Obra": null, "SOV_Nro. de Obra (interno)": 91224 }, "geometry": { "type": "MultiLineString", "coordinates": [ [ [ -56.215251409089291, -34.861838988139311 ], [ -56.215011914105823, -34.861706908385905 ], [ -56.214885533283784, -34.861630659836251 ] ] ] } }
]
}
